DATE,ID,PRCP
2025-02-01,US1NHBK0001,76.0
2025-02-02,US1NHBK0001,0.0
2025-02-03,US1NHBK0001,38.0
2025-02-04,US1NHBK0001,18.0
2025-02-05,US1NHBK0001,0.0
2025-02-06,US1NHBK0001,0.0
2025-02-07,US1NHBK0001,122.0
2025-02-08,US1NHBK0001,0.0
2025-02-09,US1NHBK0001,124.0
2025-02-10,US1NHBK0001,0.0
2025-02-11,US1NHBK0001,0.0
2025-02-12,US1NHBK0001,0.0
2025-02-13,US1NHBK0001,30.0
2025-02-14,US1NHBK0001,64.0
2025-02-15,US1NHBK0001,0.0
2025-02-16,US1NHBK0001,89.0
2025-02-17,US1NHBK0001,183.0
2025-02-18,US1NHBK0001,0.0
2025-02-19,US1NHBK0001,0.0
2025-02-20,US1NHBK0001,0.0
2025-02-21,US1NHBK0001,0.0
2025-02-22,US1NHBK0001,0.0
2025-02-23,US1NHBK0001,0.0
2025-02-24,US1NHBK0001,0.0
2025-02-25,US1NHBK0001,0.0
2025-02-26,US1NHBK0001,0.0
2025-02-27,US1NHBK0001,0.0
2025-02-28,US1NHBK0001,127.0
2025-03-01,US1NHBK0001,20.0
2025-03-02,US1NHBK0001,0.0
2025-03-03,US1NHBK0001,0.0
2025-03-04,US1NHBK0001,0.0
2025-03-05,US1NHBK0001,0.0
2025-03-06,US1NHBK0001,175.0
2025-03-07,US1NHBK0001,0.0
2025-03-08,US1NHBK0001,0.0
2025-03-09,US1NHBK0001,0.0
2025-03-10,US1NHBK0001,0.0
2025-03-11,US1NHBK0001,0.0
2025-03-12,US1NHBK0001,0.0
2025-03-13,US1NHBK0001,0.0
2025-03-14,US1NHBK0001,0.0
2025-03-15,US1NHBK0001,0.0
2025-03-16,US1NHBK0001,0.0
2025-03-17,US1NHBK0001,320.0
2025-03-18,US1NHBK0001,38.0
2025-03-19,US1NHBK0001,0.0
2025-03-20,US1NHBK0001,0.0
2025-03-21,US1NHBK0001,99.0
2025-03-22,US1NHBK0001,0.0
2025-03-23,US1NHBK0001,5.0
2025-03-24,US1NHBK0001,0.0
2025-03-25,US1NHBK0001,142.0
2025-02-01,US1NHBK0002,76.0
2025-02-02,US1NHBK0002,0.0
2025-02-03,US1NHBK0002,36.0
2025-02-04,US1NHBK0002,10.0
2025-02-05,US1NHBK0002,0.0
2025-02-06,US1NHBK0002,0.0
2025-02-07,US1NHBK0002,127.0
2025-02-08,US1NHBK0002,0.0
2025-02-09,US1NHBK0002,132.0
2025-02-10,US1NHBK0002,0.0
2025-02-11,US1NHBK0002,0.0
2025-02-12,US1NHBK0002,0.0
2025-02-13,US1NHBK0002,25.0
2025-02-14,US1NHBK0002,58.0
2025-02-15,US1NHBK0002,0.0
2025-02-16,US1NHBK0002,102.0
2025-02-17,US1NHBK0002,196.0
2025-02-18,US1NHBK0002,0.0
2025-02-19,US1NHBK0002,0.0
2025-02-20,US1NHBK0002,0.0
2025-02-22,US1NHBK0002,0.0
2025-02-23,US1NHBK0002,0.0
2025-02-24,US1NHBK0002,0.0
2025-02-25,US1NHBK0002,0.0
2025-02-26,US1NHBK0002,0.0
2025-02-27,US1NHBK0002,3.0
2025-02-28,US1NHBK0002,124.0
2025-03-01,US1NHBK0002,20.0
2025-03-02,US1NHBK0002,0.0
2025-03-03,US1NHBK0002,0.0
2025-03-04,US1NHBK0002,0.0
2025-03-05,US1NHBK0002,0.0
2025-03-06,US1NHBK0002,206.0
2025-03-07,US1NHBK0002,0.0
2025-03-08,US1NHBK0002,0.0
2025-03-09,US1NHBK0002,0.0
2025-03-10,US1NHBK0002,0.0
2025-03-11,US1NHBK0002,0.0
2025-03-12,US1NHBK0002,0.0
2025-03-13,US1NHBK0002,0.0
2025-03-14,US1NHBK0002,0.0
2025-03-15,US1NHBK0002,0.0
2025-03-16,US1NHBK0002,0.0
2025-03-17,US1NHBK0002,272.0
2025-03-18,US1NHBK0002,69.0
2025-03-19,US1NHBK0002,0.0
2025-03-21,US1NHBK0002,94.0
2025-03-22,US1NHBK0002,10.0
2025-03-23,US1NHBK0002,5.0
2025-03-24,US1NHBK0002,0.0
2025-03-25,US1NHBK0002,150.0
2025-02-01,US1NHBK0009,69.0
2025-02-02,US1NHBK0009,0.0
2025-02-03,US1NHBK0009,33.0
2025-02-04,US1NHBK0009,20.0
2025-02-05,US1NHBK0009,0.0
2025-02-06,US1NHBK0009,0.0
2025-02-07,US1NHBK0009,124.0
2025-02-08,US1NHBK0009,0.0
2025-02-09,US1NHBK0009,99.0
2025-02-10,US1NHBK0009,0.0
2025-02-11,US1NHBK0009,0.0
2025-02-12,US1NHBK0009,0.0
2025-02-13,US1NHBK0009,36.0
2025-02-14,US1NHBK0009,51.0
2025-02-15,US1NHBK0009,0.0
2025-02-16,US1NHBK0009,102.0
2025-02-17,US1NHBK0009,122.0
2025-02-18,US1NHBK0009,0.0
2025-02-19,US1NHBK0009,0.0
2025-02-20,US1NHBK0009,0.0
2025-02-21,US1NHBK0009,0.0
2025-02-22,US1NHBK0009,0.0
2025-02-23,US1NHBK0009,0.0
2025-02-24,US1NHBK0009,0.0
2025-02-25,US1NHBK0009,0.0
2025-02-26,US1NHBK0009,0.0
2025-02-27,US1NHBK0009,0.0
2025-02-28,US1NHBK0009,94.0
2025-03-01,US1NHBK0009,33.0
2025-03-02,US1NHBK0009,0.0
2025-03-03,US1NHBK0009,0.0
2025-03-04,US1NHBK0009,0.0
2025-03-05,US1NHBK0009,0.0
2025-03-06,US1NHBK0009,231.0
2025-03-07,US1NHBK0009,0.0
2025-03-08,US1NHBK0009,3.0
2025-03-09,US1NHBK0009,0.0
2025-03-10,US1NHBK0009,0.0
2025-03-11,US1NHBK0009,0.0
2025-03-12,US1NHBK0009,0.0
2025-03-13,US1NHBK0009,0.0
2025-03-14,US1NHBK0009,0.0
2025-03-15,US1NHBK0009,0.0
2025-03-16,US1NHBK0009,0.0
2025-03-17,US1NHBK0009,257.0
2025-03-18,US1NHBK0009,69.0
2025-03-19,US1NHBK0009,0.0
2025-03-20,US1NHBK0009,0.0
2025-03-21,US1NHBK0009,61.0
2025-03-22,US1NHBK0009,30.0
2025-03-23,US1NHBK0009,0.0
2025-03-24,US1NHBK0009,0.0
2025-03-25,US1NHBK0009,137.0
2025-02-01,US1NHBK0010,66.0
2025-02-02,US1NHBK0010,0.0
2025-02-03,US1NHBK0010,41.0
2025-02-04,US1NHBK0010,13.0
2025-02-06,US1NHBK0010,0.0
2025-02-07,US1NHBK0010,127.0
2025-02-08,US1NHBK0010,0.0
2025-02-09,US1NHBK0010,107.0
2025-02-10,US1NHBK0010,8.0
2025-02-11,US1NHBK0010,0.0
2025-02-12,US1NHBK0010,0.0
2025-02-13,US1NHBK0010,5.0
2025-02-14,US1NHBK0010,58.0
2025-02-15,US1NHBK0010,0.0
2025-02-16,US1NHBK0010,66.0
2025-02-17,US1NHBK0010,178.0
2025-02-18,US1NHBK0010,0.0
2025-02-19,US1NHBK0010,0.0
2025-02-20,US1NHBK0010,0.0
2025-02-21,US1NHBK0010,0.0
2025-02-22,US1NHBK0010,0.0
2025-02-23,US1NHBK0010,0.0
2025-02-24,US1NHBK0010,0.0
2025-02-25,US1NHBK0010,0.0
2025-02-26,US1NHBK0010,0.0
2025-02-27,US1NHBK0010,0.0
2025-02-28,US1NHBK0010,119.0
2025-03-01,US1NHBK0010,25.0
2025-03-02,US1NHBK0010,0.0
2025-03-03,US1NHBK0010,0.0
2025-03-04,US1NHBK0010,0.0
2025-03-05,US1NHBK0010,0.0
2025-03-06,US1NHBK0010,180.0
2025-03-07,US1NHBK0010,25.0
2025-03-08,US1NHBK0010,0.0
2025-03-09,US1NHBK0010,0.0
2025-03-10,US1NHBK0010,0.0
2025-03-11,US1NHBK0010,0.0
2025-03-12,US1NHBK0010,0.0
2025-03-13,US1NHBK0010,0.0
2025-03-14,US1NHBK0010,0.0
2025-03-15,US1NHBK0010,0.0
2025-03-16,US1NHBK0010,0.0
2025-03-17,US1NHBK0010,201.0
2025-03-18,US1NHBK0010,145.0
2025-03-19,US1NHBK0010,0.0
2025-03-20,US1NHBK0010,0.0
2025-03-21,US1NHBK0010,30.0
2025-03-22,US1NHBK0010,46.0
2025-03-23,US1NHBK0010,0.0
2025-03-24,US1NHBK0010,0.0
2025-03-25,US1NHBK0010,155.0
2025-02-01,US1NHBK0012,71.0
2025-02-03,US1NHBK0012,43.0
2025-02-04,US1NHBK0012,38.0
2025-02-07,US1NHBK0012,122.0
2025-02-10,US1NHBK0012,112.0
2025-02-14,US1NHBK0012,117.0
2025-02-16,US1NHBK0012,64.0
2025-02-17,US1NHBK0012,191.0
2025-02-28,US1NHBK0012,119.0
2025-03-17,US1NHBK0018,236.0
2025-03-18,US1NHBK0018,46.0
2025-03-19,US1NHBK0018,0.0
2025-02-01,US1NHBK0026,66.0
2025-02-02,US1NHBK0026,0.0
2025-02-03,US1NHBK0026,43.0
2025-02-04,US1NHBK0026,23.0
2025-02-05,US1NHBK0026,0.0
2025-02-06,US1NHBK0026,0.0
2025-02-07,US1NHBK0026,112.0
2025-02-08,US1NHBK0026,0.0
2025-02-09,US1NHBK0026,94.0
2025-02-10,US1NHBK0026,0.0
2025-02-11,US1NHBK0026,0.0
2025-02-12,US1NHBK0026,0.0
2025-02-13,US1NHBK0026,33.0
2025-02-14,US1NHBK0026,58.0
2025-02-15,US1NHBK0026,0.0
2025-02-16,US1NHBK0026,76.0
2025-02-17,US1NHBK0026,183.0
2025-02-18,US1NHBK0026,0.0
2025-02-19,US1NHBK0026,0.0
2025-02-20,US1NHBK0026,0.0
2025-02-21,US1NHBK0026,0.0
2025-02-22,US1NHBK0026,0.0
2025-02-23,US1NHBK0026,0.0
2025-02-24,US1NHBK0026,0.0
2025-02-25,US1NHBK0026,0.0
2025-02-26,US1NHBK0026,0.0
2025-02-27,US1NHBK0026,0.0
2025-02-28,US1NHBK0026,142.0
2025-03-01,US1NHBK0026,28.0
2025-03-02,US1NHBK0026,0.0
2025-03-03,US1NHBK0026,0.0
2025-03-04,US1NHBK0026,0.0
2025-03-05,US1NHBK0026,0.0
2025-03-07,US1NHBK0026,0.0
2025-03-08,US1NHBK0026,0.0
2025-03-09,US1NHBK0026,0.0
2025-03-10,US1NHBK0026,3.0
2025-03-11,US1NHBK0026,0.0
2025-03-12,US1NHBK0026,0.0
2025-03-17,US1NHBK0026,244.0
2025-03-18,US1NHBK0026,30.0
2025-03-19,US1NHBK0026,0.0
2025-03-20,US1NHBK0026,0.0
2025-03-21,US1NHBK0026,86.0
2025-03-22,US1NHBK0026,5.0
2025-03-23,US1NHBK0026,0.0
2025-03-24,US1NHBK0026,0.0
2025-03-25,US1NHBK0026,160.0
2025-02-01,US1NHBK0034,61.0
2025-02-02,US1NHBK0034,0.0
2025-02-03,US1NHBK0034,30.0
2025-02-04,US1NHBK0034,13.0
2025-02-05,US1NHBK0034,0.0
2025-02-06,US1NHBK0034,0.0
2025-02-07,US1NHBK0034,122.0
2025-02-08,US1NHBK0034,0.0
2025-02-09,US1NHBK0034,102.0
2025-02-10,US1NHBK0034,0.0
2025-02-11,US1NHBK0034,0.0
2025-02-12,US1NHBK0034,0.0
2025-02-13,US1NHBK0034,18.0
2025-02-14,US1NHBK0034,43.0
2025-02-15,US1NHBK0034,0.0
2025-02-16,US1NHBK0034,66.0
2025-02-17,US1NHBK0034,173.0
2025-02-18,US1NHBK0034,0.0
2025-02-19,US1NHBK0034,0.0
2025-02-20,US1NHBK0034,0.0
2025-02-21,US1NHBK0034,0.0
2025-02-22,US1NHBK0034,0.0
2025-02-23,US1NHBK0034,0.0
2025-02-24,US1NHBK0034,0.0
2025-02-25,US1NHBK0034,0.0
2025-02-26,US1NHBK0034,0.0
2025-02-27,US1NHBK0034,0.0
2025-02-28,US1NHBK0034,109.0
2025-03-01,US1NHBK0034,28.0
2025-03-02,US1NHBK0034,0.0
2025-03-03,US1NHBK0034,0.0
2025-03-04,US1NHBK0034,0.0
2025-03-05,US1NHBK0034,0.0
2025-03-06,US1NHBK0034,198.0
2025-03-07,US1NHBK0034,0.0
2025-03-08,US1NHBK0034,0.0
2025-03-09,US1NHBK0034,0.0
2025-03-10,US1NHBK0034,0.0
2025-03-11,US1NHBK0034,0.0
2025-03-12,US1NHBK0034,0.0
2025-03-13,US1NHBK0034,0.0
2025-03-14,US1NHBK0034,0.0
2025-03-15,US1NHBK0034,0.0
2025-03-16,US1NHBK0034,0.0
2025-03-17,US1NHBK0034,262.0
2025-03-18,US1NHBK0034,69.0
2025-03-19,US1NHBK0034,0.0
2025-03-20,US1NHBK0034,3.0
2025-03-21,US1NHBK0034,81.0
2025-03-22,US1NHBK0034,20.0
2025-03-23,US1NHBK0034,0.0
2025-03-24,US1NHBK0034,0.0
2025-03-25,US1NHBK0034,127.0
2025-02-01,US1NHCH0002,150.0
2025-02-02,US1NHCH0002,0.0
2025-02-03,US1NHCH0002,48.0
2025-02-04,US1NHCH0002,0.0
2025-02-05,US1NHCH0002,0.0
2025-02-06,US1NHCH0002,0.0
2025-02-07,US1NHCH0002,102.0
2025-02-08,US1NHCH0002,0.0
2025-02-09,US1NHCH0002,145.0
2025-02-10,US1NHCH0002,0.0
2025-02-11,US1NHCH0002,0.0
2025-02-12,US1NHCH0002,0.0
2025-02-13,US1NHCH0002,84.0
2025-02-14,US1NHCH0002,84.0
2025-02-15,US1NHCH0002,0.0
2025-02-16,US1NHCH0002,155.0
2025-02-17,US1NHCH0002,287.0
2025-02-18,US1NHCH0002,0.0
2025-02-19,US1NHCH0002,0.0
2025-02-20,US1NHCH0002,0.0
2025-02-21,US1NHCH0002,0.0
2025-02-22,US1NHCH0002,0.0
2025-02-23,US1NHCH0002,0.0
2025-02-24,US1NHCH0002,0.0
2025-02-25,US1NHCH0002,0.0
2025-02-26,US1NHCH0002,0.0
2025-02-27,US1NHCH0002,23.0
2025-02-28,US1NHCH0002,137.0
2025-03-01,US1NHCH0002,10.0
2025-03-02,US1NHCH0002,0.0
2025-03-03,US1NHCH0002,0.0
2025-03-04,US1NHCH0002,0.0
2025-03-05,US1NHCH0002,0.0
2025-03-06,US1NHCH0002,251.0
2025-03-07,US1NHCH0002,0.0
2025-03-08,US1NHCH0002,0.0
2025-03-09,US1NHCH0002,0.0
2025-03-10,US1NHCH0002,0.0
2025-03-11,US1NHCH0002,0.0
2025-03-12,US1NHCH0002,0.0
2025-03-13,US1NHCH0002,0.0
2025-03-14,US1NHCH0002,0.0
2025-03-15,US1NHCH0002,0.0
2025-03-16,US1NHCH0002,0.0
2025-03-17,US1NHCH0002,226.0
2025-03-18,US1NHCH0002,28.0
2025-03-19,US1NHCH0002,0.0
2025-03-20,US1NHCH0002,5.0
2025-03-21,US1NHCH0002,76.0
2025-03-22,US1NHCH0002,5.0
2025-03-23,US1NHCH0002,0.0
2025-03-24,US1NHCH0002,0.0
2025-03-25,US1NHCH0002,127.0
2025-02-01,US1NHCH0020,69.0
2025-02-02,US1NHCH0020,0.0
2025-02-03,US1NHCH0020,25.0
2025-02-04,US1NHCH0020,8.0
2025-02-05,US1NHCH0020,0.0
2025-02-06,US1NHCH0020,0.0
2025-02-07,US1NHCH0020,79.0
2025-02-08,US1NHCH0020,0.0
2025-02-09,US1NHCH0020,135.0
2025-02-10,US1NHCH0020,0.0
2025-02-11,US1NHCH0020,0.0
2025-02-12,US1NHCH0020,0.0
2025-02-13,US1NHCH0020,81.0
2025-02-14,US1NHCH0020,89.0
2025-02-15,US1NHCH0020,0.0
2025-02-16,US1NHCH0020,135.0
2025-02-17,US1NHCH0020,229.0
2025-02-18,US1NHCH0020,0.0
2025-02-19,US1NHCH0020,0.0
2025-02-20,US1NHCH0020,0.0
2025-02-21,US1NHCH0020,0.0
2025-02-22,US1NHCH0020,0.0
2025-02-23,US1NHCH0020,0.0
2025-02-24,US1NHCH0020,0.0
2025-02-25,US1NHCH0020,0.0
2025-02-26,US1NHCH0020,0.0
2025-02-27,US1NHCH0020,0.0
2025-02-28,US1NHCH0020,99.0
2025-03-01,US1NHCH0020,0.0
2025-03-02,US1NHCH0020,0.0
2025-03-03,US1NHCH0020,0.0
2025-03-04,US1NHCH0020,0.0
2025-03-05,US1NHCH0020,0.0
2025-03-06,US1NHCH0020,384.0
2025-03-07,US1NHCH0020,0.0
2025-03-08,US1NHCH0020,0.0
2025-03-09,US1NHCH0020,0.0
2025-03-10,US1NHCH0020,0.0
2025-03-11,US1NHCH0020,0.0
2025-03-12,US1NHCH0020,0.0
2025-03-13,US1NHCH0020,0.0
2025-03-14,US1NHCH0020,0.0
2025-03-15,US1NHCH0020,0.0
2025-03-16,US1NHCH0020,0.0
2025-03-17,US1NHCH0020,297.0
2025-03-18,US1NHCH0020,56.0
2025-03-19,US1NHCH0020,0.0
2025-03-20,US1NHCH0020,5.0
2025-03-21,US1NHCH0020,112.0
2025-03-22,US1NHCH0020,10.0
2025-03-23,US1NHCH0020,18.0
2025-03-25,US1NHCH0020,155.0
2025-02-01,US1NHCH0021,135.0
2025-02-02,US1NHCH0021,0.0
2025-02-03,US1NHCH0021,36.0
2025-02-04,US1NHCH0021,10.0
2025-02-05,US1NHCH0021,0.0
2025-02-06,US1NHCH0021,0.0
2025-02-07,US1NHCH0021,81.0
2025-02-08,US1NHCH0021,0.0
2025-02-09,US1NHCH0021,130.0
2025-02-10,US1NHCH0021,0.0
2025-02-11,US1NHCH0021,0.0
2025-02-12,US1NHCH0021,0.0
2025-02-13,US1NHCH0021,23.0
2025-02-14,US1NHCH0021,46.0
2025-02-15,US1NHCH0021,0.0
2025-02-16,US1NHCH0021,109.0
2025-02-17,US1NHCH0021,203.0
2025-02-18,US1NHCH0021,0.0
2025-02-19,US1NHCH0021,0.0
2025-02-20,US1NHCH0021,0.0
2025-02-21,US1NHCH0021,0.0
2025-02-22,US1NHCH0021,0.0
2025-02-23,US1NHCH0021,0.0
2025-02-24,US1NHCH0021,0.0
2025-02-25,US1NHCH0021,0.0
2025-02-26,US1NHCH0021,0.0
2025-02-27,US1NHCH0021,28.0
2025-02-28,US1NHCH0021,107.0
2025-03-01,US1NHCH0021,0.0
2025-03-02,US1NHCH0021,0.0
2025-03-03,US1NHCH0021,0.0
2025-03-04,US1NHCH0021,0.0
2025-03-05,US1NHCH0021,0.0
2025-03-06,US1NHCH0021,221.0
2025-03-07,US1NHCH0021,0.0
2025-03-08,US1NHCH0021,0.0
2025-03-09,US1NHCH0021,0.0
2025-03-10,US1NHCH0021,0.0
2025-03-11,US1NHCH0021,0.0
2025-03-12,US1NHCH0021,0.0
2025-03-13,US1NHCH0021,0.0
2025-03-14,US1NHCH0021,0.0
2025-03-15,US1NHCH0021,0.0
2025-03-16,US1NHCH0021,0.0
2025-03-17,US1NHCH0021,251.0
2025-03-18,US1NHCH0021,76.0
2025-03-19,US1NHCH0021,0.0
2025-03-20,US1NHCH0021,0.0
2025-03-21,US1NHCH0021,89.0
2025-03-22,US1NHCH0021,5.0
2025-03-23,US1NHCH0021,10.0
2025-03-24,US1NHCH0021,0.0
2025-03-25,US1NHCH0021,107.0
2025-02-01,US1NHCH0024,122.0
2025-02-02,US1NHCH0024,0.0
2025-02-03,US1NHCH0024,38.0
2025-02-04,US1NHCH0024,8.0
2025-02-05,US1NHCH0024,0.0
2025-02-06,US1NHCH0024,0.0
2025-02-07,US1NHCH0024,86.0
2025-02-08,US1NHCH0024,0.0
2025-02-09,US1NHCH0024,137.0
2025-02-10,US1NHCH0024,0.0
2025-02-11,US1NHCH0024,0.0
2025-02-12,US1NHCH0024,0.0
2025-02-13,US1NHCH0024,28.0
2025-02-14,US1NHCH0024,36.0
2025-02-15,US1NHCH0024,0.0
2025-02-16,US1NHCH0024,140.0
2025-02-17,US1NHCH0024,198.0
2025-02-18,US1NHCH0024,0.0
2025-02-19,US1NHCH0024,0.0
2025-02-20,US1NHCH0024,0.0
2025-02-21,US1NHCH0024,0.0
2025-02-22,US1NHCH0024,0.0
2025-02-23,US1NHCH0024,0.0
2025-02-24,US1NHCH0024,0.0
2025-02-25,US1NHCH0024,0.0
2025-02-26,US1NHCH0024,0.0
2025-02-27,US1NHCH0024,18.0
2025-02-28,US1NHCH0024,135.0
2025-03-01,US1NHCH0024,8.0
2025-03-02,US1NHCH0024,0.0
2025-03-03,US1NHCH0024,0.0
2025-03-04,US1NHCH0024,0.0
2025-03-05,US1NHCH0024,0.0
2025-03-06,US1NHCH0024,246.0
2025-03-07,US1NHCH0024,0.0
2025-03-08,US1NHCH0024,0.0
2025-03-09,US1NHCH0024,0.0
2025-03-10,US1NHCH0024,0.0
2025-03-11,US1NHCH0024,0.0
2025-03-12,US1NHCH0024,0.0
2025-03-13,US1NHCH0024,0.0
2025-03-14,US1NHCH0024,0.0
2025-03-15,US1NHCH0024,0.0
2025-03-16,US1NHCH0024,0.0
2025-03-17,US1NHCH0024,170.0
2025-03-18,US1NHCH0024,56.0
2025-03-19,US1NHCH0024,0.0
2025-03-20,US1NHCH0024,0.0
2025-03-21,US1NHCH0024,104.0
2025-03-22,US1NHCH0024,33.0
2025-03-23,US1NHCH0024,20.0
2025-03-24,US1NHCH0024,0.0
2025-03-25,US1NHCH0024,122.0
2025-02-01,US1NHCH0026,127.0
2025-02-02,US1NHCH0026,0.0
2025-02-03,US1NHCH0026,36.0
2025-02-04,US1NHCH0026,8.0
2025-02-05,US1NHCH0026,0.0
2025-02-06,US1NHCH0026,0.0
2025-02-07,US1NHCH0026,79.0
2025-02-08,US1NHCH0026,0.0
2025-02-09,US1NHCH0026,145.0
2025-02-10,US1NHCH0026,0.0
2025-02-11,US1NHCH0026,5.0
2025-02-13,US1NHCH0026,25.0
2025-02-14,US1NHCH0026,38.0
2025-02-15,US1NHCH0026,0.0
2025-02-16,US1NHCH0026,117.0
2025-02-17,US1NHCH0026,244.0
2025-02-18,US1NHCH0026,0.0
2025-02-19,US1NHCH0026,0.0
2025-02-20,US1NHCH0026,0.0
2025-02-21,US1NHCH0026,0.0
2025-02-22,US1NHCH0026,0.0
2025-02-23,US1NHCH0026,0.0
2025-02-24,US1NHCH0026,0.0
2025-02-25,US1NHCH0026,0.0
2025-02-26,US1NHCH0026,0.0
2025-02-27,US1NHCH0026,13.0
2025-02-28,US1NHCH0026,142.0
2025-03-01,US1NHCH0026,5.0
2025-03-02,US1NHCH0026,0.0
2025-03-03,US1NHCH0026,0.0
2025-03-04,US1NHCH0026,0.0
2025-03-05,US1NHCH0026,0.0
2025-03-06,US1NHCH0026,257.0
2025-03-07,US1NHCH0026,0.0
2025-03-08,US1NHCH0026,0.0
2025-03-09,US1NHCH0026,0.0
2025-03-12,US1NHCH0026,0.0
2025-03-13,US1NHCH0026,0.0
2025-03-14,US1NHCH0026,0.0
2025-03-15,US1NHCH0026,0.0
2025-03-16,US1NHCH0026,3.0
2025-03-17,US1NHCH0026,272.0
2025-03-18,US1NHCH0026,84.0
2025-03-19,US1NHCH0026,0.0
2025-03-20,US1NHCH0026,3.0
2025-03-21,US1NHCH0026,89.0
2025-03-22,US1NHCH0026,15.0
2025-03-23,US1NHCH0026,13.0
2025-03-24,US1NHCH0026,0.0
2025-03-25,US1NHCH0026,109.0
2025-02-01,US1NHCH0027,132.0
2025-02-02,US1NHCH0027,0.0
2025-02-03,US1NHCH0027,38.0
2025-02-04,US1NHCH0027,5.0
2025-02-05,US1NHCH0027,0.0
2025-02-06,US1NHCH0027,0.0
2025-02-07,US1NHCH0027,84.0
2025-02-08,US1NHCH0027,0.0
2025-02-09,US1NHCH0027,140.0
2025-02-10,US1NHCH0027,3.0
2025-02-11,US1NHCH0027,3.0
2025-02-12,US1NHCH0027,0.0
2025-02-13,US1NHCH0027,46.0
2025-02-14,US1NHCH0027,61.0
2025-02-15,US1NHCH0027,0.0
2025-02-16,US1NHCH0027,150.0
2025-02-19,US1NHCH0027,0.0
2025-02-20,US1NHCH0027,0.0
2025-02-21,US1NHCH0027,0.0
2025-02-22,US1NHCH0027,0.0
2025-02-23,US1NHCH0027,0.0
2025-02-24,US1NHCH0027,0.0
2025-02-25,US1NHCH0027,0.0
2025-02-26,US1NHCH0027,0.0
2025-02-27,US1NHCH0027,23.0
2025-02-28,US1NHCH0027,114.0
2025-03-01,US1NHCH0027,5.0
2025-03-10,US1NHCH0027,0.0
2025-03-11,US1NHCH0027,0.0
2025-03-12,US1NHCH0027,0.0
2025-03-13,US1NHCH0027,0.0
2025-03-14,US1NHCH0027,0.0
2025-03-15,US1NHCH0027,0.0
2025-03-16,US1NHCH0027,0.0
2025-03-17,US1NHCH0027,218.0
2025-03-18,US1NHCH0027,53.0
2025-03-19,US1NHCH0027,0.0
2025-03-20,US1NHCH0027,0.0
2025-03-21,US1NHCH0027,94.0
2025-03-22,US1NHCH0027,18.0
2025-03-23,US1NHCH0027,10.0
2025-03-24,US1NHCH0027,0.0
2025-03-25,US1NHCH0027,112.0
2025-02-01,US1NHCH0031,160.0
2025-02-02,US1NHCH0031,0.0
2025-02-03,US1NHCH0031,51.0
2025-02-04,US1NHCH0031,8.0
2025-02-05,US1NHCH0031,0.0
2025-02-06,US1NHCH0031,0.0
2025-02-07,US1NHCH0031,94.0
2025-02-08,US1NHCH0031,0.0
2025-02-09,US1NHCH0031,142.0
2025-02-10,US1NHCH0031,3.0
2025-02-11,US1NHCH0031,0.0
2025-02-12,US1NHCH0031,0.0
2025-02-13,US1NHCH0031,58.0
2025-02-14,US1NHCH0031,94.0
2025-02-15,US1NHCH0031,0.0
2025-02-16,US1NHCH0031,160.0
2025-02-17,US1NHCH0031,295.0
2025-02-18,US1NHCH0031,0.0
2025-02-19,US1NHCH0031,0.0
2025-02-20,US1NHCH0031,0.0
2025-02-21,US1NHCH0031,0.0
2025-02-22,US1NHCH0031,0.0
2025-02-23,US1NHCH0031,0.0
2025-02-24,US1NHCH0031,0.0
2025-02-25,US1NHCH0031,0.0
2025-02-26,US1NHCH0031,0.0
2025-02-27,US1NHCH0031,28.0
2025-02-28,US1NHCH0031,109.0
2025-03-01,US1NHCH0031,5.0
2025-03-02,US1NHCH0031,0.0
2025-03-03,US1NHCH0031,0.0
2025-03-04,US1NHCH0031,0.0
2025-03-05,US1NHCH0031,0.0
2025-03-06,US1NHCH0031,282.0
2025-03-07,US1NHCH0031,0.0
2025-03-08,US1NHCH0031,0.0
2025-03-11,US1NHCH0031,0.0
2025-03-12,US1NHCH0031,0.0
2025-03-13,US1NHCH0031,0.0
2025-03-14,US1NHCH0031,0.0
2025-03-15,US1NHCH0031,0.0
2025-03-16,US1NHCH0031,3.0
2025-03-17,US1NHCH0031,201.0
2025-03-18,US1NHCH0031,51.0
2025-03-19,US1NHCH0031,0.0
2025-03-20,US1NHCH0031,0.0
2025-03-24,US1NHCH0031,0.0
2025-03-25,US1NHCH0031,114.0
2025-02-01,US1NHCH0032,130.0
2025-02-03,US1NHCH0032,36.0
2025-02-11,US1NHCH0032,0.0
2025-02-21,US1NHCH0032,0.0
2025-02-22,US1NHCH0032,0.0
2025-02-23,US1NHCH0032,0.0
2025-02-24,US1NHCH0032,0.0
2025-02-25,US1NHCH0032,0.0
2025-02-26,US1NHCH0032,0.0
2025-02-27,US1NHCH0032,86.0
2025-02-28,US1NHCH0032,15.0
2025-03-01,US1NHCH0032,8.0
2025-03-02,US1NHCH0032,0.0
2025-03-03,US1NHCH0032,0.0
2025-03-04,US1NHCH0032,0.0
2025-03-05,US1NHCH0032,10.0
2025-03-06,US1NHCH0032,246.0
2025-03-07,US1NHCH0032,0.0
2025-03-08,US1NHCH0032,0.0
2025-03-09,US1NHCH0032,0.0
2025-03-10,US1NHCH0032,0.0
2025-03-11,US1NHCH0032,0.0
2025-03-12,US1NHCH0032,0.0
2025-03-13,US1NHCH0032,0.0
2025-03-14,US1NHCH0032,0.0
2025-03-15,US1NHCH0032,0.0
2025-03-16,US1NHCH0032,3.0
2025-03-17,US1NHCH0032,251.0
2025-03-18,US1NHCH0032,28.0
2025-03-19,US1NHCH0032,0.0
2025-03-20,US1NHCH0032,0.0
2025-03-21,US1NHCH0032,124.0
2025-03-22,US1NHCH0032,0.0
2025-03-23,US1NHCH0032,18.0
2025-03-24,US1NHCH0032,3.0
2025-03-25,US1NHCH0032,112.0
2025-02-01,US1NHCR0011,71.0
2025-02-02,US1NHCR0011,0.0
2025-02-03,US1NHCR0011,51.0
2025-02-04,US1NHCR0011,10.0
2025-02-05,US1NHCR0011,0.0
2025-02-06,US1NHCR0011,0.0
2025-02-07,US1NHCR0011,102.0
2025-02-08,US1NHCR0011,0.0
2025-02-09,US1NHCR0011,76.0
2025-02-10,US1NHCR0011,5.0
2025-02-11,US1NHCR0011,0.0
2025-02-12,US1NHCR0011,0.0
2025-02-13,US1NHCR0011,33.0
2025-02-14,US1NHCR0011,102.0
2025-02-15,US1NHCR0011,0.0
2025-02-16,US1NHCR0011,66.0
2025-02-17,US1NHCR0011,221.0
2025-02-18,US1NHCR0011,0.0
2025-02-19,US1NHCR0011,0.0
2025-02-20,US1NHCR0011,0.0
2025-02-21,US1NHCR0011,0.0
2025-02-22,US1NHCR0011,0.0
2025-02-23,US1NHCR0011,0.0
2025-02-24,US1NHCR0011,0.0
2025-02-25,US1NHCR0011,0.0
2025-02-26,US1NHCR0011,3.0
2025-02-27,US1NHCR0011,0.0
2025-02-28,US1NHCR0011,137.0
2025-03-01,US1NHCR0011,38.0
2025-03-02,US1NHCR0011,0.0
2025-03-03,US1NHCR0011,0.0
2025-03-04,US1NHCR0011,0.0
2025-03-05,US1NHCR0011,0.0
2025-03-06,US1NHCR0011,391.0
2025-03-07,US1NHCR0011,0.0
2025-03-08,US1NHCR0011,0.0
2025-03-09,US1NHCR0011,0.0
2025-03-10,US1NHCR0011,8.0
2025-03-11,US1NHCR0011,0.0
2025-03-12,US1NHCR0011,0.0
2025-03-13,US1NHCR0011,0.0
2025-03-14,US1NHCR0011,0.0
2025-03-15,US1NHCR0011,0.0
2025-03-16,US1NHCR0011,0.0
2025-03-17,US1NHCR0011,193.0
2025-03-18,US1NHCR0011,43.0
2025-03-19,US1NHCR0011,0.0
2025-03-20,US1NHCR0011,0.0
2025-03-21,US1NHCR0011,86.0
2025-03-22,US1NHCR0011,0.0
2025-03-23,US1NHCR0011,0.0
2025-03-24,US1NHCR0011,0.0
2025-03-25,US1NHCR0011,150.0
2025-02-01,US1NHCR0015,61.0
2025-02-03,US1NHCR0015,61.0
2025-02-04,US1NHCR0015,23.0
2025-02-05,US1NHCR0015,8.0
2025-02-06,US1NHCR0015,0.0
2025-02-07,US1NHCR0015,147.0
2025-02-08,US1NHCR0015,8.0
2025-02-09,US1NHCR0015,69.0
2025-02-10,US1NHCR0015,5.0
2025-02-11,US1NHCR0015,0.0
2025-02-12,US1NHCR0015,0.0
2025-02-13,US1NHCR0015,61.0
2025-02-14,US1NHCR0015,127.0
2025-02-15,US1NHCR0015,5.0
2025-02-17,US1NHCR0015,267.0
2025-02-18,US1NHCR0015,10.0
2025-02-19,US1NHCR0015,0.0
2025-02-20,US1NHCR0015,0.0
2025-02-21,US1NHCR0015,0.0
2025-02-22,US1NHCR0015,0.0
2025-02-23,US1NHCR0015,0.0
2025-02-24,US1NHCR0015,0.0
2025-02-25,US1NHCR0015,0.0
2025-02-26,US1NHCR0015,25.0
2025-02-27,US1NHCR0015,8.0
2025-02-28,US1NHCR0015,130.0
2025-03-01,US1NHCR0015,61.0
2025-03-02,US1NHCR0015,5.0
2025-03-03,US1NHCR0015,0.0
2025-03-04,US1NHCR0015,0.0
2025-03-05,US1NHCR0015,33.0
2025-03-06,US1NHCR0015,328.0
2025-03-07,US1NHCR0015,0.0
2025-03-08,US1NHCR0015,0.0
2025-03-09,US1NHCR0015,0.0
2025-03-10,US1NHCR0015,10.0
2025-03-11,US1NHCR0015,0.0
2025-03-12,US1NHCR0015,0.0
2025-03-13,US1NHCR0015,0.0
2025-03-14,US1NHCR0015,0.0
2025-03-15,US1NHCR0015,0.0
2025-03-16,US1NHCR0015,0.0
2025-03-17,US1NHCR0015,251.0
2025-03-18,US1NHCR0015,33.0
2025-03-19,US1NHCR0015,0.0
2025-03-20,US1NHCR0015,0.0
2025-03-21,US1NHCR0015,97.0
2025-03-22,US1NHCR0015,0.0
2025-03-23,US1NHCR0015,5.0
2025-03-24,US1NHCR0015,0.0
2025-03-25,US1NHCR0015,109.0
2025-02-01,US1NHCR0034,69.0
2025-02-02,US1NHCR0034,10.0
2025-02-03,US1NHCR0034,46.0
2025-02-04,US1NHCR0034,10.0
2025-02-05,US1NHCR0034,0.0
2025-02-06,US1NHCR0034,0.0
2025-02-07,US1NHCR0034,132.0
2025-02-08,US1NHCR0034,0.0
2025-02-09,US1NHCR0034,112.0
2025-02-10,US1NHCR0034,0.0
2025-02-11,US1NHCR0034,0.0
2025-02-12,US1NHCR0034,0.0
2025-02-13,US1NHCR0034,36.0
2025-02-14,US1NHCR0034,74.0
2025-02-15,US1NHCR0034,0.0
2025-02-16,US1NHCR0034,53.0
2025-02-17,US1NHCR0034,188.0
2025-02-18,US1NHCR0034,0.0
2025-02-19,US1NHCR0034,0.0
2025-02-20,US1NHCR0034,0.0
2025-02-21,US1NHCR0034,0.0
2025-02-22,US1NHCR0034,0.0
2025-02-23,US1NHCR0034,0.0
2025-02-24,US1NHCR0034,0.0
2025-02-25,US1NHCR0034,0.0
2025-02-26,US1NHCR0034,0.0
2025-02-27,US1NHCR0034,0.0
2025-02-28,US1NHCR0034,175.0
2025-03-01,US1NHCR0034,23.0
2025-03-02,US1NHCR0034,0.0
2025-03-03,US1NHCR0034,0.0
2025-03-04,US1NHCR0034,0.0
2025-03-05,US1NHCR0034,0.0
2025-03-06,US1NHCR0034,206.0
2025-03-07,US1NHCR0034,0.0
2025-03-08,US1NHCR0034,0.0
2025-03-09,US1NHCR0034,0.0
2025-03-10,US1NHCR0034,0.0
2025-03-11,US1NHCR0034,0.0
2025-03-12,US1NHCR0034,0.0
2025-03-13,US1NHCR0034,0.0
2025-03-14,US1NHCR0034,0.0
2025-03-15,US1NHCR0034,0.0
2025-03-16,US1NHCR0034,0.0
2025-03-17,US1NHCR0034,272.0
2025-03-18,US1NHCR0034,86.0
2025-03-19,US1NHCR0034,0.0
2025-03-20,US1NHCR0034,5.0
2025-03-21,US1NHCR0034,86.0
2025-03-22,US1NHCR0034,71.0
2025-03-23,US1NHCR0034,0.0
2025-03-24,US1NHCR0034,0.0
2025-02-01,US1NHCR0041,76.0
2025-02-02,US1NHCR0041,0.0
2025-02-03,US1NHCR0041,51.0
2025-02-05,US1NHCR0041,0.0
2025-02-06,US1NHCR0041,0.0
2025-02-07,US1NHCR0041,112.0
2025-02-09,US1NHCR0041,99.0
2025-02-10,US1NHCR0041,5.0
2025-02-11,US1NHCR0041,0.0
2025-02-13,US1NHCR0041,84.0
2025-02-14,US1NHCR0041,51.0
2025-02-15,US1NHCR0041,0.0
2025-02-16,US1NHCR0041,76.0
2025-02-17,US1NHCR0041,193.0
2025-02-18,US1NHCR0041,0.0
2025-02-19,US1NHCR0041,0.0
2025-02-20,US1NHCR0041,0.0
2025-02-21,US1NHCR0041,0.0
2025-02-22,US1NHCR0041,0.0
2025-02-23,US1NHCR0041,0.0
2025-02-24,US1NHCR0041,0.0
2025-02-25,US1NHCR0041,0.0
2025-02-26,US1NHCR0041,0.0
2025-02-27,US1NHCR0041,18.0
2025-02-28,US1NHCR0041,114.0
2025-03-01,US1NHCR0041,36.0
2025-03-02,US1NHCR0041,0.0
2025-03-09,US1NHCR0041,0.0
2025-03-20,US1NHCR0041,0.0
2025-03-21,US1NHCR0041,91.0
2025-03-22,US1NHCR0041,0.0
2025-03-23,US1NHCR0041,0.0
2025-03-24,US1NHCR0041,0.0
2025-03-25,US1NHCR0041,140.0
2025-02-01,US1NHCR0046,74.0
2025-02-02,US1NHCR0046,0.0
2025-02-03,US1NHCR0046,51.0
2025-02-04,US1NHCR0046,0.0
2025-02-05,US1NHCR0046,0.0
2025-02-06,US1NHCR0046,0.0
2025-02-07,US1NHCR0046,112.0
2025-02-08,US1NHCR0046,0.0
2025-02-09,US1NHCR0046,69.0
2025-02-10,US1NHCR0046,0.0
2025-02-11,US1NHCR0046,0.0
2025-02-12,US1NHCR0046,0.0
2025-02-13,US1NHCR0046,145.0
2025-02-14,US1NHCR0046,0.0
2025-02-15,US1NHCR0046,0.0
2025-02-18,US1NHCR0046,0.0
2025-02-19,US1NHCR0046,0.0
2025-02-20,US1NHCR0046,0.0
2025-02-21,US1NHCR0046,0.0
2025-02-22,US1NHCR0046,0.0
2025-02-23,US1NHCR0046,0.0
2025-02-24,US1NHCR0046,0.0
2025-02-25,US1NHCR0046,0.0
2025-02-26,US1NHCR0046,0.0
2025-02-27,US1NHCR0046,15.0
2025-02-28,US1NHCR0046,109.0
2025-03-01,US1NHCR0046,28.0
2025-03-02,US1NHCR0046,0.0
2025-03-03,US1NHCR0046,0.0
2025-03-04,US1NHCR0046,0.0
2025-03-05,US1NHCR0046,15.0
2025-03-06,US1NHCR0046,353.0
2025-03-07,US1NHCR0046,0.0
2025-03-08,US1NHCR0046,0.0
2025-03-09,US1NHCR0046,0.0
2025-03-10,US1NHCR0046,5.0
2025-03-11,US1NHCR0046,0.0
2025-03-12,US1NHCR0046,0.0
2025-03-13,US1NHCR0046,0.0
2025-03-14,US1NHCR0046,0.0
2025-03-17,US1NHCR0046,196.0
2025-03-18,US1NHCR0046,13.0
2025-03-19,US1NHCR0046,0.0
2025-03-20,US1NHCR0046,0.0
2025-03-21,US1NHCR0046,86.0
2025-03-22,US1NHCR0046,0.0
2025-03-23,US1NHCR0046,0.0
2025-03-24,US1NHCR0046,3.0
2025-03-25,US1NHCR0046,142.0
2025-02-01,US1NHCR0050,71.0
2025-02-02,US1NHCR0050,10.0
2025-02-03,US1NHCR0050,46.0
2025-02-04,US1NHCR0050,10.0
2025-02-05,US1NHCR0050,0.0
2025-02-06,US1NHCR0050,0.0
2025-02-07,US1NHCR0050,132.0
2025-02-09,US1NHCR0050,135.0
2025-02-10,US1NHCR0050,0.0
2025-02-11,US1NHCR0050,0.0
2025-02-12,US1NHCR0050,0.0
2025-02-13,US1NHCR0050,51.0
2025-02-14,US1NHCR0050,66.0
2025-02-15,US1NHCR0050,0.0
2025-02-16,US1NHCR0050,76.0
2025-02-17,US1NHCR0050,254.0
2025-02-18,US1NHCR0050,0.0
2025-02-19,US1NHCR0050,0.0
2025-02-20,US1NHCR0050,0.0
2025-02-21,US1NHCR0050,0.0
2025-02-22,US1NHCR0050,0.0
2025-02-23,US1NHCR0050,0.0
2025-02-24,US1NHCR0050,0.0
2025-02-25,US1NHCR0050,0.0
2025-02-26,US1NHCR0050,0.0
2025-02-27,US1NHCR0050,0.0
2025-02-28,US1NHCR0050,163.0
2025-03-01,US1NHCR0050,23.0
2025-03-02,US1NHCR0050,0.0
2025-03-03,US1NHCR0050,0.0
2025-03-04,US1NHCR0050,0.0
2025-03-05,US1NHCR0050,0.0
2025-03-06,US1NHCR0050,196.0
2025-03-07,US1NHCR0050,0.0
2025-03-08,US1NHCR0050,0.0
2025-03-09,US1NHCR0050,3.0
2025-03-10,US1NHCR0050,3.0
2025-03-11,US1NHCR0050,0.0
2025-03-12,US1NHCR0050,0.0
2025-03-13,US1NHCR0050,0.0
2025-03-14,US1NHCR0050,0.0
2025-03-15,US1NHCR0050,0.0
2025-03-16,US1NHCR0050,0.0
2025-03-17,US1NHCR0050,287.0
2025-03-18,US1NHCR0050,48.0
2025-03-19,US1NHCR0050,0.0
2025-03-20,US1NHCR0050,3.0
2025-03-21,US1NHCR0050,140.0
2025-03-22,US1NHCR0050,8.0
2025-03-23,US1NHCR0050,0.0
2025-03-24,US1NHCR0050,0.0
2025-03-25,US1NHCR0050,152.0
2025-02-02,US1NHCS0007,0.0
2025-02-03,US1NHCS0007,46.0
2025-02-04,US1NHCS0007,43.0
2025-02-05,US1NHCS0007,3.0
2025-02-06,US1NHCS0007,0.0
2025-02-07,US1NHCS0007,58.0
2025-02-08,US1NHCS0007,18.0
2025-02-09,US1NHCS0007,53.0
2025-02-10,US1NHCS0007,10.0
2025-02-11,US1NHCS0007,0.0
2025-02-12,US1NHCS0007,5.0
2025-02-13,US1NHCS0007,0.0
2025-02-14,US1NHCS0007,61.0
2025-02-15,US1NHCS0007,0.0
2025-02-16,US1NHCS0007,53.0
2025-02-17,US1NHCS0007,102.0
2025-02-18,US1NHCS0007,0.0
2025-02-19,US1NHCS0007,5.0
2025-02-20,US1NHCS0007,0.0
2025-02-21,US1NHCS0007,0.0
2025-02-22,US1NHCS0007,0.0
2025-02-23,US1NHCS0007,0.0
2025-02-24,US1NHCS0007,3.0
2025-02-25,US1NHCS0007,0.0
2025-02-26,US1NHCS0007,64.0
2025-02-27,US1NHCS0007,0.0
2025-02-28,US1NHCS0007,18.0
2025-03-01,US1NHCS0007,25.0
2025-03-02,US1NHCS0007,23.0
2025-03-03,US1NHCS0007,0.0
2025-03-04,US1NHCS0007,0.0
2025-03-05,US1NHCS0007,41.0
2025-03-06,US1NHCS0007,130.0
2025-03-07,US1NHCS0007,5.0
2025-03-08,US1NHCS0007,0.0
2025-03-09,US1NHCS0007,0.0
2025-03-10,US1NHCS0007,15.0
2025-03-11,US1NHCS0007,0.0
2025-03-12,US1NHCS0007,0.0
2025-03-13,US1NHCS0007,0.0
2025-03-14,US1NHCS0007,0.0
2025-03-15,US1NHCS0007,0.0
2025-03-16,US1NHCS0007,0.0
2025-03-17,US1NHCS0007,155.0
2025-03-18,US1NHCS0007,117.0
2025-03-19,US1NHCS0007,0.0
2025-03-20,US1NHCS0007,0.0
2025-03-21,US1NHCS0007,56.0
2025-03-22,US1NHCS0007,64.0
2025-03-23,US1NHCS0007,0.0
2025-03-24,US1NHCS0007,0.0
2025-03-25,US1NHCS0007,25.0
2025-02-01,US1NHCS0019,79.0
2025-02-04,US1NHCS0019,107.0
2025-02-05,US1NHCS0019,8.0
2025-02-06,US1NHCS0019,0.0
2025-02-07,US1NHCS0019,48.0
2025-02-08,US1NHCS0019,15.0
2025-02-09,US1NHCS0019,84.0
2025-02-10,US1NHCS0019,8.0
2025-02-11,US1NHCS0019,8.0
2025-02-12,US1NHCS0019,20.0
2025-02-13,US1NHCS0019,5.0
2025-02-14,US1NHCS0019,61.0
2025-02-15,US1NHCS0019,0.0
2025-02-16,US1NHCS0019,56.0
2025-02-17,US1NHCS0019,107.0
2025-02-18,US1NHCS0019,10.0
2025-02-19,US1NHCS0019,10.0
2025-02-20,US1NHCS0019,0.0
2025-02-21,US1NHCS0019,5.0
2025-02-22,US1NHCS0019,3.0
2025-02-23,US1NHCS0019,8.0
2025-02-24,US1NHCS0019,5.0
2025-02-25,US1NHCS0019,0.0
2025-02-26,US1NHCS0019,91.0
2025-02-27,US1NHCS0019,15.0
2025-02-28,US1NHCS0019,18.0
2025-03-01,US1NHCS0019,10.0
2025-03-02,US1NHCS0019,99.0
2025-03-03,US1NHCS0019,0.0
2025-03-04,US1NHCS0019,0.0
2025-03-05,US1NHCS0019,46.0
2025-03-06,US1NHCS0019,193.0
2025-03-07,US1NHCS0019,30.0
2025-03-08,US1NHCS0019,10.0
2025-03-11,US1NHCS0019,0.0
2025-03-12,US1NHCS0019,0.0
2025-03-13,US1NHCS0019,0.0
2025-03-14,US1NHCS0019,0.0
2025-03-15,US1NHCS0019,0.0
2025-03-16,US1NHCS0019,0.0
2025-03-17,US1NHCS0019,198.0
2025-03-18,US1NHCS0019,91.0
2025-03-19,US1NHCS0019,0.0
2025-03-20,US1NHCS0019,0.0
2025-03-21,US1NHCS0019,86.0
2025-03-22,US1NHCS0019,86.0
2025-03-16,US1NHCS0022,0.0
2025-03-19,US1NHCS0022,0.0
2025-03-20,US1NHCS0022,0.0
2025-03-21,US1NHCS0022,86.0
2025-03-22,US1NHCS0022,0.0
2025-03-23,US1NHCS0022,0.0
2025-02-01,US1NHGR0001,71.0
2025-02-02,US1NHGR0001,0.0
2025-02-03,US1NHGR0001,30.0
2025-02-04,US1NHGR0001,28.0
2025-02-05,US1NHGR0001,0.0
2025-02-06,US1NHGR0001,0.0
2025-02-07,US1NHGR0001,114.0
2025-02-08,US1NHGR0001,0.0
2025-02-09,US1NHGR0001,94.0
2025-02-10,US1NHGR0001,0.0
2025-02-11,US1NHGR0001,0.0
2025-02-12,US1NHGR0001,0.0
2025-02-13,US1NHGR0001,43.0
2025-02-14,US1NHGR0001,61.0
2025-02-15,US1NHGR0001,0.0
2025-02-16,US1NHGR0001,76.0
2025-02-17,US1NHGR0001,178.0
2025-02-18,US1NHGR0001,0.0
2025-02-19,US1NHGR0001,0.0
2025-02-20,US1NHGR0001,0.0
2025-02-21,US1NHGR0001,0.0
2025-02-22,US1NHGR0001,0.0
2025-02-23,US1NHGR0001,0.0
2025-02-24,US1NHGR0001,0.0
2025-02-25,US1NHGR0001,0.0
2025-02-26,US1NHGR0001,0.0
2025-02-27,US1NHGR0001,8.0
2025-02-28,US1NHGR0001,109.0
2025-03-01,US1NHGR0001,30.0
2025-03-02,US1NHGR0001,0.0
2025-03-03,US1NHGR0001,0.0
2025-03-04,US1NHGR0001,0.0
2025-03-05,US1NHGR0001,0.0
2025-03-06,US1NHGR0001,198.0
2025-03-07,US1NHGR0001,0.0
2025-03-08,US1NHGR0001,0.0
2025-03-09,US1NHGR0001,0.0
2025-03-10,US1NHGR0001,3.0
2025-03-11,US1NHGR0001,0.0
2025-03-12,US1NHGR0001,0.0
2025-03-13,US1NHGR0001,0.0
2025-03-14,US1NHGR0001,0.0
2025-03-15,US1NHGR0001,0.0
2025-03-16,US1NHGR0001,0.0
2025-03-17,US1NHGR0001,231.0
2025-03-18,US1NHGR0001,38.0
2025-03-19,US1NHGR0001,0.0
2025-03-20,US1NHGR0001,0.0
2025-03-21,US1NHGR0001,91.0
2025-03-22,US1NHGR0001,3.0
2025-03-23,US1NHGR0001,0.0
2025-03-24,US1NHGR0001,0.0
2025-03-25,US1NHGR0001,135.0
2025-02-01,US1NHGR0011,97.0
2025-02-02,US1NHGR0011,0.0
2025-02-03,US1NHGR0011,36.0
2025-02-04,US1NHGR0011,36.0
2025-02-05,US1NHGR0011,0.0
2025-02-06,US1NHGR0011,0.0
2025-02-07,US1NHGR0011,124.0
2025-02-08,US1NHGR0011,0.0
2025-02-09,US1NHGR0011,102.0
2025-02-10,US1NHGR0011,0.0
2025-02-11,US1NHGR0011,0.0
2025-02-12,US1NHGR0011,0.0
2025-02-13,US1NHGR0011,61.0
2025-02-14,US1NHGR0011,61.0
2025-02-15,US1NHGR0011,0.0
2025-02-20,US1NHGR0011,0.0
2025-02-21,US1NHGR0011,0.0
2025-02-22,US1NHGR0011,0.0
2025-02-23,US1NHGR0011,0.0
2025-02-24,US1NHGR0011,0.0
2025-02-25,US1NHGR0011,0.0
2025-02-26,US1NHGR0011,0.0
2025-02-27,US1NHGR0011,15.0
2025-02-28,US1NHGR0011,107.0
2025-03-01,US1NHGR0011,46.0
2025-03-02,US1NHGR0011,0.0
2025-03-03,US1NHGR0011,0.0
2025-03-04,US1NHGR0011,0.0
2025-03-05,US1NHGR0011,0.0
2025-03-06,US1NHGR0011,241.0
2025-03-07,US1NHGR0011,0.0
2025-03-08,US1NHGR0011,0.0
2025-03-09,US1NHGR0011,0.0
2025-03-10,US1NHGR0011,13.0
2025-03-11,US1NHGR0011,0.0
2025-03-12,US1NHGR0011,0.0
2025-03-13,US1NHGR0011,0.0
2025-03-14,US1NHGR0011,0.0
2025-03-25,US1NHGR0011,97.0
2025-02-01,US1NHGR0046,94.0
2025-02-02,US1NHGR0046,0.0
2025-02-03,US1NHGR0046,48.0
2025-02-04,US1NHGR0046,48.0
2025-02-05,US1NHGR0046,0.0
2025-02-06,US1NHGR0046,0.0
2025-02-07,US1NHGR0046,140.0
2025-02-08,US1NHGR0046,5.0
2025-02-09,US1NHGR0046,109.0
2025-02-10,US1NHGR0046,8.0
2025-02-11,US1NHGR0046,3.0
2025-02-12,US1NHGR0046,0.0
2025-02-13,US1NHGR0046,53.0
2025-02-14,US1NHGR0046,97.0
2025-02-15,US1NHGR0046,0.0
2025-02-16,US1NHGR0046,76.0
2025-02-17,US1NHGR0046,330.0
2025-02-18,US1NHGR0046,0.0
2025-02-19,US1NHGR0046,0.0
2025-02-20,US1NHGR0046,0.0
2025-02-21,US1NHGR0046,0.0
2025-02-22,US1NHGR0046,0.0
2025-02-23,US1NHGR0046,0.0
2025-02-24,US1NHGR0046,0.0
2025-02-25,US1NHGR0046,0.0
2025-02-26,US1NHGR0046,0.0
2025-02-27,US1NHGR0046,3.0
2025-02-28,US1NHGR0046,135.0
2025-03-01,US1NHGR0046,41.0
2025-03-02,US1NHGR0046,5.0
2025-03-03,US1NHGR0046,0.0
2025-03-04,US1NHGR0046,0.0
2025-03-05,US1NHGR0046,0.0
2025-03-06,US1NHGR0046,231.0
2025-03-07,US1NHGR0046,3.0
2025-03-08,US1NHGR0046,0.0
2025-03-09,US1NHGR0046,5.0
2025-03-10,US1NHGR0046,13.0
2025-03-11,US1NHGR0046,3.0
2025-03-12,US1NHGR0046,0.0
2025-03-13,US1NHGR0046,0.0
2025-03-14,US1NHGR0046,0.0
2025-03-15,US1NHGR0046,0.0
2025-03-16,US1NHGR0046,0.0
2025-03-17,US1NHGR0046,211.0
2025-03-18,US1NHGR0046,58.0
2025-03-19,US1NHGR0046,0.0
2025-03-20,US1NHGR0046,0.0
2025-03-21,US1NHGR0046,76.0
2025-03-22,US1NHGR0046,28.0
2025-03-23,US1NHGR0046,0.0
2025-03-24,US1NHGR0046,0.0
2025-03-25,US1NHGR0046,147.0
2025-02-01,US1NHGR0047,76.0
2025-02-02,US1NHGR0047,0.0
2025-02-03,US1NHGR0047,46.0
2025-02-04,US1NHGR0047,36.0
2025-02-05,US1NHGR0047,3.0
2025-02-06,US1NHGR0047,0.0
2025-02-07,US1NHGR0047,97.0
2025-02-08,US1NHGR0047,0.0
2025-02-09,US1NHGR0047,84.0
2025-02-10,US1NHGR0047,15.0
2025-02-11,US1NHGR0047,10.0
2025-02-12,US1NHGR0047,8.0
2025-02-13,US1NHGR0047,13.0
2025-02-14,US1NHGR0047,76.0
2025-02-15,US1NHGR0047,0.0
2025-02-16,US1NHGR0047,71.0
2025-02-17,US1NHGR0047,163.0
2025-02-18,US1NHGR0047,0.0
2025-02-19,US1NHGR0047,5.0
2025-02-20,US1NHGR0047,0.0
2025-02-21,US1NHGR0047,3.0
2025-02-22,US1NHGR0047,0.0
2025-02-23,US1NHGR0047,0.0
2025-02-24,US1NHGR0047,8.0
2025-02-25,US1NHGR0047,0.0
2025-02-26,US1NHGR0047,76.0
2025-02-27,US1NHGR0047,8.0
2025-02-28,US1NHGR0047,53.0
2025-03-01,US1NHGR0047,23.0
2025-03-02,US1NHGR0047,43.0
2025-03-03,US1NHGR0047,0.0
2025-03-04,US1NHGR0047,0.0
2025-03-05,US1NHGR0047,10.0
2025-03-06,US1NHGR0047,185.0
2025-03-07,US1NHGR0047,13.0
2025-03-08,US1NHGR0047,8.0
2025-03-09,US1NHGR0047,0.0
2025-03-10,US1NHGR0047,20.0
2025-03-11,US1NHGR0047,0.0
2025-03-14,US1NHGR0047,0.0
2025-03-15,US1NHGR0047,0.0
2025-03-16,US1NHGR0047,0.0
2025-03-17,US1NHGR0047,188.0
2025-03-18,US1NHGR0047,104.0
2025-03-19,US1NHGR0047,0.0
2025-03-20,US1NHGR0047,0.0
2025-03-21,US1NHGR0047,114.0
2025-03-22,US1NHGR0047,10.0
2025-03-23,US1NHGR0047,3.0
2025-03-24,US1NHGR0047,0.0
2025-03-25,US1NHGR0047,33.0
2025-02-06,US1NHGR0049,0.0
2025-02-07,US1NHGR0049,112.0
2025-02-08,US1NHGR0049,5.0
2025-02-01,US1NHGR0051,79.0
2025-02-03,US1NHGR0051,38.0
2025-02-04,US1NHGR0051,61.0
2025-02-05,US1NHGR0051,0.0
2025-02-06,US1NHGR0051,0.0
2025-02-07,US1NHGR0051,114.0
2025-02-09,US1NHGR0051,97.0
2025-02-10,US1NHGR0051,5.0
2025-02-12,US1NHGR0051,0.0
2025-02-13,US1NHGR0051,48.0
2025-02-14,US1NHGR0051,61.0
2025-02-15,US1NHGR0051,0.0
2025-02-16,US1NHGR0051,58.0
2025-02-17,US1NHGR0051,170.0
2025-02-18,US1NHGR0051,0.0
2025-02-19,US1NHGR0051,0.0
2025-02-21,US1NHGR0051,0.0
2025-03-05,US1NHGR0051,0.0
2025-03-06,US1NHGR0051,231.0
2025-03-17,US1NHGR0051,269.0
2025-03-18,US1NHGR0051,51.0
2025-03-19,US1NHGR0051,0.0
2025-03-21,US1NHGR0051,94.0
2025-03-24,US1NHGR0051,0.0
2025-02-06,US1NHGR0052,0.0
2025-02-11,US1NHGR0052,0.0
2025-02-15,US1NHGR0052,0.0
2025-03-01,US1NHGR0052,23.0
2025-03-05,US1NHGR0052,0.0
2025-03-06,US1NHGR0052,107.0
2025-03-11,US1NHGR0052,0.0
2025-03-12,US1NHGR0052,0.0
2025-03-23,US1NHGR0052,8.0
2025-02-01,US1NHGR0057,28.0
2025-02-02,US1NHGR0057,0.0
2025-02-03,US1NHGR0057,33.0
2025-02-06,US1NHGR0057,0.0
2025-02-07,US1NHGR0057,79.0
2025-02-08,US1NHGR0057,0.0
2025-02-09,US1NHGR0057,69.0
2025-02-10,US1NHGR0057,51.0
2025-02-11,US1NHGR0057,0.0
2025-02-12,US1NHGR0057,3.0
2025-02-13,US1NHGR0057,0.0
2025-02-15,US1NHGR0057,0.0
2025-02-20,US1NHGR0057,0.0
2025-02-21,US1NHGR0057,5.0
2025-02-22,US1NHGR0057,0.0
2025-02-27,US1NHGR0057,0.0
2025-03-01,US1NHGR0057,0.0
2025-03-05,US1NHGR0057,8.0
2025-03-06,US1NHGR0057,104.0
2025-03-07,US1NHGR0057,0.0
2025-03-08,US1NHGR0057,5.0
2025-03-09,US1NHGR0057,0.0
2025-03-12,US1NHGR0057,0.0
2025-03-13,US1NHGR0057,0.0
2025-03-14,US1NHGR0057,0.0
2025-03-15,US1NHGR0057,0.0
2025-03-20,US1NHGR0057,0.0
2025-03-21,US1NHGR0057,97.0
2025-03-22,US1NHGR0057,15.0
2025-03-24,US1NHGR0057,0.0
2025-02-01,US1NHGR0059,102.0
2025-02-02,US1NHGR0059,0.0
2025-02-03,US1NHGR0059,25.0
2025-02-04,US1NHGR0059,48.0
2025-02-05,US1NHGR0059,0.0
2025-02-06,US1NHGR0059,0.0
2025-02-07,US1NHGR0059,79.0
2025-02-08,US1NHGR0059,0.0
2025-02-09,US1NHGR0059,91.0
2025-02-10,US1NHGR0059,0.0
2025-02-11,US1NHGR0059,0.0
2025-02-12,US1NHGR0059,0.0
2025-02-13,US1NHGR0059,36.0
2025-02-14,US1NHGR0059,51.0
2025-02-15,US1NHGR0059,0.0
2025-02-16,US1NHGR0059,71.0
2025-02-17,US1NHGR0059,147.0
2025-02-18,US1NHGR0059,0.0
2025-02-19,US1NHGR0059,0.0
2025-02-20,US1NHGR0059,0.0
2025-02-21,US1NHGR0059,0.0
2025-02-22,US1NHGR0059,0.0
2025-02-23,US1NHGR0059,0.0
2025-02-24,US1NHGR0059,0.0
2025-02-25,US1NHGR0059,0.0
2025-02-26,US1NHGR0059,13.0
2025-02-27,US1NHGR0059,30.0
2025-02-28,US1NHGR0059,53.0
2025-03-01,US1NHGR0059,20.0
2025-03-02,US1NHGR0059,3.0
2025-03-03,US1NHGR0059,0.0
2025-03-04,US1NHGR0059,0.0
2025-03-05,US1NHGR0059,0.0
2025-03-06,US1NHGR0059,97.0
2025-03-07,US1NHGR0059,0.0
2025-03-08,US1NHGR0059,0.0
2025-03-09,US1NHGR0059,0.0
2025-03-10,US1NHGR0059,0.0
2025-03-11,US1NHGR0059,0.0
2025-03-12,US1NHGR0059,0.0
2025-03-13,US1NHGR0059,0.0
2025-03-14,US1NHGR0059,0.0
2025-03-15,US1NHGR0059,0.0
2025-03-16,US1NHGR0059,0.0
2025-03-17,US1NHGR0059,213.0
2025-03-18,US1NHGR0059,51.0
2025-03-19,US1NHGR0059,0.0
2025-03-20,US1NHGR0059,0.0
2025-03-21,US1NHGR0059,102.0
2025-03-22,US1NHGR0059,0.0
2025-03-23,US1NHGR0059,0.0
2025-03-24,US1NHGR0059,0.0
2025-03-25,US1NHGR0059,56.0
2025-02-01,US1NHHL0019,185.0
2025-02-02,US1NHHL0019,0.0
2025-02-03,US1NHHL0019,33.0
2025-02-04,US1NHHL0019,0.0
2025-02-05,US1NHHL0019,0.0
2025-02-06,US1NHHL0019,0.0
2025-02-07,US1NHHL0019,74.0
2025-02-08,US1NHHL0019,0.0
2025-02-09,US1NHHL0019,165.0
2025-02-10,US1NHHL0019,0.0
2025-02-11,US1NHHL0019,0.0
2025-02-15,US1NHHL0019,0.0
2025-02-18,US1NHHL0019,0.0
2025-02-19,US1NHHL0019,0.0
2025-02-20,US1NHHL0019,0.0
2025-02-21,US1NHHL0019,0.0
2025-02-22,US1NHHL0019,0.0
2025-02-23,US1NHHL0019,0.0
2025-02-25,US1NHHL0019,0.0
2025-02-26,US1NHHL0019,0.0
2025-03-01,US1NHHL0019,0.0
2025-03-02,US1NHHL0019,0.0
2025-03-06,US1NHHL0019,292.0
2025-03-07,US1NHHL0019,0.0
2025-03-09,US1NHHL0019,0.0
2025-03-10,US1NHHL0019,0.0
2025-03-11,US1NHHL0019,0.0
2025-03-12,US1NHHL0019,0.0
2025-03-14,US1NHHL0019,0.0
2025-03-15,US1NHHL0019,0.0
2025-03-19,US1NHHL0019,0.0
2025-03-22,US1NHHL0019,0.0
2025-03-23,US1NHHL0019,0.0
2025-03-25,US1NHHL0019,152.0
2025-02-01,US1NHHL0025,145.0
2025-02-02,US1NHHL0025,0.0
2025-02-03,US1NHHL0025,38.0
2025-02-04,US1NHHL0025,0.0
2025-02-05,US1NHHL0025,0.0
2025-02-08,US1NHHL0025,0.0
2025-02-09,US1NHHL0025,160.0
2025-02-10,US1NHHL0025,0.0
2025-02-11,US1NHHL0025,0.0
2025-02-12,US1NHHL0025,0.0
2025-02-13,US1NHHL0025,89.0
2025-02-15,US1NHHL0025,33.0
2025-02-18,US1NHHL0025,0.0
2025-02-19,US1NHHL0025,0.0
2025-02-20,US1NHHL0025,0.0
2025-02-21,US1NHHL0025,0.0
2025-02-22,US1NHHL0025,0.0
2025-02-23,US1NHHL0025,0.0
2025-02-24,US1NHHL0025,0.0
2025-02-25,US1NHHL0025,0.0
2025-02-26,US1NHHL0025,0.0
2025-03-01,US1NHHL0025,0.0
2025-03-02,US1NHHL0025,0.0
2025-03-03,US1NHHL0025,0.0
2025-03-04,US1NHHL0025,0.0
2025-03-05,US1NHHL0025,0.0
2025-03-06,US1NHHL0025,241.0
2025-03-07,US1NHHL0025,0.0
2025-03-08,US1NHHL0025,0.0
2025-03-09,US1NHHL0025,0.0
2025-03-10,US1NHHL0025,0.0
2025-03-11,US1NHHL0025,0.0
2025-03-12,US1NHHL0025,0.0
2025-03-14,US1NHHL0025,0.0
2025-03-15,US1NHHL0025,0.0
2025-03-16,US1NHHL0025,8.0
2025-03-17,US1NHHL0025,340.0
2025-03-18,US1NHHL0025,20.0
2025-03-19,US1NHHL0025,0.0
2025-03-20,US1NHHL0025,8.0
2025-03-21,US1NHHL0025,71.0
2025-03-22,US1NHHL0025,0.0
2025-03-23,US1NHHL0025,0.0
2025-03-24,US1NHHL0025,0.0
2025-03-25,US1NHHL0025,168.0
2025-02-01,US1NHHL0048,155.0
2025-02-02,US1NHHL0048,0.0
2025-02-03,US1NHHL0048,30.0
2025-02-04,US1NHHL0048,3.0
2025-02-05,US1NHHL0048,0.0
2025-02-06,US1NHHL0048,0.0
2025-02-07,US1NHHL0048,91.0
2025-02-08,US1NHHL0048,0.0
2025-02-09,US1NHHL0048,196.0
2025-02-10,US1NHHL0048,0.0
2025-02-11,US1NHHL0048,0.0
2025-02-12,US1NHHL0048,0.0
2025-02-13,US1NHHL0048,112.0
2025-02-14,US1NHHL0048,56.0
2025-02-15,US1NHHL0048,0.0
2025-02-16,US1NHHL0048,170.0
2025-02-17,US1NHHL0048,272.0
2025-02-18,US1NHHL0048,0.0
2025-02-19,US1NHHL0048,0.0
2025-02-20,US1NHHL0048,0.0
2025-02-21,US1NHHL0048,0.0
2025-02-22,US1NHHL0048,0.0
2025-02-23,US1NHHL0048,0.0
2025-02-24,US1NHHL0048,0.0
2025-02-25,US1NHHL0048,0.0
2025-02-26,US1NHHL0048,0.0
2025-02-27,US1NHHL0048,38.0
2025-02-28,US1NHHL0048,69.0
2025-03-01,US1NHHL0048,0.0
2025-03-02,US1NHHL0048,0.0
2025-03-03,US1NHHL0048,0.0
2025-03-04,US1NHHL0048,0.0
2025-03-05,US1NHHL0048,0.0
2025-03-06,US1NHHL0048,358.0
2025-03-07,US1NHHL0048,0.0
2025-03-08,US1NHHL0048,0.0
2025-03-09,US1NHHL0048,0.0
2025-03-10,US1NHHL0048,0.0
2025-03-11,US1NHHL0048,0.0
2025-03-12,US1NHHL0048,0.0
2025-03-13,US1NHHL0048,0.0
2025-03-14,US1NHHL0048,0.0
2025-03-15,US1NHHL0048,0.0
2025-03-16,US1NHHL0048,0.0
2025-03-17,US1NHHL0048,340.0
2025-03-18,US1NHHL0048,15.0
2025-03-19,US1NHHL0048,0.0
2025-03-20,US1NHHL0048,8.0
2025-03-21,US1NHHL0048,76.0
2025-03-22,US1NHHL0048,0.0
2025-03-23,US1NHHL0048,15.0
2025-03-24,US1NHHL0048,0.0
2025-03-25,US1NHHL0048,168.0
2025-02-01,US1NHHL0049,142.0
2025-02-02,US1NHHL0049,0.0
2025-02-03,US1NHHL0049,36.0
2025-02-04,US1NHHL0049,0.0
2025-02-05,US1NHHL0049,0.0
2025-02-06,US1NHHL0049,0.0
2025-02-07,US1NHHL0049,97.0
2025-02-08,US1NHHL0049,0.0
2025-02-09,US1NHHL0049,173.0
2025-02-10,US1NHHL0049,0.0
2025-02-11,US1NHHL0049,0.0
2025-02-12,US1NHHL0049,0.0
2025-02-13,US1NHHL0049,69.0
2025-02-14,US1NHHL0049,0.0
2025-02-15,US1NHHL0049,0.0
2025-02-16,US1NHHL0049,178.0
2025-02-17,US1NHHL0049,185.0
2025-02-18,US1NHHL0049,0.0
2025-02-19,US1NHHL0049,0.0
2025-02-20,US1NHHL0049,0.0
2025-02-25,US1NHHL0049,0.0
2025-02-26,US1NHHL0049,0.0
2025-02-27,US1NHHL0049,20.0
2025-02-28,US1NHHL0049,94.0
2025-03-01,US1NHHL0049,0.0
2025-03-02,US1NHHL0049,0.0
2025-03-03,US1NHHL0049,0.0
2025-03-04,US1NHHL0049,0.0
2025-03-05,US1NHHL0049,0.0
2025-03-06,US1NHHL0049,267.0
2025-03-07,US1NHHL0049,0.0
2025-03-08,US1NHHL0049,0.0
2025-03-09,US1NHHL0049,0.0
2025-03-10,US1NHHL0049,0.0
2025-03-11,US1NHHL0049,0.0
2025-03-12,US1NHHL0049,0.0
2025-03-13,US1NHHL0049,0.0
2025-03-14,US1NHHL0049,0.0
2025-03-15,US1NHHL0049,0.0
2025-03-16,US1NHHL0049,0.0
2025-03-17,US1NHHL0049,264.0
2025-03-18,US1NHHL0049,79.0
2025-03-19,US1NHHL0049,0.0
2025-03-20,US1NHHL0049,0.0
2025-03-21,US1NHHL0049,58.0
2025-03-22,US1NHHL0049,0.0
2025-03-23,US1NHHL0049,0.0
2025-03-24,US1NHHL0049,0.0
2025-03-25,US1NHHL0049,155.0
2025-02-01,US1NHHL0077,99.0
2025-02-02,US1NHHL0077,0.0
2025-02-07,US1NHHL0077,89.0
2025-02-09,US1NHHL0077,157.0
2025-02-10,US1NHHL0077,0.0
2025-02-15,US1NHHL0077,0.0
2025-02-17,US1NHHL0077,381.0
2025-02-01,US1NHHL0096,124.0
2025-02-02,US1NHHL0096,0.0
2025-02-03,US1NHHL0096,30.0
2025-02-04,US1NHHL0096,0.0
2025-02-05,US1NHHL0096,0.0
2025-02-06,US1NHHL0096,0.0
2025-02-07,US1NHHL0096,89.0
2025-02-08,US1NHHL0096,0.0
2025-02-09,US1NHHL0096,135.0
2025-02-10,US1NHHL0096,0.0
2025-02-11,US1NHHL0096,0.0
2025-02-12,US1NHHL0096,0.0
2025-02-13,US1NHHL0096,41.0
2025-02-14,US1NHHL0096,48.0
2025-02-15,US1NHHL0096,0.0
2025-02-16,US1NHHL0096,137.0
2025-02-17,US1NHHL0096,241.0
2025-02-18,US1NHHL0096,0.0
2025-02-19,US1NHHL0096,0.0
2025-02-20,US1NHHL0096,0.0
2025-02-21,US1NHHL0096,0.0
2025-02-22,US1NHHL0096,0.0
2025-02-23,US1NHHL0096,0.0
2025-02-24,US1NHHL0096,0.0
2025-02-25,US1NHHL0096,0.0
2025-02-26,US1NHHL0096,0.0
2025-02-27,US1NHHL0096,8.0
2025-02-28,US1NHHL0096,86.0
2025-03-01,US1NHHL0096,0.0
2025-03-02,US1NHHL0096,0.0
2025-03-03,US1NHHL0096,0.0
2025-03-04,US1NHHL0096,0.0
2025-03-05,US1NHHL0096,0.0
2025-03-06,US1NHHL0096,216.0
2025-03-07,US1NHHL0096,0.0
2025-03-08,US1NHHL0096,0.0
2025-03-09,US1NHHL0096,0.0
2025-03-10,US1NHHL0096,0.0
2025-03-11,US1NHHL0096,0.0
2025-03-12,US1NHHL0096,0.0
2025-03-13,US1NHHL0096,0.0
2025-03-14,US1NHHL0096,0.0
2025-03-17,US1NHHL0096,264.0
2025-03-18,US1NHHL0096,81.0
2025-03-19,US1NHHL0096,0.0
2025-03-20,US1NHHL0096,3.0
2025-03-21,US1NHHL0096,76.0
2025-03-23,US1NHHL0096,0.0
2025-03-24,US1NHHL0096,0.0
2025-03-25,US1NHHL0096,160.0
2025-02-01,US1NHHL0100,180.0
2025-02-02,US1NHHL0100,0.0
2025-02-03,US1NHHL0100,36.0
2025-02-04,US1NHHL0100,0.0
2025-02-05,US1NHHL0100,0.0
2025-02-06,US1NHHL0100,0.0
2025-02-07,US1NHHL0100,76.0
2025-02-08,US1NHHL0100,0.0
2025-02-09,US1NHHL0100,157.0
2025-02-10,US1NHHL0100,0.0
2025-02-11,US1NHHL0100,0.0
2025-02-13,US1NHHL0100,97.0
2025-02-14,US1NHHL0100,79.0
2025-02-15,US1NHHL0100,0.0
2025-02-16,US1NHHL0100,198.0
2025-02-17,US1NHHL0100,249.0
2025-02-18,US1NHHL0100,0.0
2025-02-19,US1NHHL0100,0.0
2025-02-20,US1NHHL0100,0.0
2025-02-21,US1NHHL0100,0.0
2025-02-22,US1NHHL0100,0.0
2025-02-23,US1NHHL0100,0.0
2025-02-24,US1NHHL0100,0.0
2025-02-25,US1NHHL0100,0.0
2025-02-26,US1NHHL0100,0.0
2025-02-27,US1NHHL0100,25.0
2025-02-28,US1NHHL0100,56.0
2025-03-01,US1NHHL0100,0.0
2025-03-02,US1NHHL0100,0.0
2025-03-03,US1NHHL0100,0.0
2025-03-04,US1NHHL0100,0.0
2025-03-05,US1NHHL0100,0.0
2025-03-06,US1NHHL0100,287.0
2025-03-07,US1NHHL0100,0.0
2025-03-08,US1NHHL0100,0.0
2025-03-09,US1NHHL0100,0.0
2025-03-10,US1NHHL0100,0.0
2025-03-11,US1NHHL0100,0.0
2025-03-12,US1NHHL0100,0.0
2025-03-13,US1NHHL0100,0.0
2025-03-14,US1NHHL0100,0.0
2025-03-15,US1NHHL0100,0.0
2025-03-16,US1NHHL0100,0.0
2025-03-17,US1NHHL0100,259.0
2025-03-18,US1NHHL0100,69.0
2025-03-19,US1NHHL0100,0.0
2025-03-20,US1NHHL0100,8.0
2025-03-21,US1NHHL0100,51.0
2025-03-22,US1NHHL0100,0.0
2025-03-23,US1NHHL0100,0.0
2025-03-24,US1NHHL0100,0.0
2025-03-25,US1NHHL0100,160.0
2025-02-01,US1NHHL0103,178.0
2025-02-02,US1NHHL0103,0.0
2025-02-03,US1NHHL0103,33.0
2025-02-04,US1NHHL0103,0.0
2025-02-05,US1NHHL0103,0.0
2025-02-06,US1NHHL0103,0.0
2025-02-07,US1NHHL0103,114.0
2025-02-08,US1NHHL0103,0.0
2025-02-09,US1NHHL0103,168.0
2025-02-10,US1NHHL0103,28.0
2025-02-11,US1NHHL0103,0.0
2025-02-12,US1NHHL0103,0.0
2025-02-13,US1NHHL0103,86.0
2025-02-14,US1NHHL0103,76.0
2025-02-15,US1NHHL0103,0.0
2025-02-16,US1NHHL0103,175.0
2025-02-17,US1NHHL0103,251.0
2025-02-18,US1NHHL0103,0.0
2025-02-19,US1NHHL0103,0.0
2025-02-20,US1NHHL0103,0.0
2025-02-21,US1NHHL0103,0.0
2025-02-22,US1NHHL0103,0.0
2025-02-23,US1NHHL0103,0.0
2025-02-24,US1NHHL0103,0.0
2025-02-25,US1NHHL0103,0.0
2025-02-26,US1NHHL0103,0.0
2025-02-27,US1NHHL0103,18.0
2025-02-28,US1NHHL0103,97.0
2025-03-01,US1NHHL0103,0.0
2025-03-02,US1NHHL0103,0.0
2025-03-03,US1NHHL0103,0.0
2025-03-04,US1NHHL0103,0.0
2025-03-06,US1NHHL0103,325.0
2025-03-07,US1NHHL0103,0.0
2025-03-08,US1NHHL0103,0.0
2025-03-09,US1NHHL0103,0.0
2025-03-10,US1NHHL0103,0.0
2025-03-11,US1NHHL0103,0.0
2025-03-12,US1NHHL0103,0.0
2025-03-13,US1NHHL0103,0.0
2025-03-14,US1NHHL0103,0.0
2025-03-15,US1NHHL0103,0.0
2025-03-17,US1NHHL0103,259.0
2025-03-18,US1NHHL0103,69.0
2025-03-20,US1NHHL0103,3.0
2025-03-21,US1NHHL0103,107.0
2025-03-22,US1NHHL0103,10.0
2025-03-23,US1NHHL0103,18.0
2025-03-24,US1NHHL0103,0.0
2025-02-04,US1NHHL0108,13.0
2025-03-06,US1NHHL0108,241.0
2025-03-07,US1NHHL0108,10.0
2025-03-17,US1NHHL0108,274.0
2025-03-18,US1NHHL0108,61.0
2025-03-21,US1NHHL0108,104.0
2025-03-22,US1NHHL0108,10.0
2025-03-23,US1NHHL0108,23.0
2025-02-01,US1NHMR0004,99.0
2025-02-02,US1NHMR0004,0.0
2025-02-03,US1NHMR0004,30.0
2025-02-04,US1NHMR0004,3.0
2025-02-05,US1NHMR0004,0.0
2025-02-06,US1NHMR0004,0.0
2025-02-07,US1NHMR0004,107.0
2025-02-08,US1NHMR0004,3.0
2025-02-09,US1NHMR0004,119.0
2025-02-10,US1NHMR0004,0.0
2025-02-11,US1NHMR0004,0.0
2025-02-12,US1NHMR0004,0.0
2025-02-13,US1NHMR0004,51.0
2025-02-14,US1NHMR0004,58.0
2025-02-15,US1NHMR0004,0.0
2025-02-16,US1NHMR0004,127.0
2025-02-17,US1NHMR0004,206.0
2025-02-18,US1NHMR0004,0.0
2025-02-19,US1NHMR0004,0.0
2025-02-20,US1NHMR0004,0.0
2025-02-21,US1NHMR0004,0.0
2025-02-22,US1NHMR0004,0.0
2025-02-23,US1NHMR0004,0.0
2025-02-24,US1NHMR0004,0.0
2025-02-25,US1NHMR0004,0.0
2025-02-26,US1NHMR0004,0.0
2025-02-27,US1NHMR0004,5.0
2025-02-28,US1NHMR0004,107.0
2025-03-01,US1NHMR0004,0.0
2025-03-02,US1NHMR0004,0.0
2025-03-03,US1NHMR0004,0.0
2025-03-04,US1NHMR0004,0.0
2025-03-05,US1NHMR0004,0.0
2025-03-06,US1NHMR0004,173.0
2025-03-07,US1NHMR0004,3.0
2025-03-08,US1NHMR0004,0.0
2025-03-09,US1NHMR0004,0.0
2025-03-10,US1NHMR0004,0.0
2025-03-11,US1NHMR0004,0.0
2025-03-12,US1NHMR0004,0.0
2025-03-13,US1NHMR0004,0.0
2025-03-14,US1NHMR0004,0.0
2025-03-15,US1NHMR0004,0.0
2025-03-16,US1NHMR0004,0.0
2025-03-17,US1NHMR0004,246.0
2025-03-18,US1NHMR0004,64.0
2025-03-19,US1NHMR0004,0.0
2025-03-20,US1NHMR0004,5.0
2025-03-21,US1NHMR0004,97.0
2025-03-22,US1NHMR0004,10.0
2025-03-23,US1NHMR0004,10.0
2025-03-24,US1NHMR0004,0.0
2025-03-25,US1NHMR0004,124.0
2025-02-01,US1NHMR0006,74.0
2025-02-02,US1NHMR0006,0.0
2025-02-03,US1NHMR0006,30.0
2025-02-04,US1NHMR0006,23.0
2025-02-05,US1NHMR0006,0.0
2025-02-06,US1NHMR0006,0.0
2025-02-07,US1NHMR0006,117.0
2025-02-08,US1NHMR0006,0.0
2025-02-09,US1NHMR0006,114.0
2025-02-10,US1NHMR0006,0.0
2025-02-11,US1NHMR0006,0.0
2025-02-12,US1NHMR0006,0.0
2025-02-13,US1NHMR0006,79.0
2025-02-14,US1NHMR0006,76.0
2025-02-15,US1NHMR0006,0.0
2025-02-16,US1NHMR0006,112.0
2025-02-17,US1NHMR0006,180.0
2025-02-18,US1NHMR0006,0.0
2025-02-19,US1NHMR0006,0.0
2025-02-20,US1NHMR0006,0.0
2025-02-21,US1NHMR0006,0.0
2025-02-22,US1NHMR0006,0.0
2025-02-23,US1NHMR0006,0.0
2025-02-24,US1NHMR0006,0.0
2025-02-25,US1NHMR0006,0.0
2025-02-26,US1NHMR0006,5.0
2025-02-27,US1NHMR0006,15.0
2025-02-28,US1NHMR0006,104.0
2025-03-01,US1NHMR0006,20.0
2025-03-02,US1NHMR0006,0.0
2025-03-03,US1NHMR0006,0.0
2025-03-04,US1NHMR0006,0.0
2025-03-05,US1NHMR0006,0.0
2025-03-06,US1NHMR0006,178.0
2025-03-07,US1NHMR0006,0.0
2025-03-08,US1NHMR0006,0.0
2025-03-09,US1NHMR0006,0.0
2025-03-10,US1NHMR0006,0.0
2025-03-11,US1NHMR0006,0.0
2025-03-12,US1NHMR0006,0.0
2025-03-13,US1NHMR0006,0.0
2025-03-14,US1NHMR0006,0.0
2025-03-15,US1NHMR0006,0.0
2025-03-16,US1NHMR0006,0.0
2025-03-17,US1NHMR0006,239.0
2025-03-18,US1NHMR0006,48.0
2025-03-19,US1NHMR0006,0.0
2025-03-20,US1NHMR0006,5.0
2025-03-21,US1NHMR0006,79.0
2025-03-22,US1NHMR0006,0.0
2025-03-23,US1NHMR0006,0.0
2025-03-24,US1NHMR0006,0.0
2025-03-25,US1NHMR0006,135.0
2025-02-01,US1NHMR0009,94.0
2025-02-02,US1NHMR0009,0.0
2025-02-03,US1NHMR0009,33.0
2025-02-04,US1NHMR0009,0.0
2025-02-05,US1NHMR0009,0.0
2025-02-06,US1NHMR0009,0.0
2025-02-07,US1NHMR0009,114.0
2025-02-08,US1NHMR0009,0.0
2025-02-09,US1NHMR0009,109.0
2025-02-10,US1NHMR0009,0.0
2025-02-11,US1NHMR0009,0.0
2025-02-12,US1NHMR0009,0.0
2025-02-13,US1NHMR0009,38.0
2025-02-14,US1NHMR0009,56.0
2025-02-15,US1NHMR0009,0.0
2025-02-16,US1NHMR0009,102.0
2025-02-17,US1NHMR0009,211.0
2025-02-18,US1NHMR0009,0.0
2025-02-19,US1NHMR0009,0.0
2025-02-20,US1NHMR0009,0.0
2025-02-21,US1NHMR0009,0.0
2025-02-22,US1NHMR0009,0.0
2025-02-23,US1NHMR0009,0.0
2025-02-24,US1NHMR0009,0.0
2025-02-25,US1NHMR0009,0.0
2025-02-26,US1NHMR0009,0.0
2025-02-27,US1NHMR0009,3.0
2025-02-28,US1NHMR0009,114.0
2025-03-01,US1NHMR0009,0.0
2025-03-02,US1NHMR0009,0.0
2025-03-03,US1NHMR0009,0.0
2025-03-04,US1NHMR0009,0.0
2025-03-05,US1NHMR0009,0.0
2025-03-06,US1NHMR0009,165.0
2025-03-07,US1NHMR0009,0.0
2025-03-08,US1NHMR0009,0.0
2025-03-09,US1NHMR0009,0.0
2025-03-10,US1NHMR0009,0.0
2025-03-11,US1NHMR0009,0.0
2025-03-12,US1NHMR0009,0.0
2025-03-13,US1NHMR0009,0.0
2025-03-14,US1NHMR0009,0.0
2025-03-15,US1NHMR0009,0.0
2025-03-16,US1NHMR0009,0.0
2025-03-17,US1NHMR0009,229.0
2025-03-18,US1NHMR0009,66.0
2025-03-19,US1NHMR0009,0.0
2025-03-20,US1NHMR0009,3.0
2025-03-21,US1NHMR0009,94.0
2025-03-22,US1NHMR0009,0.0
2025-03-23,US1NHMR0009,18.0
2025-03-24,US1NHMR0009,0.0
2025-03-25,US1NHMR0009,122.0
2025-02-01,US1NHMR0015,102.0
2025-02-02,US1NHMR0015,0.0
2025-02-03,US1NHMR0015,23.0
2025-02-04,US1NHMR0015,0.0
2025-02-05,US1NHMR0015,0.0
2025-02-06,US1NHMR0015,0.0
2025-02-07,US1NHMR0015,99.0
2025-02-08,US1NHMR0015,0.0
2025-02-09,US1NHMR0015,112.0
2025-02-10,US1NHMR0015,0.0
2025-02-11,US1NHMR0015,0.0
2025-02-12,US1NHMR0015,0.0
2025-02-13,US1NHMR0015,79.0
2025-02-14,US1NHMR0015,23.0
2025-02-15,US1NHMR0015,0.0
2025-02-16,US1NHMR0015,135.0
2025-02-17,US1NHMR0015,191.0
2025-02-18,US1NHMR0015,0.0
2025-02-19,US1NHMR0015,0.0
2025-02-20,US1NHMR0015,0.0
2025-02-21,US1NHMR0015,0.0
2025-02-22,US1NHMR0015,0.0
2025-02-23,US1NHMR0015,0.0
2025-02-24,US1NHMR0015,0.0
2025-02-25,US1NHMR0015,0.0
2025-02-26,US1NHMR0015,0.0
2025-02-28,US1NHMR0015,112.0
2025-03-01,US1NHMR0015,0.0
2025-03-02,US1NHMR0015,0.0
2025-03-03,US1NHMR0015,0.0
2025-03-04,US1NHMR0015,0.0
2025-03-05,US1NHMR0015,0.0
2025-03-06,US1NHMR0015,188.0
2025-03-07,US1NHMR0015,0.0
2025-03-08,US1NHMR0015,0.0
2025-03-09,US1NHMR0015,0.0
2025-03-10,US1NHMR0015,0.0
2025-03-11,US1NHMR0015,0.0
2025-03-12,US1NHMR0015,0.0
2025-03-13,US1NHMR0015,0.0
2025-03-14,US1NHMR0015,0.0
2025-03-15,US1NHMR0015,0.0
2025-03-16,US1NHMR0015,0.0
2025-03-17,US1NHMR0015,300.0
2025-03-18,US1NHMR0015,30.0
2025-03-19,US1NHMR0015,0.0
2025-03-20,US1NHMR0015,3.0
2025-03-21,US1NHMR0015,86.0
2025-02-01,US1NHMR0025,66.0
2025-02-02,US1NHMR0025,43.0
2025-02-03,US1NHMR0025,20.0
2025-02-04,US1NHMR0025,18.0
2025-02-05,US1NHMR0025,0.0
2025-02-06,US1NHMR0025,0.0
2025-02-07,US1NHMR0025,142.0
2025-02-08,US1NHMR0025,0.0
2025-02-09,US1NHMR0025,41.0
2025-02-10,US1NHMR0025,127.0
2025-02-11,US1NHMR0025,0.0
2025-02-12,US1NHMR0025,0.0
2025-02-13,US1NHMR0025,0.0
2025-02-14,US1NHMR0025,46.0
2025-02-15,US1NHMR0025,0.0
2025-02-16,US1NHMR0025,36.0
2025-02-17,US1NHMR0025,208.0
2025-02-18,US1NHMR0025,0.0
2025-02-19,US1NHMR0025,0.0
2025-02-20,US1NHMR0025,0.0
2025-02-21,US1NHMR0025,0.0
2025-02-22,US1NHMR0025,0.0
2025-02-23,US1NHMR0025,0.0
2025-02-24,US1NHMR0025,0.0
2025-02-25,US1NHMR0025,0.0
2025-02-26,US1NHMR0025,0.0
2025-02-27,US1NHMR0025,0.0
2025-02-28,US1NHMR0025,84.0
2025-03-01,US1NHMR0025,0.0
2025-03-02,US1NHMR0025,10.0
2025-03-03,US1NHMR0025,0.0
2025-03-04,US1NHMR0025,0.0
2025-03-05,US1NHMR0025,0.0
2025-03-06,US1NHMR0025,170.0
2025-03-07,US1NHMR0025,165.0
2025-03-08,US1NHMR0025,0.0
2025-03-09,US1NHMR0025,0.0
2025-03-10,US1NHMR0025,0.0
2025-03-11,US1NHMR0025,0.0
2025-03-12,US1NHMR0025,0.0
2025-03-13,US1NHMR0025,0.0
2025-03-14,US1NHMR0025,0.0
2025-03-15,US1NHMR0025,0.0
2025-03-16,US1NHMR0025,0.0
2025-03-17,US1NHMR0025,0.0
2025-03-18,US1NHMR0025,368.0
2025-03-19,US1NHMR0025,0.0
2025-03-20,US1NHMR0025,0.0
2025-03-21,US1NHMR0025,3.0
2025-03-22,US1NHMR0025,150.0
2025-03-23,US1NHMR0025,13.0
2025-03-24,US1NHMR0025,0.0
2025-03-25,US1NHMR0025,66.0
2025-02-01,US1NHMR0043,89.0
2025-02-02,US1NHMR0043,0.0
2025-02-03,US1NHMR0043,30.0
2025-02-04,US1NHMR0043,8.0
2025-02-05,US1NHMR0043,0.0
2025-02-06,US1NHMR0043,0.0
2025-02-07,US1NHMR0043,112.0
2025-02-08,US1NHMR0043,0.0
2025-02-09,US1NHMR0043,127.0
2025-02-10,US1NHMR0043,8.0
2025-02-11,US1NHMR0043,0.0
2025-02-12,US1NHMR0043,0.0
2025-02-13,US1NHMR0043,53.0
2025-02-14,US1NHMR0043,61.0
2025-02-15,US1NHMR0043,0.0
2025-02-16,US1NHMR0043,112.0
2025-02-17,US1NHMR0043,191.0
2025-02-18,US1NHMR0043,0.0
2025-02-19,US1NHMR0043,0.0
2025-02-20,US1NHMR0043,0.0
2025-02-21,US1NHMR0043,0.0
2025-02-22,US1NHMR0043,0.0
2025-02-23,US1NHMR0043,0.0
2025-02-24,US1NHMR0043,0.0
2025-02-25,US1NHMR0043,0.0
2025-02-26,US1NHMR0043,8.0
2025-02-27,US1NHMR0043,13.0
2025-02-28,US1NHMR0043,150.0
2025-03-01,US1NHMR0043,5.0
2025-03-02,US1NHMR0043,0.0
2025-03-03,US1NHMR0043,0.0
2025-03-04,US1NHMR0043,0.0
2025-03-05,US1NHMR0043,0.0
2025-03-06,US1NHMR0043,173.0
2025-03-07,US1NHMR0043,0.0
2025-03-08,US1NHMR0043,0.0
2025-03-09,US1NHMR0043,0.0
2025-03-10,US1NHMR0043,0.0
2025-03-11,US1NHMR0043,0.0
2025-03-12,US1NHMR0043,0.0
2025-03-13,US1NHMR0043,0.0
2025-03-14,US1NHMR0043,0.0
2025-03-15,US1NHMR0043,0.0
2025-03-16,US1NHMR0043,0.0
2025-03-17,US1NHMR0043,284.0
2025-03-18,US1NHMR0043,43.0
2025-03-19,US1NHMR0043,0.0
2025-03-20,US1NHMR0043,0.0
2025-03-21,US1NHMR0043,97.0
2025-03-22,US1NHMR0043,0.0
2025-03-23,US1NHMR0043,10.0
2025-03-24,US1NHMR0043,0.0
2025-03-25,US1NHMR0043,119.0
2025-02-01,US1NHMR0045,79.0
2025-02-02,US1NHMR0045,0.0
2025-02-03,US1NHMR0045,38.0
2025-02-04,US1NHMR0045,13.0
2025-02-05,US1NHMR0045,0.0
2025-02-06,US1NHMR0045,0.0
2025-02-07,US1NHMR0045,140.0
2025-02-08,US1NHMR0045,0.0
2025-02-09,US1NHMR0045,124.0
2025-02-10,US1NHMR0045,0.0
2025-02-11,US1NHMR0045,0.0
2025-02-12,US1NHMR0045,0.0
2025-02-13,US1NHMR0045,36.0
2025-02-14,US1NHMR0045,64.0
2025-02-15,US1NHMR0045,0.0
2025-02-16,US1NHMR0045,109.0
2025-02-19,US1NHMR0045,0.0
2025-02-20,US1NHMR0045,0.0
2025-02-21,US1NHMR0045,0.0
2025-02-22,US1NHMR0045,0.0
2025-02-23,US1NHMR0045,0.0
2025-02-24,US1NHMR0045,0.0
2025-02-25,US1NHMR0045,0.0
2025-02-26,US1NHMR0045,0.0
2025-02-27,US1NHMR0045,5.0
2025-02-28,US1NHMR0045,137.0
2025-03-01,US1NHMR0045,25.0
2025-03-02,US1NHMR0045,0.0
2025-03-03,US1NHMR0045,0.0
2025-03-04,US1NHMR0045,0.0
2025-03-05,US1NHMR0045,0.0
2025-03-06,US1NHMR0045,201.0
2025-03-07,US1NHMR0045,0.0
2025-03-08,US1NHMR0045,0.0
2025-03-09,US1NHMR0045,0.0
2025-03-10,US1NHMR0045,0.0
2025-03-11,US1NHMR0045,0.0
2025-03-12,US1NHMR0045,0.0
2025-03-13,US1NHMR0045,0.0
2025-03-14,US1NHMR0045,0.0
2025-03-15,US1NHMR0045,0.0
2025-03-16,US1NHMR0045,0.0
2025-03-17,US1NHMR0045,262.0
2025-03-18,US1NHMR0045,53.0
2025-03-19,US1NHMR0045,0.0
2025-03-20,US1NHMR0045,0.0
2025-03-21,US1NHMR0045,89.0
2025-03-22,US1NHMR0045,0.0
2025-03-23,US1NHMR0045,8.0
2025-03-24,US1NHMR0045,0.0
2025-03-25,US1NHMR0045,152.0
2025-02-01,US1NHMR0047,109.0
2025-02-02,US1NHMR0047,0.0
2025-02-03,US1NHMR0047,33.0
2025-02-04,US1NHMR0047,3.0
2025-02-05,US1NHMR0047,0.0
2025-02-06,US1NHMR0047,0.0
2025-02-07,US1NHMR0047,102.0
2025-02-08,US1NHMR0047,0.0
2025-02-09,US1NHMR0047,137.0
2025-02-10,US1NHMR0047,3.0
2025-02-11,US1NHMR0047,0.0
2025-02-12,US1NHMR0047,0.0
2025-02-13,US1NHMR0047,71.0
2025-02-14,US1NHMR0047,46.0
2025-02-15,US1NHMR0047,0.0
2025-02-16,US1NHMR0047,178.0
2025-02-17,US1NHMR0047,211.0
2025-02-18,US1NHMR0047,0.0
2025-02-19,US1NHMR0047,0.0
2025-02-20,US1NHMR0047,0.0
2025-02-21,US1NHMR0047,0.0
2025-02-22,US1NHMR0047,0.0
2025-02-23,US1NHMR0047,0.0
2025-02-24,US1NHMR0047,0.0
2025-02-25,US1NHMR0047,0.0
2025-02-26,US1NHMR0047,0.0
2025-02-27,US1NHMR0047,28.0
2025-02-28,US1NHMR0047,81.0
2025-03-01,US1NHMR0047,0.0
2025-03-02,US1NHMR0047,0.0
2025-03-03,US1NHMR0047,0.0
2025-03-04,US1NHMR0047,0.0
2025-03-05,US1NHMR0047,0.0
2025-03-06,US1NHMR0047,221.0
2025-03-07,US1NHMR0047,0.0
2025-03-08,US1NHMR0047,0.0
2025-03-09,US1NHMR0047,0.0
2025-03-10,US1NHMR0047,0.0
2025-03-11,US1NHMR0047,0.0
2025-03-12,US1NHMR0047,0.0
2025-03-13,US1NHMR0047,0.0
2025-03-14,US1NHMR0047,0.0
2025-03-15,US1NHMR0047,0.0
2025-03-16,US1NHMR0047,3.0
2025-03-17,US1NHMR0047,292.0
2025-03-18,US1NHMR0047,28.0
2025-03-19,US1NHMR0047,0.0
2025-03-20,US1NHMR0047,8.0
2025-03-21,US1NHMR0047,114.0
2025-03-22,US1NHMR0047,0.0
2025-03-23,US1NHMR0047,10.0
2025-03-24,US1NHMR0047,0.0
2025-03-25,US1NHMR0047,130.0
2025-02-01,US1NHMR0051,81.0
2025-02-02,US1NHMR0051,0.0
2025-02-03,US1NHMR0051,30.0
2025-02-04,US1NHMR0051,3.0
2025-02-05,US1NHMR0051,0.0
2025-02-06,US1NHMR0051,0.0
2025-02-07,US1NHMR0051,107.0
2025-02-08,US1NHMR0051,0.0
2025-02-09,US1NHMR0051,112.0
2025-02-10,US1NHMR0051,3.0
2025-02-11,US1NHMR0051,0.0
2025-02-12,US1NHMR0051,0.0
2025-02-13,US1NHMR0051,84.0
2025-02-14,US1NHMR0051,36.0
2025-02-15,US1NHMR0051,0.0
2025-02-16,US1NHMR0051,142.0
2025-02-17,US1NHMR0051,180.0
2025-02-18,US1NHMR0051,0.0
2025-02-19,US1NHMR0051,0.0
2025-02-20,US1NHMR0051,0.0
2025-02-21,US1NHMR0051,0.0
2025-02-22,US1NHMR0051,0.0
2025-02-23,US1NHMR0051,0.0
2025-02-24,US1NHMR0051,0.0
2025-02-25,US1NHMR0051,0.0
2025-02-26,US1NHMR0051,0.0
2025-02-27,US1NHMR0051,36.0
2025-02-28,US1NHMR0051,122.0
2025-03-01,US1NHMR0051,5.0
2025-03-02,US1NHMR0051,0.0
2025-03-03,US1NHMR0051,0.0
2025-03-04,US1NHMR0051,0.0
2025-03-05,US1NHMR0051,0.0
2025-03-06,US1NHMR0051,196.0
2025-03-07,US1NHMR0051,0.0
2025-03-08,US1NHMR0051,0.0
2025-03-09,US1NHMR0051,0.0
2025-03-10,US1NHMR0051,0.0
2025-03-11,US1NHMR0051,0.0
2025-03-12,US1NHMR0051,0.0
2025-03-13,US1NHMR0051,0.0
2025-03-14,US1NHMR0051,0.0
2025-03-15,US1NHMR0051,0.0
2025-03-16,US1NHMR0051,0.0
2025-03-17,US1NHMR0051,312.0
2025-03-18,US1NHMR0051,15.0
2025-03-19,US1NHMR0051,0.0
2025-03-20,US1NHMR0051,0.0
2025-03-21,US1NHMR0051,107.0
2025-03-22,US1NHMR0051,0.0
2025-03-23,US1NHMR0051,10.0
2025-03-24,US1NHMR0051,0.0
2025-03-25,US1NHMR0051,109.0
2025-02-01,US1NHMR0055,89.0
2025-02-02,US1NHMR0055,0.0
2025-02-03,US1NHMR0055,36.0
2025-02-04,US1NHMR0055,0.0
2025-02-05,US1NHMR0055,0.0
2025-02-06,US1NHMR0055,0.0
2025-02-07,US1NHMR0055,114.0
2025-02-08,US1NHMR0055,0.0
2025-02-09,US1NHMR0055,119.0
2025-02-10,US1NHMR0055,0.0
2025-02-11,US1NHMR0055,0.0
2025-02-12,US1NHMR0055,0.0
2025-02-13,US1NHMR0055,38.0
2025-02-14,US1NHMR0055,86.0
2025-02-15,US1NHMR0055,0.0
2025-02-16,US1NHMR0055,114.0
2025-02-17,US1NHMR0055,178.0
2025-02-18,US1NHMR0055,0.0
2025-02-19,US1NHMR0055,0.0
2025-02-20,US1NHMR0055,0.0
2025-02-21,US1NHMR0055,0.0
2025-02-22,US1NHMR0055,0.0
2025-02-23,US1NHMR0055,0.0
2025-02-24,US1NHMR0055,0.0
2025-02-25,US1NHMR0055,0.0
2025-02-26,US1NHMR0055,0.0
2025-02-27,US1NHMR0055,8.0
2025-02-28,US1NHMR0055,107.0
2025-03-01,US1NHMR0055,5.0
2025-03-02,US1NHMR0055,0.0
2025-03-03,US1NHMR0055,0.0
2025-03-04,US1NHMR0055,0.0
2025-03-05,US1NHMR0055,0.0
2025-03-06,US1NHMR0055,165.0
2025-03-07,US1NHMR0055,0.0
2025-03-08,US1NHMR0055,0.0
2025-03-09,US1NHMR0055,0.0
2025-03-10,US1NHMR0055,0.0
2025-03-11,US1NHMR0055,0.0
2025-03-12,US1NHMR0055,0.0
2025-03-13,US1NHMR0055,0.0
2025-03-14,US1NHMR0055,0.0
2025-03-15,US1NHMR0055,0.0
2025-03-16,US1NHMR0055,0.0
2025-03-17,US1NHMR0055,272.0
2025-03-18,US1NHMR0055,48.0
2025-03-19,US1NHMR0055,0.0
2025-03-20,US1NHMR0055,5.0
2025-03-21,US1NHMR0055,97.0
2025-03-22,US1NHMR0055,0.0
2025-03-23,US1NHMR0055,0.0
2025-03-24,US1NHMR0055,0.0
2025-03-25,US1NHMR0055,117.0
2025-02-01,US1NHMR0060,69.0
2025-02-02,US1NHMR0060,0.0
2025-02-03,US1NHMR0060,38.0
2025-02-04,US1NHMR0060,10.0
2025-02-05,US1NHMR0060,0.0
2025-02-06,US1NHMR0060,0.0
2025-02-07,US1NHMR0060,97.0
2025-02-08,US1NHMR0060,0.0
2025-02-09,US1NHMR0060,122.0
2025-02-10,US1NHMR0060,3.0
2025-02-11,US1NHMR0060,0.0
2025-02-12,US1NHMR0060,0.0
2025-02-13,US1NHMR0060,107.0
2025-02-14,US1NHMR0060,53.0
2025-02-15,US1NHMR0060,0.0
2025-02-16,US1NHMR0060,145.0
2025-02-17,US1NHMR0060,208.0
2025-02-18,US1NHMR0060,0.0
2025-02-19,US1NHMR0060,0.0
2025-02-20,US1NHMR0060,0.0
2025-02-21,US1NHMR0060,0.0
2025-02-22,US1NHMR0060,0.0
2025-02-23,US1NHMR0060,0.0
2025-02-24,US1NHMR0060,0.0
2025-02-25,US1NHMR0060,0.0
2025-02-26,US1NHMR0060,0.0
2025-02-27,US1NHMR0060,23.0
2025-02-28,US1NHMR0060,122.0
2025-03-01,US1NHMR0060,28.0
2025-03-02,US1NHMR0060,0.0
2025-03-03,US1NHMR0060,0.0
2025-03-04,US1NHMR0060,0.0
2025-03-05,US1NHMR0060,0.0
2025-03-06,US1NHMR0060,213.0
2025-03-07,US1NHMR0060,0.0
2025-03-08,US1NHMR0060,0.0
2025-03-09,US1NHMR0060,0.0
2025-03-10,US1NHMR0060,0.0
2025-03-11,US1NHMR0060,0.0
2025-03-12,US1NHMR0060,0.0
2025-03-13,US1NHMR0060,0.0
2025-03-14,US1NHMR0060,0.0
2025-03-15,US1NHMR0060,0.0
2025-03-16,US1NHMR0060,0.0
2025-03-17,US1NHMR0060,234.0
2025-03-18,US1NHMR0060,20.0
2025-03-19,US1NHMR0060,0.0
2025-03-20,US1NHMR0060,0.0
2025-03-21,US1NHMR0060,99.0
2025-03-22,US1NHMR0060,0.0
2025-03-23,US1NHMR0060,25.0
2025-03-24,US1NHMR0060,0.0
2025-03-25,US1NHMR0060,114.0
2025-02-01,US1NHMR0062,76.0
2025-02-02,US1NHMR0062,0.0
2025-02-03,US1NHMR0062,30.0
2025-02-04,US1NHMR0062,30.0
2025-02-07,US1NHMR0062,114.0
2025-02-09,US1NHMR0062,117.0
2025-03-06,US1NHMR0062,226.0
2025-02-01,US1NHMR0063,64.0
2025-02-02,US1NHMR0063,0.0
2025-02-03,US1NHMR0063,33.0
2025-02-04,US1NHMR0063,28.0
2025-02-05,US1NHMR0063,0.0
2025-02-06,US1NHMR0063,0.0
2025-02-07,US1NHMR0063,104.0
2025-02-08,US1NHMR0063,0.0
2025-02-09,US1NHMR0063,107.0
2025-02-10,US1NHMR0063,5.0
2025-02-11,US1NHMR0063,0.0
2025-02-12,US1NHMR0063,0.0
2025-02-13,US1NHMR0063,69.0
2025-02-14,US1NHMR0063,79.0
2025-02-15,US1NHMR0063,0.0
2025-02-16,US1NHMR0063,102.0
2025-02-17,US1NHMR0063,208.0
2025-02-18,US1NHMR0063,0.0
2025-02-19,US1NHMR0063,0.0
2025-02-20,US1NHMR0063,0.0
2025-02-21,US1NHMR0063,0.0
2025-02-22,US1NHMR0063,0.0
2025-02-23,US1NHMR0063,0.0
2025-02-24,US1NHMR0063,0.0
2025-02-25,US1NHMR0063,0.0
2025-02-26,US1NHMR0063,0.0
2025-02-27,US1NHMR0063,20.0
2025-02-28,US1NHMR0063,124.0
2025-03-01,US1NHMR0063,30.0
2025-03-02,US1NHMR0063,0.0
2025-03-03,US1NHMR0063,0.0
2025-03-04,US1NHMR0063,0.0
2025-03-05,US1NHMR0063,0.0
2025-03-06,US1NHMR0063,277.0
2025-03-07,US1NHMR0063,0.0
2025-03-08,US1NHMR0063,0.0
2025-03-09,US1NHMR0063,0.0
2025-03-10,US1NHMR0063,0.0
2025-03-11,US1NHMR0063,0.0
2025-03-12,US1NHMR0063,0.0
2025-03-13,US1NHMR0063,0.0
2025-03-14,US1NHMR0063,0.0
2025-03-15,US1NHMR0063,0.0
2025-03-16,US1NHMR0063,0.0
2025-03-17,US1NHMR0063,173.0
2025-03-18,US1NHMR0063,33.0
2025-03-19,US1NHMR0063,0.0
2025-03-20,US1NHMR0063,0.0
2025-03-21,US1NHMR0063,91.0
2025-03-22,US1NHMR0063,10.0
2025-03-23,US1NHMR0063,5.0
2025-03-24,US1NHMR0063,0.0
2025-02-01,US1NHMR0065,94.0
2025-02-02,US1NHMR0065,0.0
2025-02-03,US1NHMR0065,36.0
2025-02-04,US1NHMR0065,3.0
2025-02-05,US1NHMR0065,0.0
2025-02-06,US1NHMR0065,0.0
2025-02-07,US1NHMR0065,102.0
2025-02-08,US1NHMR0065,0.0
2025-02-09,US1NHMR0065,94.0
2025-02-10,US1NHMR0065,0.0
2025-02-11,US1NHMR0065,0.0
2025-02-12,US1NHMR0065,0.0
2025-02-13,US1NHMR0065,30.0
2025-02-14,US1NHMR0065,38.0
2025-02-15,US1NHMR0065,0.0
2025-02-16,US1NHMR0065,94.0
2025-02-17,US1NHMR0065,188.0
2025-02-18,US1NHMR0065,0.0
2025-02-19,US1NHMR0065,0.0
2025-02-20,US1NHMR0065,0.0
2025-02-21,US1NHMR0065,0.0
2025-02-22,US1NHMR0065,0.0
2025-02-23,US1NHMR0065,0.0
2025-02-24,US1NHMR0065,0.0
2025-02-25,US1NHMR0065,0.0
2025-02-26,US1NHMR0065,0.0
2025-02-27,US1NHMR0065,0.0
2025-02-28,US1NHMR0065,102.0
2025-03-01,US1NHMR0065,0.0
2025-03-02,US1NHMR0065,0.0
2025-03-03,US1NHMR0065,0.0
2025-03-04,US1NHMR0065,0.0
2025-03-05,US1NHMR0065,0.0
2025-03-06,US1NHMR0065,234.0
2025-03-07,US1NHMR0065,0.0
2025-03-08,US1NHMR0065,0.0
2025-03-09,US1NHMR0065,0.0
2025-03-10,US1NHMR0065,0.0
2025-03-11,US1NHMR0065,0.0
2025-03-12,US1NHMR0065,0.0
2025-03-19,US1NHMR0065,0.0
2025-03-20,US1NHMR0065,0.0
2025-03-21,US1NHMR0065,91.0
2025-03-22,US1NHMR0065,10.0
2025-03-23,US1NHMR0065,8.0
2025-03-24,US1NHMR0065,0.0
2025-03-25,US1NHMR0065,114.0
2025-02-01,US1NHMR0068,99.0
2025-02-02,US1NHMR0068,0.0
2025-02-03,US1NHMR0068,30.0
2025-02-04,US1NHMR0068,8.0
2025-02-05,US1NHMR0068,0.0
2025-02-06,US1NHMR0068,0.0
2025-02-07,US1NHMR0068,107.0
2025-02-08,US1NHMR0068,3.0
2025-02-09,US1NHMR0068,109.0
2025-02-10,US1NHMR0068,0.0
2025-02-11,US1NHMR0068,0.0
2025-02-12,US1NHMR0068,0.0
2025-02-13,US1NHMR0068,53.0
2025-02-14,US1NHMR0068,69.0
2025-02-15,US1NHMR0068,0.0
2025-02-16,US1NHMR0068,99.0
2025-02-17,US1NHMR0068,188.0
2025-02-18,US1NHMR0068,0.0
2025-02-19,US1NHMR0068,0.0
2025-02-20,US1NHMR0068,0.0
2025-02-21,US1NHMR0068,0.0
2025-02-22,US1NHMR0068,0.0
2025-02-23,US1NHMR0068,0.0
2025-02-24,US1NHMR0068,0.0
2025-02-25,US1NHMR0068,0.0
2025-02-26,US1NHMR0068,10.0
2025-02-27,US1NHMR0068,10.0
2025-02-28,US1NHMR0068,145.0
2025-03-01,US1NHMR0068,0.0
2025-03-02,US1NHMR0068,0.0
2025-03-03,US1NHMR0068,0.0
2025-03-04,US1NHMR0068,0.0
2025-03-05,US1NHMR0068,0.0
2025-03-06,US1NHMR0068,201.0
2025-03-07,US1NHMR0068,0.0
2025-03-08,US1NHMR0068,0.0
2025-03-09,US1NHMR0068,0.0
2025-03-10,US1NHMR0068,0.0
2025-03-11,US1NHMR0068,0.0
2025-03-12,US1NHMR0068,0.0
2025-03-13,US1NHMR0068,0.0
2025-03-14,US1NHMR0068,0.0
2025-03-15,US1NHMR0068,0.0
2025-03-16,US1NHMR0068,0.0
2025-03-17,US1NHMR0068,282.0
2025-03-18,US1NHMR0068,43.0
2025-03-19,US1NHMR0068,0.0
2025-03-20,US1NHMR0068,0.0
2025-03-21,US1NHMR0068,97.0
2025-03-22,US1NHMR0068,18.0
2025-03-23,US1NHMR0068,8.0
2025-03-24,US1NHMR0068,0.0
2025-03-25,US1NHMR0068,119.0
2025-02-01,US1NHMR0070,74.0
2025-02-02,US1NHMR0070,0.0
2025-02-03,US1NHMR0070,33.0
2025-02-04,US1NHMR0070,36.0
2025-02-05,US1NHMR0070,0.0
2025-02-06,US1NHMR0070,0.0
2025-02-07,US1NHMR0070,91.0
2025-02-08,US1NHMR0070,0.0
2025-02-09,US1NHMR0070,89.0
2025-02-10,US1NHMR0070,20.0
2025-02-11,US1NHMR0070,0.0
2025-02-12,US1NHMR0070,0.0
2025-02-13,US1NHMR0070,36.0
2025-02-14,US1NHMR0070,86.0
2025-02-15,US1NHMR0070,0.0
2025-02-16,US1NHMR0070,71.0
2025-02-17,US1NHMR0070,157.0
2025-02-18,US1NHMR0070,0.0
2025-02-19,US1NHMR0070,0.0
2025-02-20,US1NHMR0070,0.0
2025-02-21,US1NHMR0070,0.0
2025-02-22,US1NHMR0070,0.0
2025-02-23,US1NHMR0070,0.0
2025-02-24,US1NHMR0070,0.0
2025-02-25,US1NHMR0070,0.0
2025-02-26,US1NHMR0070,0.0
2025-02-27,US1NHMR0070,0.0
2025-02-28,US1NHMR0070,170.0
2025-03-01,US1NHMR0070,36.0
2025-03-02,US1NHMR0070,0.0
2025-03-03,US1NHMR0070,0.0
2025-03-04,US1NHMR0070,0.0
2025-03-05,US1NHMR0070,0.0
2025-03-06,US1NHMR0070,226.0
2025-03-07,US1NHMR0070,0.0
2025-03-08,US1NHMR0070,0.0
2025-03-09,US1NHMR0070,0.0
2025-03-10,US1NHMR0070,0.0
2025-03-11,US1NHMR0070,0.0
2025-03-12,US1NHMR0070,0.0
2025-03-13,US1NHMR0070,0.0
2025-03-14,US1NHMR0070,0.0
2025-03-15,US1NHMR0070,0.0
2025-03-16,US1NHMR0070,0.0
2025-03-17,US1NHMR0070,157.0
2025-03-18,US1NHMR0070,81.0
2025-03-19,US1NHMR0070,0.0
2025-03-20,US1NHMR0070,0.0
2025-03-21,US1NHMR0070,61.0
2025-03-22,US1NHMR0070,46.0
2025-03-23,US1NHMR0070,5.0
2025-03-24,US1NHMR0070,0.0
2025-03-25,US1NHMR0070,127.0
2025-02-01,US1NHMR0071,91.0
2025-02-02,US1NHMR0071,0.0
2025-02-03,US1NHMR0071,30.0
2025-02-04,US1NHMR0071,5.0
2025-02-05,US1NHMR0071,0.0
2025-02-06,US1NHMR0071,0.0
2025-02-07,US1NHMR0071,107.0
2025-02-08,US1NHMR0071,3.0
2025-02-09,US1NHMR0071,114.0
2025-02-10,US1NHMR0071,5.0
2025-02-11,US1NHMR0071,0.0
2025-02-12,US1NHMR0071,0.0
2025-02-13,US1NHMR0071,33.0
2025-02-14,US1NHMR0071,53.0
2025-02-15,US1NHMR0071,0.0
2025-02-16,US1NHMR0071,81.0
2025-02-17,US1NHMR0071,211.0
2025-02-18,US1NHMR0071,0.0
2025-02-19,US1NHMR0071,0.0
2025-02-20,US1NHMR0071,0.0
2025-02-21,US1NHMR0071,0.0
2025-02-22,US1NHMR0071,0.0
2025-02-23,US1NHMR0071,0.0
2025-02-24,US1NHMR0071,0.0
2025-02-25,US1NHMR0071,0.0
2025-02-26,US1NHMR0071,0.0
2025-02-27,US1NHMR0071,3.0
2025-02-28,US1NHMR0071,112.0
2025-03-01,US1NHMR0071,0.0
2025-03-02,US1NHMR0071,0.0
2025-03-04,US1NHMR0071,0.0
2025-03-05,US1NHMR0071,0.0
2025-03-06,US1NHMR0071,150.0
2025-03-07,US1NHMR0071,0.0
2025-03-08,US1NHMR0071,0.0
2025-03-09,US1NHMR0071,0.0
2025-03-10,US1NHMR0071,0.0
2025-03-11,US1NHMR0071,0.0
2025-03-12,US1NHMR0071,0.0
2025-03-13,US1NHMR0071,0.0
2025-03-14,US1NHMR0071,0.0
2025-03-15,US1NHMR0071,0.0
2025-03-16,US1NHMR0071,0.0
2025-03-17,US1NHMR0071,244.0
2025-03-18,US1NHMR0071,71.0
2025-03-19,US1NHMR0071,0.0
2025-03-20,US1NHMR0071,0.0
2025-03-21,US1NHMR0071,89.0
2025-03-22,US1NHMR0071,10.0
2025-03-23,US1NHMR0071,13.0
2025-03-24,US1NHMR0071,0.0
2025-03-25,US1NHMR0071,107.0
2025-02-01,US1NHMR0072,58.0
2025-02-02,US1NHMR0072,0.0
2025-02-03,US1NHMR0072,33.0
2025-02-04,US1NHMR0072,10.0
2025-02-05,US1NHMR0072,0.0
2025-02-06,US1NHMR0072,0.0
2025-02-07,US1NHMR0072,89.0
2025-02-08,US1NHMR0072,0.0
2025-02-09,US1NHMR0072,114.0
2025-02-10,US1NHMR0072,0.0
2025-02-11,US1NHMR0072,0.0
2025-02-12,US1NHMR0072,0.0
2025-02-13,US1NHMR0072,66.0
2025-02-14,US1NHMR0072,0.0
2025-02-15,US1NHMR0072,0.0
2025-02-16,US1NHMR0072,112.0
2025-02-17,US1NHMR0072,257.0
2025-02-18,US1NHMR0072,0.0
2025-02-19,US1NHMR0072,0.0
2025-02-20,US1NHMR0072,0.0
2025-02-21,US1NHMR0072,0.0
2025-02-22,US1NHMR0072,0.0
2025-02-23,US1NHMR0072,0.0
2025-02-24,US1NHMR0072,0.0
2025-02-25,US1NHMR0072,0.0
2025-02-26,US1NHMR0072,0.0
2025-02-27,US1NHMR0072,20.0
2025-02-28,US1NHMR0072,137.0
2025-03-01,US1NHMR0072,23.0
2025-03-02,US1NHMR0072,0.0
2025-03-03,US1NHMR0072,0.0
2025-03-04,US1NHMR0072,0.0
2025-03-05,US1NHMR0072,0.0
2025-03-06,US1NHMR0072,160.0
2025-03-07,US1NHMR0072,0.0
2025-03-08,US1NHMR0072,0.0
2025-03-09,US1NHMR0072,0.0
2025-03-10,US1NHMR0072,0.0
2025-03-11,US1NHMR0072,0.0
2025-03-12,US1NHMR0072,0.0
2025-03-13,US1NHMR0072,0.0
2025-03-14,US1NHMR0072,0.0
2025-03-15,US1NHMR0072,0.0
2025-03-16,US1NHMR0072,0.0
2025-03-17,US1NHMR0072,241.0
2025-03-18,US1NHMR0072,46.0
2025-03-19,US1NHMR0072,0.0
2025-03-20,US1NHMR0072,3.0
2025-03-21,US1NHMR0072,79.0
2025-03-25,US1NHMR0072,142.0
2025-02-02,US1NHMR0074,0.0
2025-02-04,US1NHMR0074,0.0
2025-02-05,US1NHMR0074,0.0
2025-02-06,US1NHMR0074,0.0
2025-02-08,US1NHMR0074,0.0
2025-02-10,US1NHMR0074,0.0
2025-02-11,US1NHMR0074,0.0
2025-02-12,US1NHMR0074,0.0
2025-02-14,US1NHMR0074,0.0
2025-02-15,US1NHMR0074,0.0
2025-02-18,US1NHMR0074,0.0
2025-02-19,US1NHMR0074,0.0
2025-02-20,US1NHMR0074,0.0
2025-02-21,US1NHMR0074,0.0
2025-02-22,US1NHMR0074,0.0
2025-02-23,US1NHMR0074,0.0
2025-02-24,US1NHMR0074,0.0
2025-02-25,US1NHMR0074,0.0
2025-02-26,US1NHMR0074,0.0
2025-02-27,US1NHMR0074,0.0
2025-02-28,US1NHMR0074,104.0
2025-03-01,US1NHMR0074,0.0
2025-03-02,US1NHMR0074,0.0
2025-03-03,US1NHMR0074,0.0
2025-03-04,US1NHMR0074,0.0
2025-03-05,US1NHMR0074,0.0
2025-03-06,US1NHMR0074,224.0
2025-03-07,US1NHMR0074,0.0
2025-03-08,US1NHMR0074,0.0
2025-03-09,US1NHMR0074,0.0
2025-03-10,US1NHMR0074,0.0
2025-03-11,US1NHMR0074,0.0
2025-03-12,US1NHMR0074,0.0
2025-03-13,US1NHMR0074,0.0
2025-03-14,US1NHMR0074,0.0
2025-03-15,US1NHMR0074,0.0
2025-03-16,US1NHMR0074,0.0
2025-03-17,US1NHMR0074,218.0
2025-03-18,US1NHMR0074,81.0
2025-03-19,US1NHMR0074,0.0
2025-03-20,US1NHMR0074,3.0
2025-03-21,US1NHMR0074,99.0
2025-03-22,US1NHMR0074,25.0
2025-03-23,US1NHMR0074,15.0
2025-03-24,US1NHMR0074,0.0
2025-03-25,US1NHMR0074,74.0
2025-02-03,US1NHMR0076,38.0
2025-02-04,US1NHMR0076,0.0
2025-02-05,US1NHMR0076,0.0
2025-02-06,US1NHMR0076,0.0
2025-02-07,US1NHMR0076,112.0
2025-02-09,US1NHMR0076,117.0
2025-02-10,US1NHMR0076,0.0
2025-02-11,US1NHMR0076,0.0
2025-02-12,US1NHMR0076,0.0
2025-02-13,US1NHMR0076,51.0
2025-02-14,US1NHMR0076,0.0
2025-02-15,US1NHMR0076,0.0
2025-02-19,US1NHMR0076,0.0
2025-02-20,US1NHMR0076,0.0
2025-02-21,US1NHMR0076,0.0
2025-02-24,US1NHMR0076,0.0
2025-02-25,US1NHMR0076,0.0
2025-02-26,US1NHMR0076,0.0
2025-02-27,US1NHMR0076,15.0
2025-03-01,US1NHMR0076,0.0
2025-03-02,US1NHMR0076,5.0
2025-03-03,US1NHMR0076,0.0
2025-03-04,US1NHMR0076,0.0
2025-03-05,US1NHMR0076,0.0
2025-03-06,US1NHMR0076,206.0
2025-03-07,US1NHMR0076,0.0
2025-03-08,US1NHMR0076,0.0
2025-03-09,US1NHMR0076,0.0
2025-03-10,US1NHMR0076,0.0
2025-03-11,US1NHMR0076,0.0
2025-03-12,US1NHMR0076,0.0
2025-03-13,US1NHMR0076,0.0
2025-03-14,US1NHMR0076,0.0
2025-03-15,US1NHMR0076,0.0
2025-03-16,US1NHMR0076,0.0
2025-03-17,US1NHMR0076,277.0
2025-03-18,US1NHMR0076,33.0
2025-03-19,US1NHMR0076,0.0
2025-03-20,US1NHMR0076,5.0
2025-03-21,US1NHMR0076,104.0
2025-03-22,US1NHMR0076,8.0
2025-03-23,US1NHMR0076,8.0
2025-03-24,US1NHMR0076,0.0
2025-03-25,US1NHMR0076,124.0
2025-02-01,US1NHMR0077,102.0
2025-02-02,US1NHMR0077,0.0
2025-02-03,US1NHMR0077,30.0
2025-02-04,US1NHMR0077,3.0
2025-02-05,US1NHMR0077,0.0
2025-02-06,US1NHMR0077,0.0
2025-02-07,US1NHMR0077,86.0
2025-02-08,US1NHMR0077,0.0
2025-02-12,US1NHMR0077,0.0
2025-02-13,US1NHMR0077,58.0
2025-02-14,US1NHMR0077,76.0
2025-02-15,US1NHMR0077,0.0
2025-02-16,US1NHMR0077,145.0
2025-02-17,US1NHMR0077,234.0
2025-02-18,US1NHMR0077,0.0
2025-02-19,US1NHMR0077,0.0
2025-02-20,US1NHMR0077,0.0
2025-02-21,US1NHMR0077,0.0
2025-02-22,US1NHMR0077,0.0
2025-02-23,US1NHMR0077,0.0
2025-02-24,US1NHMR0077,0.0
2025-02-25,US1NHMR0077,0.0
2025-02-26,US1NHMR0077,0.0
2025-02-27,US1NHMR0077,0.0
2025-02-28,US1NHMR0077,119.0
2025-03-01,US1NHMR0077,0.0
2025-03-02,US1NHMR0077,3.0
2025-03-03,US1NHMR0077,0.0
2025-03-04,US1NHMR0077,0.0
2025-03-05,US1NHMR0077,0.0
2025-03-06,US1NHMR0077,191.0
2025-03-07,US1NHMR0077,0.0
2025-03-08,US1NHMR0077,0.0
2025-03-09,US1NHMR0077,0.0
2025-03-10,US1NHMR0077,0.0
2025-03-11,US1NHMR0077,0.0
2025-03-12,US1NHMR0077,0.0
2025-03-13,US1NHMR0077,0.0
2025-03-14,US1NHMR0077,0.0
2025-03-15,US1NHMR0077,0.0
2025-03-16,US1NHMR0077,0.0
2025-03-17,US1NHMR0077,201.0
2025-03-18,US1NHMR0077,89.0
2025-03-19,US1NHMR0077,0.0
2025-03-20,US1NHMR0077,3.0
2025-03-21,US1NHMR0077,81.0
2025-03-22,US1NHMR0077,13.0
2025-03-23,US1NHMR0077,3.0
2025-03-24,US1NHMR0077,0.0
2025-03-25,US1NHMR0077,135.0
2025-02-01,US1NHMR0080,69.0
2025-02-02,US1NHMR0080,0.0
2025-02-03,US1NHMR0080,36.0
2025-02-04,US1NHMR0080,10.0
2025-02-05,US1NHMR0080,0.0
2025-02-06,US1NHMR0080,0.0
2025-02-07,US1NHMR0080,112.0
2025-02-08,US1NHMR0080,0.0
2025-02-09,US1NHMR0080,119.0
2025-02-10,US1NHMR0080,0.0
2025-02-11,US1NHMR0080,0.0
2025-02-12,US1NHMR0080,0.0
2025-02-13,US1NHMR0080,48.0
2025-02-14,US1NHMR0080,43.0
2025-02-15,US1NHMR0080,0.0
2025-02-16,US1NHMR0080,86.0
2025-02-17,US1NHMR0080,216.0
2025-02-18,US1NHMR0080,0.0
2025-02-19,US1NHMR0080,0.0
2025-02-20,US1NHMR0080,0.0
2025-02-21,US1NHMR0080,0.0
2025-02-22,US1NHMR0080,0.0
2025-02-23,US1NHMR0080,0.0
2025-02-24,US1NHMR0080,0.0
2025-02-25,US1NHMR0080,0.0
2025-02-26,US1NHMR0080,3.0
2025-02-27,US1NHMR0080,20.0
2025-02-28,US1NHMR0080,109.0
2025-03-01,US1NHMR0080,23.0
2025-03-02,US1NHMR0080,0.0
2025-03-03,US1NHMR0080,0.0
2025-03-04,US1NHMR0080,0.0
2025-03-05,US1NHMR0080,5.0
2025-03-06,US1NHMR0080,175.0
2025-03-07,US1NHMR0080,5.0
2025-03-08,US1NHMR0080,0.0
2025-03-09,US1NHMR0080,0.0
2025-03-10,US1NHMR0080,0.0
2025-03-11,US1NHMR0080,0.0
2025-03-12,US1NHMR0080,0.0
2025-03-13,US1NHMR0080,0.0
2025-03-14,US1NHMR0080,0.0
2025-03-15,US1NHMR0080,0.0
2025-03-16,US1NHMR0080,0.0
2025-03-17,US1NHMR0080,356.0
2025-03-18,US1NHMR0080,8.0
2025-03-19,US1NHMR0080,0.0
2025-03-20,US1NHMR0080,8.0
2025-03-21,US1NHMR0080,97.0
2025-03-22,US1NHMR0080,3.0
2025-03-23,US1NHMR0080,3.0
2025-03-24,US1NHMR0080,0.0
2025-03-25,US1NHMR0080,124.0
2025-02-01,US1NHMR0082,94.0
2025-02-02,US1NHMR0082,0.0
2025-02-03,US1NHMR0082,30.0
2025-02-04,US1NHMR0082,5.0
2025-02-05,US1NHMR0082,0.0
2025-02-06,US1NHMR0082,0.0
2025-02-07,US1NHMR0082,104.0
2025-02-08,US1NHMR0082,0.0
2025-02-09,US1NHMR0082,122.0
2025-02-10,US1NHMR0082,0.0
2025-02-11,US1NHMR0082,0.0
2025-02-12,US1NHMR0082,0.0
2025-02-13,US1NHMR0082,66.0
2025-02-14,US1NHMR0082,69.0
2025-02-15,US1NHMR0082,0.0
2025-02-16,US1NHMR0082,132.0
2025-02-17,US1NHMR0082,191.0
2025-02-18,US1NHMR0082,0.0
2025-02-19,US1NHMR0082,0.0
2025-02-20,US1NHMR0082,0.0
2025-02-21,US1NHMR0082,0.0
2025-02-22,US1NHMR0082,0.0
2025-02-23,US1NHMR0082,0.0
2025-02-24,US1NHMR0082,0.0
2025-02-25,US1NHMR0082,0.0
2025-02-26,US1NHMR0082,5.0
2025-02-27,US1NHMR0082,20.0
2025-02-28,US1NHMR0082,150.0
2025-03-01,US1NHMR0082,5.0
2025-03-02,US1NHMR0082,0.0
2025-03-03,US1NHMR0082,0.0
2025-03-04,US1NHMR0082,0.0
2025-03-05,US1NHMR0082,0.0
2025-03-06,US1NHMR0082,213.0
2025-03-07,US1NHMR0082,0.0
2025-03-08,US1NHMR0082,0.0
2025-03-09,US1NHMR0082,0.0
2025-03-10,US1NHMR0082,0.0
2025-03-11,US1NHMR0082,0.0
2025-03-12,US1NHMR0082,0.0
2025-03-13,US1NHMR0082,0.0
2025-03-14,US1NHMR0082,0.0
2025-03-15,US1NHMR0082,0.0
2025-03-16,US1NHMR0082,0.0
2025-03-17,US1NHMR0082,277.0
2025-03-18,US1NHMR0082,38.0
2025-03-19,US1NHMR0082,0.0
2025-03-20,US1NHMR0082,3.0
2025-03-21,US1NHMR0082,104.0
2025-02-01,US1NHRC0024,114.0
2025-02-02,US1NHRC0024,8.0
2025-02-03,US1NHRC0024,53.0
2025-02-04,US1NHRC0024,0.0
2025-02-05,US1NHRC0024,0.0
2025-02-06,US1NHRC0024,0.0
2025-02-07,US1NHRC0024,122.0
2025-02-08,US1NHRC0024,0.0
2025-02-09,US1NHRC0024,132.0
2025-02-10,US1NHRC0024,0.0
2025-02-11,US1NHRC0024,0.0
2025-02-12,US1NHRC0024,0.0
2025-02-13,US1NHRC0024,41.0
2025-02-14,US1NHRC0024,69.0
2025-02-15,US1NHRC0024,0.0
2025-02-16,US1NHRC0024,175.0
2025-02-17,US1NHRC0024,211.0
2025-02-18,US1NHRC0024,0.0
2025-02-19,US1NHRC0024,0.0
2025-02-20,US1NHRC0024,0.0
2025-02-21,US1NHRC0024,0.0
2025-02-22,US1NHRC0024,0.0
2025-02-23,US1NHRC0024,0.0
2025-02-24,US1NHRC0024,0.0
2025-02-25,US1NHRC0024,0.0
2025-02-26,US1NHRC0024,3.0
2025-02-27,US1NHRC0024,0.0
2025-02-28,US1NHRC0024,53.0
2025-03-01,US1NHRC0024,0.0
2025-03-02,US1NHRC0024,3.0
2025-03-03,US1NHRC0024,0.0
2025-03-04,US1NHRC0024,0.0
2025-03-05,US1NHRC0024,0.0
2025-03-06,US1NHRC0024,168.0
2025-03-07,US1NHRC0024,30.0
2025-03-08,US1NHRC0024,0.0
2025-03-09,US1NHRC0024,0.0
2025-03-10,US1NHRC0024,0.0
2025-03-11,US1NHRC0024,0.0
2025-03-12,US1NHRC0024,0.0
2025-03-13,US1NHRC0024,0.0
2025-03-14,US1NHRC0024,0.0
2025-03-15,US1NHRC0024,0.0
2025-03-16,US1NHRC0024,0.0
2025-03-17,US1NHRC0024,157.0
2025-03-18,US1NHRC0024,145.0
2025-03-19,US1NHRC0024,0.0
2025-03-20,US1NHRC0024,5.0
2025-03-21,US1NHRC0024,64.0
2025-03-22,US1NHRC0024,48.0
2025-03-23,US1NHRC0024,3.0
2025-03-24,US1NHRC0024,0.0
2025-03-25,US1NHRC0024,178.0
2025-02-13,US1NHRC0033,69.0
2025-03-06,US1NHRC0033,160.0
2025-03-07,US1NHRC0033,0.0
2025-03-08,US1NHRC0033,0.0
2025-03-09,US1NHRC0033,0.0
2025-03-10,US1NHRC0033,0.0
2025-03-11,US1NHRC0033,0.0
2025-03-12,US1NHRC0033,0.0
2025-03-13,US1NHRC0033,0.0
2025-03-14,US1NHRC0033,0.0
2025-03-15,US1NHRC0033,0.0
2025-03-16,US1NHRC0033,0.0
2025-03-17,US1NHRC0033,315.0
2025-02-01,US1NHRC0048,76.0
2025-02-02,US1NHRC0048,10.0
2025-02-03,US1NHRC0048,33.0
2025-02-04,US1NHRC0048,0.0
2025-02-05,US1NHRC0048,0.0
2025-02-06,US1NHRC0048,0.0
2025-02-07,US1NHRC0048,102.0
2025-02-08,US1NHRC0048,0.0
2025-02-09,US1NHRC0048,94.0
2025-02-10,US1NHRC0048,3.0
2025-02-11,US1NHRC0048,0.0
2025-02-12,US1NHRC0048,0.0
2025-02-13,US1NHRC0048,36.0
2025-02-14,US1NHRC0048,38.0
2025-02-15,US1NHRC0048,0.0
2025-02-16,US1NHRC0048,86.0
2025-02-17,US1NHRC0048,208.0
2025-02-18,US1NHRC0048,0.0
2025-02-19,US1NHRC0048,0.0
2025-02-20,US1NHRC0048,0.0
2025-02-21,US1NHRC0048,0.0
2025-02-22,US1NHRC0048,0.0
2025-02-23,US1NHRC0048,0.0
2025-02-24,US1NHRC0048,0.0
2025-02-25,US1NHRC0048,0.0
2025-02-26,US1NHRC0048,0.0
2025-02-27,US1NHRC0048,0.0
2025-02-28,US1NHRC0048,91.0
2025-03-01,US1NHRC0048,0.0
2025-03-02,US1NHRC0048,0.0
2025-03-03,US1NHRC0048,0.0
2025-03-04,US1NHRC0048,0.0
2025-03-05,US1NHRC0048,0.0
2025-03-06,US1NHRC0048,218.0
2025-03-07,US1NHRC0048,3.0
2025-03-08,US1NHRC0048,0.0
2025-03-09,US1NHRC0048,0.0
2025-03-10,US1NHRC0048,0.0
2025-03-11,US1NHRC0048,0.0
2025-03-12,US1NHRC0048,0.0
2025-03-13,US1NHRC0048,0.0
2025-03-14,US1NHRC0048,0.0
2025-03-15,US1NHRC0048,0.0
2025-03-16,US1NHRC0048,0.0
2025-03-17,US1NHRC0048,257.0
2025-03-18,US1NHRC0048,76.0
2025-03-19,US1NHRC0048,0.0
2025-03-20,US1NHRC0048,5.0
2025-03-21,US1NHRC0048,94.0
2025-03-22,US1NHRC0048,10.0
2025-03-23,US1NHRC0048,0.0
2025-03-24,US1NHRC0048,0.0
2025-03-25,US1NHRC0048,112.0
2025-02-01,US1NHRC0060,122.0
2025-02-02,US1NHRC0060,0.0
2025-02-03,US1NHRC0060,36.0
2025-02-04,US1NHRC0060,0.0
2025-02-05,US1NHRC0060,0.0
2025-02-06,US1NHRC0060,0.0
2025-02-07,US1NHRC0060,104.0
2025-02-08,US1NHRC0060,0.0
2025-02-09,US1NHRC0060,137.0
2025-02-10,US1NHRC0060,0.0
2025-02-11,US1NHRC0060,0.0
2025-02-12,US1NHRC0060,0.0
2025-02-13,US1NHRC0060,61.0
2025-02-14,US1NHRC0060,0.0
2025-02-15,US1NHRC0060,0.0
2025-02-16,US1NHRC0060,180.0
2025-02-17,US1NHRC0060,251.0
2025-02-18,US1NHRC0060,0.0
2025-02-19,US1NHRC0060,0.0
2025-02-20,US1NHRC0060,0.0
2025-02-21,US1NHRC0060,0.0
2025-02-22,US1NHRC0060,0.0
2025-02-24,US1NHRC0060,0.0
2025-02-25,US1NHRC0060,0.0
2025-02-26,US1NHRC0060,0.0
2025-02-27,US1NHRC0060,38.0
2025-02-28,US1NHRC0060,48.0
2025-03-01,US1NHRC0060,0.0
2025-03-02,US1NHRC0060,0.0
2025-03-03,US1NHRC0060,0.0
2025-03-04,US1NHRC0060,0.0
2025-03-05,US1NHRC0060,0.0
2025-03-06,US1NHRC0060,193.0
2025-03-07,US1NHRC0060,0.0
2025-03-08,US1NHRC0060,0.0
2025-03-09,US1NHRC0060,0.0
2025-03-10,US1NHRC0060,0.0
2025-03-11,US1NHRC0060,0.0
2025-03-12,US1NHRC0060,0.0
2025-03-13,US1NHRC0060,0.0
2025-03-14,US1NHRC0060,0.0
2025-03-15,US1NHRC0060,0.0
2025-03-16,US1NHRC0060,0.0
2025-03-17,US1NHRC0060,282.0
2025-03-18,US1NHRC0060,64.0
2025-03-19,US1NHRC0060,0.0
2025-03-20,US1NHRC0060,0.0
2025-03-04,US1NHRC0065,0.0
2025-02-01,US1NHRC0072,132.0
2025-02-02,US1NHRC0072,5.0
2025-02-03,US1NHRC0072,38.0
2025-02-07,US1NHRC0072,107.0
2025-02-09,US1NHRC0072,135.0
2025-02-10,US1NHRC0072,5.0
2025-02-13,US1NHRC0072,48.0
2025-02-14,US1NHRC0072,74.0
2025-02-16,US1NHRC0072,145.0
2025-02-17,US1NHRC0072,211.0
2025-02-26,US1NHRC0072,5.0
2025-02-28,US1NHRC0072,69.0
2025-03-06,US1NHRC0072,170.0
2025-03-07,US1NHRC0072,3.0
2025-03-16,US1NHRC0072,5.0
2025-03-17,US1NHRC0072,277.0
2025-03-18,US1NHRC0072,84.0
2025-03-20,US1NHRC0072,8.0
2025-03-21,US1NHRC0072,79.0
2025-03-22,US1NHRC0072,46.0
2025-03-23,US1NHRC0072,13.0
2025-03-25,US1NHRC0072,165.0
2025-02-01,US1NHRC0079,112.0
2025-02-02,US1NHRC0079,5.0
2025-02-03,US1NHRC0079,51.0
2025-02-04,US1NHRC0079,3.0
2025-02-05,US1NHRC0079,0.0
2025-02-06,US1NHRC0079,0.0
2025-02-07,US1NHRC0079,124.0
2025-02-08,US1NHRC0079,0.0
2025-02-09,US1NHRC0079,142.0
2025-02-10,US1NHRC0079,0.0
2025-02-11,US1NHRC0079,0.0
2025-02-12,US1NHRC0079,0.0
2025-02-13,US1NHRC0079,64.0
2025-02-14,US1NHRC0079,41.0
2025-02-15,US1NHRC0079,0.0
2025-02-16,US1NHRC0079,185.0
2025-02-17,US1NHRC0079,277.0
2025-02-18,US1NHRC0079,0.0
2025-02-19,US1NHRC0079,0.0
2025-02-20,US1NHRC0079,0.0
2025-02-21,US1NHRC0079,0.0
2025-02-22,US1NHRC0079,0.0
2025-02-23,US1NHRC0079,0.0
2025-02-24,US1NHRC0079,0.0
2025-02-25,US1NHRC0079,0.0
2025-02-26,US1NHRC0079,3.0
2025-02-27,US1NHRC0079,10.0
2025-02-28,US1NHRC0079,69.0
2025-03-01,US1NHRC0079,0.0
2025-03-02,US1NHRC0079,0.0
2025-03-03,US1NHRC0079,0.0
2025-03-04,US1NHRC0079,0.0
2025-03-05,US1NHRC0079,0.0
2025-03-06,US1NHRC0079,160.0
2025-03-07,US1NHRC0079,3.0
2025-03-08,US1NHRC0079,0.0
2025-03-09,US1NHRC0079,0.0
2025-03-10,US1NHRC0079,0.0
2025-03-11,US1NHRC0079,0.0
2025-03-12,US1NHRC0079,0.0
2025-03-13,US1NHRC0079,0.0
2025-03-14,US1NHRC0079,0.0
2025-03-15,US1NHRC0079,0.0
2025-03-16,US1NHRC0079,3.0
2025-03-17,US1NHRC0079,305.0
2025-03-18,US1NHRC0079,48.0
2025-03-19,US1NHRC0079,0.0
2025-03-20,US1NHRC0079,8.0
2025-03-21,US1NHRC0079,89.0
2025-03-22,US1NHRC0079,0.0
2025-03-23,US1NHRC0079,0.0
2025-03-24,US1NHRC0079,0.0
2025-03-25,US1NHRC0079,170.0
2025-02-01,US1NHRC0083,130.0
2025-02-03,US1NHRC0083,64.0
2025-02-06,US1NHRC0083,97.0
2025-02-09,US1NHRC0083,152.0
2025-02-13,US1NHRC0083,132.0
2025-02-16,US1NHRC0083,323.0
2025-03-20,US1NHRC0084,10.0
2025-03-21,US1NHRC0084,94.0
2025-03-22,US1NHRC0084,56.0
2025-03-23,US1NHRC0084,0.0
2025-03-25,US1NHRC0084,213.0
2025-03-17,US1NHRC0089,180.0
2025-03-18,US1NHRC0089,84.0
2025-03-19,US1NHRC0089,0.0
2025-03-20,US1NHRC0089,8.0
2025-03-21,US1NHRC0089,86.0
2025-03-22,US1NHRC0089,30.0
2025-03-23,US1NHRC0089,0.0
2025-03-24,US1NHRC0089,0.0
2025-03-25,US1NHRC0089,180.0
2025-03-17,US1NHRC0094,297.0
2025-03-18,US1NHRC0094,58.0
2025-03-21,US1NHRC0094,76.0
2025-03-25,US1NHRC0094,155.0
2025-03-03,US1NHRC0095,0.0
2025-03-04,US1NHRC0095,0.0
2025-03-06,US1NHRC0095,150.0
2025-03-07,US1NHRC0095,5.0
2025-03-08,US1NHRC0095,0.0
2025-03-16,US1NHRC0095,3.0
2025-03-17,US1NHRC0095,295.0
2025-03-18,US1NHRC0095,76.0
2025-03-19,US1NHRC0095,3.0
2025-03-20,US1NHRC0095,8.0
2025-03-21,US1NHRC0095,76.0
2025-03-24,US1NHRC0095,0.0
2025-03-25,US1NHRC0095,122.0
2025-02-01,US1NHRC0097,89.0
2025-02-02,US1NHRC0097,0.0
2025-02-03,US1NHRC0097,33.0
2025-02-04,US1NHRC0097,0.0
2025-02-05,US1NHRC0097,0.0
2025-02-06,US1NHRC0097,0.0
2025-02-07,US1NHRC0097,104.0
2025-02-08,US1NHRC0097,0.0
2025-02-09,US1NHRC0097,119.0
2025-02-10,US1NHRC0097,0.0
2025-02-11,US1NHRC0097,0.0
2025-02-12,US1NHRC0097,0.0
2025-02-13,US1NHRC0097,0.0
2025-02-14,US1NHRC0097,107.0
2025-02-15,US1NHRC0097,0.0
2025-02-16,US1NHRC0097,165.0
2025-02-17,US1NHRC0097,180.0
2025-02-18,US1NHRC0097,0.0
2025-02-19,US1NHRC0097,0.0
2025-02-20,US1NHRC0097,0.0
2025-02-21,US1NHRC0097,0.0
2025-02-22,US1NHRC0097,0.0
2025-02-23,US1NHRC0097,0.0
2025-02-24,US1NHRC0097,0.0
2025-02-25,US1NHRC0097,0.0
2025-02-26,US1NHRC0097,0.0
2025-02-27,US1NHRC0097,5.0
2025-02-28,US1NHRC0097,91.0
2025-03-01,US1NHRC0097,0.0
2025-03-02,US1NHRC0097,0.0
2025-03-03,US1NHRC0097,0.0
2025-03-04,US1NHRC0097,0.0
2025-03-05,US1NHRC0097,0.0
2025-03-06,US1NHRC0097,208.0
2025-03-07,US1NHRC0097,0.0
2025-02-01,US1NHRC0098,155.0
2025-02-02,US1NHRC0098,5.0
2025-02-03,US1NHRC0098,41.0
2025-02-04,US1NHRC0098,0.0
2025-02-05,US1NHRC0098,0.0
2025-02-06,US1NHRC0098,0.0
2025-02-07,US1NHRC0098,91.0
2025-02-08,US1NHRC0098,0.0
2025-02-09,US1NHRC0098,137.0
2025-02-10,US1NHRC0098,3.0
2025-02-11,US1NHRC0098,0.0
2025-02-12,US1NHRC0098,0.0
2025-02-13,US1NHRC0098,33.0
2025-02-14,US1NHRC0098,69.0
2025-02-15,US1NHRC0098,0.0
2025-02-16,US1NHRC0098,132.0
2025-02-17,US1NHRC0098,257.0
2025-02-18,US1NHRC0098,0.0
2025-02-19,US1NHRC0098,0.0
2025-02-20,US1NHRC0098,0.0
2025-02-21,US1NHRC0098,0.0
2025-02-22,US1NHRC0098,0.0
2025-02-23,US1NHRC0098,0.0
2025-02-24,US1NHRC0098,0.0
2025-02-25,US1NHRC0098,0.0
2025-02-26,US1NHRC0098,0.0
2025-02-27,US1NHRC0098,3.0
2025-02-28,US1NHRC0098,53.0
2025-03-01,US1NHRC0098,0.0
2025-03-02,US1NHRC0098,0.0
2025-03-03,US1NHRC0098,0.0
2025-03-04,US1NHRC0098,0.0
2025-03-05,US1NHRC0098,0.0
2025-03-06,US1NHRC0098,175.0
2025-03-07,US1NHRC0098,0.0
2025-03-08,US1NHRC0098,0.0
2025-03-09,US1NHRC0098,0.0
2025-03-10,US1NHRC0098,0.0
2025-03-11,US1NHRC0098,0.0
2025-03-12,US1NHRC0098,0.0
2025-03-13,US1NHRC0098,0.0
2025-03-14,US1NHRC0098,0.0
2025-03-15,US1NHRC0098,0.0
2025-03-16,US1NHRC0098,0.0
2025-03-17,US1NHRC0098,295.0
2025-03-18,US1NHRC0098,64.0
2025-03-19,US1NHRC0098,0.0
2025-03-20,US1NHRC0098,5.0
2025-03-21,US1NHRC0098,71.0
2025-03-22,US1NHRC0098,15.0
2025-03-23,US1NHRC0098,3.0
2025-03-24,US1NHRC0098,0.0
2025-03-25,US1NHRC0098,155.0
2025-02-01,US1NHRC0099,112.0
2025-02-02,US1NHRC0099,0.0
2025-02-03,US1NHRC0099,48.0
2025-02-04,US1NHRC0099,0.0
2025-02-05,US1NHRC0099,0.0
2025-02-06,US1NHRC0099,0.0
2025-02-07,US1NHRC0099,109.0
2025-02-09,US1NHRC0099,140.0
2025-02-10,US1NHRC0099,0.0
2025-02-12,US1NHRC0099,0.0
2025-02-13,US1NHRC0099,0.0
2025-02-14,US1NHRC0099,152.0
2025-02-15,US1NHRC0099,0.0
2025-02-18,US1NHRC0099,0.0
2025-02-19,US1NHRC0099,0.0
2025-02-20,US1NHRC0099,0.0
2025-02-21,US1NHRC0099,0.0
2025-02-22,US1NHRC0099,0.0
2025-02-23,US1NHRC0099,0.0
2025-02-24,US1NHRC0099,0.0
2025-02-25,US1NHRC0099,0.0
2025-02-26,US1NHRC0099,0.0
2025-03-08,US1NHRC0099,0.0
2025-03-09,US1NHRC0099,0.0
2025-03-10,US1NHRC0099,0.0
2025-03-11,US1NHRC0099,0.0
2025-03-12,US1NHRC0099,0.0
2025-03-13,US1NHRC0099,0.0
2025-03-15,US1NHRC0099,0.0
2025-03-16,US1NHRC0099,0.0
2025-03-17,US1NHRC0099,292.0
2025-03-18,US1NHRC0099,69.0
2025-03-19,US1NHRC0099,0.0
2025-03-20,US1NHRC0099,13.0
2025-03-21,US1NHRC0099,94.0
2025-03-22,US1NHRC0099,8.0
2025-03-23,US1NHRC0099,0.0
2025-03-24,US1NHRC0099,0.0
2025-03-25,US1NHRC0099,157.0
2025-02-01,US1NHRC0101,140.0
2025-02-02,US1NHRC0101,0.0
2025-02-03,US1NHRC0101,41.0
2025-02-04,US1NHRC0101,0.0
2025-02-05,US1NHRC0101,0.0
2025-02-06,US1NHRC0101,0.0
2025-02-07,US1NHRC0101,114.0
2025-02-08,US1NHRC0101,0.0
2025-02-09,US1NHRC0101,132.0
2025-02-10,US1NHRC0101,0.0
2025-02-11,US1NHRC0101,0.0
2025-02-12,US1NHRC0101,0.0
2025-02-13,US1NHRC0101,48.0
2025-02-14,US1NHRC0101,109.0
2025-02-15,US1NHRC0101,0.0
2025-02-16,US1NHRC0101,183.0
2025-02-17,US1NHRC0101,185.0
2025-02-18,US1NHRC0101,0.0
2025-02-19,US1NHRC0101,0.0
2025-02-20,US1NHRC0101,0.0
2025-02-21,US1NHRC0101,0.0
2025-02-22,US1NHRC0101,0.0
2025-02-23,US1NHRC0101,0.0
2025-02-24,US1NHRC0101,0.0
2025-02-25,US1NHRC0101,0.0
2025-02-26,US1NHRC0101,3.0
2025-02-27,US1NHRC0101,10.0
2025-02-28,US1NHRC0101,58.0
2025-03-01,US1NHRC0101,0.0
2025-03-02,US1NHRC0101,0.0
2025-03-03,US1NHRC0101,0.0
2025-03-04,US1NHRC0101,0.0
2025-03-05,US1NHRC0101,0.0
2025-03-06,US1NHRC0101,140.0
2025-03-07,US1NHRC0101,5.0
2025-03-08,US1NHRC0101,0.0
2025-03-09,US1NHRC0101,0.0
2025-03-10,US1NHRC0101,0.0
2025-03-11,US1NHRC0101,0.0
2025-03-12,US1NHRC0101,0.0
2025-03-13,US1NHRC0101,0.0
2025-03-14,US1NHRC0101,0.0
2025-03-15,US1NHRC0101,0.0
2025-03-16,US1NHRC0101,0.0
2025-03-17,US1NHRC0101,302.0
2025-03-18,US1NHRC0101,48.0
2025-03-19,US1NHRC0101,0.0
2025-03-20,US1NHRC0101,5.0
2025-03-21,US1NHRC0101,99.0
2025-03-22,US1NHRC0101,3.0
2025-03-23,US1NHRC0101,18.0
2025-03-24,US1NHRC0101,0.0
2025-03-25,US1NHRC0101,152.0
2025-02-01,US1NHSL0003,51.0
2025-02-02,US1NHSL0003,0.0
2025-02-03,US1NHSL0003,0.0
2025-02-04,US1NHSL0003,36.0
2025-02-05,US1NHSL0003,0.0
2025-02-06,US1NHSL0003,0.0
2025-02-07,US1NHSL0003,102.0
2025-02-08,US1NHSL0003,0.0
2025-02-09,US1NHSL0003,119.0
2025-02-10,US1NHSL0003,3.0
2025-02-11,US1NHSL0003,0.0
2025-02-12,US1NHSL0003,0.0
2025-02-13,US1NHSL0003,94.0
2025-02-14,US1NHSL0003,102.0
2025-02-15,US1NHSL0003,0.0
2025-02-16,US1NHSL0003,119.0
2025-02-17,US1NHSL0003,165.0
2025-02-18,US1NHSL0003,0.0
2025-02-19,US1NHSL0003,0.0
2025-02-20,US1NHSL0003,0.0
2025-02-21,US1NHSL0003,0.0
2025-02-22,US1NHSL0003,0.0
2025-02-23,US1NHSL0003,0.0
2025-02-24,US1NHSL0003,0.0
2025-02-26,US1NHSL0003,0.0
2025-02-27,US1NHSL0003,66.0
2025-02-28,US1NHSL0003,76.0
2025-03-01,US1NHSL0003,0.0
2025-03-02,US1NHSL0003,0.0
2025-03-03,US1NHSL0003,0.0
2025-03-04,US1NHSL0003,0.0
2025-03-05,US1NHSL0003,0.0
2025-03-06,US1NHSL0003,152.0
2025-03-07,US1NHSL0003,0.0
2025-03-08,US1NHSL0003,0.0
2025-03-09,US1NHSL0003,0.0
2025-03-10,US1NHSL0003,0.0
2025-03-11,US1NHSL0003,0.0
2025-03-12,US1NHSL0003,0.0
2025-03-13,US1NHSL0003,0.0
2025-03-14,US1NHSL0003,0.0
2025-03-15,US1NHSL0003,0.0
2025-03-16,US1NHSL0003,0.0
2025-03-17,US1NHSL0003,218.0
2025-03-18,US1NHSL0003,36.0
2025-03-19,US1NHSL0003,0.0
2025-03-20,US1NHSL0003,0.0
2025-03-21,US1NHSL0003,130.0
2025-03-22,US1NHSL0003,13.0
2025-03-23,US1NHSL0003,18.0
2025-03-24,US1NHSL0003,0.0
2025-02-04,US1NHSL0008,36.0
2025-02-05,US1NHSL0008,0.0
2025-02-06,US1NHSL0008,0.0
2025-02-07,US1NHSL0008,76.0
2025-02-08,US1NHSL0008,0.0
2025-02-09,US1NHSL0008,119.0
2025-02-10,US1NHSL0008,8.0
2025-02-11,US1NHSL0008,0.0
2025-02-12,US1NHSL0008,0.0
2025-02-13,US1NHSL0008,61.0
2025-02-14,US1NHSL0008,56.0
2025-02-15,US1NHSL0008,0.0
2025-02-16,US1NHSL0008,152.0
2025-02-17,US1NHSL0008,147.0
2025-02-18,US1NHSL0008,0.0
2025-02-19,US1NHSL0008,0.0
2025-02-27,US1NHSL0008,56.0
2025-02-28,US1NHSL0008,66.0
2025-03-01,US1NHSL0008,30.0
2025-03-02,US1NHSL0008,0.0
2025-03-03,US1NHSL0008,0.0
2025-03-04,US1NHSL0008,0.0
2025-03-05,US1NHSL0008,0.0
2025-03-06,US1NHSL0008,155.0
2025-03-07,US1NHSL0008,0.0
2025-03-08,US1NHSL0008,0.0
2025-03-09,US1NHSL0008,0.0
2025-03-10,US1NHSL0008,0.0
2025-03-11,US1NHSL0008,0.0
2025-03-12,US1NHSL0008,0.0
2025-03-13,US1NHSL0008,0.0
2025-03-14,US1NHSL0008,0.0
2025-03-15,US1NHSL0008,0.0
2025-03-16,US1NHSL0008,0.0
2025-03-17,US1NHSL0008,188.0
2025-03-18,US1NHSL0008,33.0
2025-03-19,US1NHSL0008,0.0
2025-03-20,US1NHSL0008,0.0
2025-03-21,US1NHSL0008,81.0
2025-03-22,US1NHSL0008,8.0
2025-03-23,US1NHSL0008,0.0
2025-03-24,US1NHSL0008,0.0
2025-02-01,US1NHSL0015,64.0
2025-02-02,US1NHSL0015,0.0
2025-02-03,US1NHSL0015,20.0
2025-02-04,US1NHSL0015,36.0
2025-02-05,US1NHSL0015,0.0
2025-02-06,US1NHSL0015,0.0
2025-02-07,US1NHSL0015,79.0
2025-02-08,US1NHSL0015,0.0
2025-02-09,US1NHSL0015,79.0
2025-02-10,US1NHSL0015,3.0
2025-02-11,US1NHSL0015,0.0
2025-02-12,US1NHSL0015,0.0
2025-02-13,US1NHSL0015,18.0
2025-02-14,US1NHSL0015,46.0
2025-02-15,US1NHSL0015,0.0
2025-02-16,US1NHSL0015,58.0
2025-02-17,US1NHSL0015,137.0
2025-02-18,US1NHSL0015,0.0
2025-02-19,US1NHSL0015,0.0
2025-02-20,US1NHSL0015,0.0
2025-02-21,US1NHSL0015,0.0
2025-02-22,US1NHSL0015,0.0
2025-02-23,US1NHSL0015,0.0
2025-02-24,US1NHSL0015,0.0
2025-02-25,US1NHSL0015,0.0
2025-02-26,US1NHSL0015,0.0
2025-02-27,US1NHSL0015,13.0
2025-02-28,US1NHSL0015,71.0
2025-03-01,US1NHSL0015,23.0
2025-03-02,US1NHSL0015,5.0
2025-03-03,US1NHSL0015,0.0
2025-03-04,US1NHSL0015,0.0
2025-03-05,US1NHSL0015,0.0
2025-03-06,US1NHSL0015,104.0
2025-03-07,US1NHSL0015,0.0
2025-03-08,US1NHSL0015,0.0
2025-03-09,US1NHSL0015,0.0
2025-03-10,US1NHSL0015,0.0
2025-03-11,US1NHSL0015,0.0
2025-03-12,US1NHSL0015,0.0
2025-03-13,US1NHSL0015,0.0
2025-03-14,US1NHSL0015,0.0
2025-03-15,US1NHSL0015,0.0
2025-03-16,US1NHSL0015,0.0
2025-03-17,US1NHSL0015,191.0
2025-03-18,US1NHSL0015,30.0
2025-03-19,US1NHSL0015,0.0
2025-03-20,US1NHSL0015,0.0
2025-03-21,US1NHSL0015,84.0
2025-03-22,US1NHSL0015,8.0
2025-03-23,US1NHSL0015,0.0
2025-03-24,US1NHSL0015,0.0
2025-03-25,US1NHSL0015,58.0
2025-02-01,US1NHST0014,104.0
2025-02-02,US1NHST0014,0.0
2025-02-23,US1NHST0014,0.0
2025-02-24,US1NHST0014,0.0
2025-02-25,US1NHST0014,0.0
2025-02-26,US1NHST0014,0.0
2025-03-12,US1NHST0014,0.0
2025-03-17,US1NHST0014,224.0
2025-02-01,US1NHST0031,84.0
2025-02-02,US1NHST0031,0.0
2025-02-03,US1NHST0031,71.0
2025-02-04,US1NHST0031,0.0
2025-02-05,US1NHST0031,0.0
2025-02-06,US1NHST0031,0.0
2025-02-07,US1NHST0031,114.0
2025-02-08,US1NHST0031,0.0
2025-02-09,US1NHST0031,130.0
2025-02-10,US1NHST0031,0.0
2025-02-11,US1NHST0031,0.0
2025-02-12,US1NHST0031,0.0
2025-02-13,US1NHST0031,46.0
2025-02-14,US1NHST0031,51.0
2025-02-15,US1NHST0031,0.0
2025-02-16,US1NHST0031,142.0
2025-02-17,US1NHST0031,191.0
2025-02-18,US1NHST0031,0.0
2025-02-19,US1NHST0031,0.0
2025-02-20,US1NHST0031,0.0
2025-02-21,US1NHST0031,0.0
2025-02-22,US1NHST0031,0.0
2025-02-23,US1NHST0031,0.0
2025-02-24,US1NHST0031,0.0
2025-02-25,US1NHST0031,0.0
2025-02-26,US1NHST0031,13.0
2025-02-27,US1NHST0031,8.0
2025-02-28,US1NHST0031,124.0
2025-03-01,US1NHST0031,30.0
2025-03-02,US1NHST0031,0.0
2025-03-03,US1NHST0031,0.0
2025-03-04,US1NHST0031,0.0
2025-03-05,US1NHST0031,0.0
2025-03-06,US1NHST0031,183.0
2025-03-07,US1NHST0031,0.0
2025-03-08,US1NHST0031,0.0
2025-03-09,US1NHST0031,0.0
2025-03-10,US1NHST0031,0.0
2025-03-11,US1NHST0031,0.0
2025-03-12,US1NHST0031,0.0
2025-03-13,US1NHST0031,0.0
2025-03-14,US1NHST0031,0.0
2025-03-15,US1NHST0031,0.0
2025-03-16,US1NHST0031,10.0
2025-03-17,US1NHST0031,224.0
2025-03-18,US1NHST0031,127.0
2025-03-19,US1NHST0031,0.0
2025-03-20,US1NHST0031,8.0
2025-03-21,US1NHST0031,124.0
2025-03-22,US1NHST0031,18.0
2025-03-23,US1NHST0031,0.0
2025-03-24,US1NHST0031,0.0
2025-03-25,US1NHST0031,142.0
2025-02-01,US1NHST0037,94.0
2025-02-02,US1NHST0037,5.0
2025-02-03,US1NHST0037,48.0
2025-02-04,US1NHST0037,0.0
2025-02-05,US1NHST0037,0.0
2025-02-06,US1NHST0037,0.0
2025-02-07,US1NHST0037,130.0
2025-02-08,US1NHST0037,0.0
2025-02-09,US1NHST0037,117.0
2025-02-10,US1NHST0037,0.0
2025-02-11,US1NHST0037,0.0
2025-02-12,US1NHST0037,0.0
2025-02-13,US1NHST0037,36.0
2025-02-14,US1NHST0037,0.0
2025-02-15,US1NHST0037,0.0
2025-02-17,US1NHST0037,325.0
2025-02-18,US1NHST0037,0.0
2025-02-19,US1NHST0037,0.0
2025-02-20,US1NHST0037,0.0
2025-02-21,US1NHST0037,0.0
2025-02-22,US1NHST0037,0.0
2025-02-23,US1NHST0037,0.0
2025-02-24,US1NHST0037,0.0
2025-02-25,US1NHST0037,0.0
2025-02-26,US1NHST0037,0.0
2025-02-27,US1NHST0037,0.0
2025-02-28,US1NHST0037,71.0
2025-03-01,US1NHST0037,0.0
2025-03-02,US1NHST0037,0.0
2025-03-03,US1NHST0037,0.0
2025-03-04,US1NHST0037,0.0
2025-03-05,US1NHST0037,0.0
2025-03-06,US1NHST0037,168.0
2025-03-07,US1NHST0037,13.0
2025-03-08,US1NHST0037,0.0
2025-03-09,US1NHST0037,0.0
2025-03-10,US1NHST0037,0.0
2025-03-11,US1NHST0037,0.0
2025-03-12,US1NHST0037,0.0
2025-03-13,US1NHST0037,0.0
2025-03-14,US1NHST0037,0.0
2025-03-15,US1NHST0037,0.0
2025-03-16,US1NHST0037,0.0
2025-03-17,US1NHST0037,254.0
2025-03-18,US1NHST0037,81.0
2025-03-19,US1NHST0037,0.0
2025-03-20,US1NHST0037,5.0
2025-03-21,US1NHST0037,81.0
2025-03-22,US1NHST0037,43.0
2025-03-23,US1NHST0037,0.0
2025-03-24,US1NHST0037,0.0
2025-02-01,US1NHST0040,91.0
2025-02-02,US1NHST0040,3.0
2025-02-03,US1NHST0040,56.0
2025-02-04,US1NHST0040,0.0
2025-02-05,US1NHST0040,0.0
2025-02-06,US1NHST0040,0.0
2025-02-07,US1NHST0040,119.0
2025-02-08,US1NHST0040,0.0
2025-02-09,US1NHST0040,119.0
2025-02-10,US1NHST0040,0.0
2025-02-11,US1NHST0040,0.0
2025-02-12,US1NHST0040,0.0
2025-02-13,US1NHST0040,30.0
2025-02-14,US1NHST0040,71.0
2025-02-15,US1NHST0040,0.0
2025-02-16,US1NHST0040,104.0
2025-02-17,US1NHST0040,251.0
2025-02-18,US1NHST0040,0.0
2025-02-19,US1NHST0040,0.0
2025-02-20,US1NHST0040,0.0
2025-02-21,US1NHST0040,0.0
2025-02-22,US1NHST0040,0.0
2025-02-23,US1NHST0040,0.0
2025-02-24,US1NHST0040,0.0
2025-02-25,US1NHST0040,0.0
2025-02-26,US1NHST0040,0.0
2025-02-27,US1NHST0040,0.0
2025-02-28,US1NHST0040,79.0
2025-03-01,US1NHST0040,0.0
2025-03-02,US1NHST0040,0.0
2025-03-03,US1NHST0040,0.0
2025-03-04,US1NHST0040,0.0
2025-03-05,US1NHST0040,0.0
2025-03-06,US1NHST0040,157.0
2025-03-07,US1NHST0040,5.0
2025-03-08,US1NHST0040,0.0
2025-03-09,US1NHST0040,0.0
2025-03-10,US1NHST0040,0.0
2025-03-11,US1NHST0040,0.0
2025-03-12,US1NHST0040,0.0
2025-03-13,US1NHST0040,0.0
2025-03-14,US1NHST0040,0.0
2025-03-15,US1NHST0040,0.0
2025-03-16,US1NHST0040,0.0
2025-03-17,US1NHST0040,251.0
2025-03-18,US1NHST0040,107.0
2025-03-19,US1NHST0040,0.0
2025-03-20,US1NHST0040,8.0
2025-03-21,US1NHST0040,86.0
2025-03-22,US1NHST0040,36.0
2025-03-23,US1NHST0040,0.0
2025-03-24,US1NHST0040,0.0
2025-03-25,US1NHST0040,168.0
2025-02-01,US1NHST0049,97.0
2025-02-02,US1NHST0049,0.0
2025-02-03,US1NHST0049,41.0
2025-02-04,US1NHST0049,0.0
2025-02-05,US1NHST0049,0.0
2025-02-06,US1NHST0049,0.0
2025-02-07,US1NHST0049,104.0
2025-02-08,US1NHST0049,0.0
2025-02-09,US1NHST0049,124.0
2025-02-10,US1NHST0049,0.0
2025-02-11,US1NHST0049,0.0
2025-02-12,US1NHST0049,0.0
2025-02-13,US1NHST0049,0.0
2025-02-14,US1NHST0049,76.0
2025-02-18,US1NHST0049,0.0
2025-02-19,US1NHST0049,0.0
2025-02-20,US1NHST0049,0.0
2025-02-21,US1NHST0049,0.0
2025-02-22,US1NHST0049,0.0
2025-02-23,US1NHST0049,0.0
2025-02-24,US1NHST0049,0.0
2025-02-25,US1NHST0049,0.0
2025-02-26,US1NHST0049,3.0
2025-02-27,US1NHST0049,0.0
2025-02-28,US1NHST0049,99.0
2025-03-01,US1NHST0049,0.0
2025-03-02,US1NHST0049,0.0
2025-03-03,US1NHST0049,0.0
2025-03-04,US1NHST0049,0.0
2025-03-05,US1NHST0049,0.0
2025-03-06,US1NHST0049,178.0
2025-03-07,US1NHST0049,8.0
2025-03-17,US1NHST0049,254.0
2025-03-18,US1NHST0049,89.0
2025-03-20,US1NHST0049,5.0
2025-03-21,US1NHST0049,107.0
2025-03-25,US1NHST0049,137.0
2025-02-01,US1NHST0050,89.0
2025-02-02,US1NHST0050,0.0
2025-02-03,US1NHST0050,61.0
2025-02-04,US1NHST0050,0.0
2025-02-05,US1NHST0050,0.0
2025-02-06,US1NHST0050,0.0
2025-02-07,US1NHST0050,132.0
2025-02-08,US1NHST0050,0.0
2025-02-09,US1NHST0050,124.0
2025-02-10,US1NHST0050,0.0
2025-02-11,US1NHST0050,0.0
2025-02-12,US1NHST0050,0.0
2025-02-15,US1NHST0050,0.0
2025-02-18,US1NHST0050,0.0
2025-02-19,US1NHST0050,0.0
2025-02-20,US1NHST0050,0.0
2025-02-21,US1NHST0050,0.0
2025-02-22,US1NHST0050,0.0
2025-02-23,US1NHST0050,0.0
2025-02-24,US1NHST0050,0.0
2025-02-25,US1NHST0050,0.0
2025-02-26,US1NHST0050,0.0
2025-02-27,US1NHST0050,0.0
2025-02-28,US1NHST0050,152.0
2025-03-01,US1NHST0050,10.0
2025-03-02,US1NHST0050,0.0
2025-03-03,US1NHST0050,0.0
2025-03-04,US1NHST0050,0.0
2025-03-05,US1NHST0050,0.0
2025-03-06,US1NHST0050,198.0
2025-03-07,US1NHST0050,0.0
2025-03-08,US1NHST0050,0.0
2025-03-09,US1NHST0050,0.0
2025-03-10,US1NHST0050,0.0
2025-03-11,US1NHST0050,0.0
2025-03-12,US1NHST0050,0.0
2025-03-13,US1NHST0050,0.0
2025-03-14,US1NHST0050,0.0
2025-03-15,US1NHST0050,0.0
2025-03-16,US1NHST0050,0.0
2025-03-17,US1NHST0050,279.0
2025-03-18,US1NHST0050,56.0
2025-03-19,US1NHST0050,0.0
2025-03-20,US1NHST0050,10.0
2025-03-21,US1NHST0050,140.0
2025-03-22,US1NHST0050,0.0
2025-03-23,US1NHST0050,0.0
2025-03-25,US1NHST0050,152.0
2025-02-01,US1NHST0055,81.0
2025-02-02,US1NHST0055,5.0
2025-02-03,US1NHST0055,43.0
2025-02-04,US1NHST0055,3.0
2025-02-05,US1NHST0055,0.0
2025-02-06,US1NHST0055,0.0
2025-02-07,US1NHST0055,104.0
2025-02-08,US1NHST0055,0.0
2025-02-09,US1NHST0055,114.0
2025-02-10,US1NHST0055,3.0
2025-02-11,US1NHST0055,0.0
2025-02-12,US1NHST0055,0.0
2025-02-13,US1NHST0055,56.0
2025-02-14,US1NHST0055,0.0
2025-02-15,US1NHST0055,0.0
2025-02-16,US1NHST0055,173.0
2025-02-17,US1NHST0055,196.0
2025-02-18,US1NHST0055,0.0
2025-02-19,US1NHST0055,0.0
2025-02-20,US1NHST0055,0.0
2025-02-21,US1NHST0055,0.0
2025-02-22,US1NHST0055,0.0
2025-02-23,US1NHST0055,0.0
2025-02-24,US1NHST0055,0.0
2025-02-25,US1NHST0055,0.0
2025-02-26,US1NHST0055,0.0
2025-02-27,US1NHST0055,0.0
2025-02-28,US1NHST0055,102.0
2025-03-01,US1NHST0055,0.0
2025-03-02,US1NHST0055,0.0
2025-03-03,US1NHST0055,0.0
2025-03-04,US1NHST0055,0.0
2025-03-05,US1NHST0055,0.0
2025-03-06,US1NHST0055,180.0
2025-03-07,US1NHST0055,5.0
2025-03-08,US1NHST0055,0.0
2025-03-09,US1NHST0055,0.0
2025-03-10,US1NHST0055,0.0
2025-03-11,US1NHST0055,0.0
2025-03-12,US1NHST0055,0.0
2025-03-13,US1NHST0055,0.0
2025-03-14,US1NHST0055,0.0
2025-03-15,US1NHST0055,0.0
2025-03-16,US1NHST0055,0.0
2025-03-17,US1NHST0055,267.0
2025-03-18,US1NHST0055,84.0
2025-03-19,US1NHST0055,0.0
2025-03-20,US1NHST0055,8.0
2025-03-21,US1NHST0055,112.0
2025-03-22,US1NHST0055,8.0
2025-03-23,US1NHST0055,0.0
2025-03-24,US1NHST0055,0.0
2025-03-25,US1NHST0055,160.0
2025-02-01,USC00270690,56.0
2025-02-02,USC00270690,0.0
2025-02-03,USC00270690,13.0
2025-02-04,USC00270690,51.0
2025-02-05,USC00270690,3.0
2025-02-06,USC00270690,0.0
2025-02-07,USC00270690,33.0
2025-02-08,USC00270690,0.0
2025-02-09,USC00270690,61.0
2025-02-10,USC00270690,0.0
2025-02-11,USC00270690,0.0
2025-02-12,USC00270690,0.0
2025-02-13,USC00270690,46.0
2025-02-14,USC00270690,94.0
2025-02-15,USC00270690,0.0
2025-02-16,USC00270690,41.0
2025-02-17,USC00270690,142.0
2025-02-18,USC00270690,8.0
2025-02-19,USC00270690,3.0
2025-02-20,USC00270690,0.0
2025-02-21,USC00270690,0.0
2025-02-22,USC00270690,0.0
2025-02-23,USC00270690,0.0
2025-02-24,USC00270690,0.0
2025-02-25,USC00270690,0.0
2025-02-26,USC00270690,46.0
2025-02-27,USC00270690,0.0
2025-02-28,USC00270690,23.0
2025-03-01,USC00270690,8.0
2025-03-02,USC00270690,38.0
2025-03-03,USC00270690,0.0
2025-03-04,USC00270690,0.0
2025-03-05,USC00270690,0.0
2025-03-06,USC00270690,173.0
2025-03-07,USC00270690,3.0
2025-03-08,USC00270690,0.0
2025-03-09,USC00270690,0.0
2025-03-10,USC00270690,3.0
2025-03-11,USC00270690,0.0
2025-03-12,USC00270690,0.0
2025-03-13,USC00270690,0.0
2025-03-14,USC00270690,0.0
2025-03-15,USC00270690,0.0
2025-03-16,USC00270690,0.0
2025-03-17,USC00270690,130.0
2025-03-18,USC00270690,71.0
2025-03-19,USC00270690,0.0
2025-03-20,USC00270690,0.0
2025-03-21,USC00270690,71.0
2025-03-22,USC00270690,5.0
2025-03-23,USC00270690,41.0
2025-03-24,USC00270690,0.0
2025-03-25,USC00270690,33.0
2025-02-01,USC00270913,51.0
2025-02-02,USC00270913,0.0
2025-02-08,USC00270913,0.0
2025-02-09,USC00270913,152.0
2025-02-10,USC00270913,0.0
2025-02-01,USC00271190,64.0
2025-02-02,USC00271190,0.0
2025-02-04,USC00271190,38.0
2025-02-05,USC00271190,0.0
2025-02-06,USC00271190,0.0
2025-02-07,USC00271190,114.0
2025-02-08,USC00271190,51.0
2025-02-09,USC00271190,61.0
2025-02-10,USC00271190,3.0
2025-02-11,USC00271190,0.0
2025-02-13,USC00271190,51.0
2025-02-15,USC00271190,107.0
2025-02-16,USC00271190,97.0
2025-02-17,USC00271190,363.0
2025-02-18,USC00271190,58.0
2025-02-21,USC00271190,0.0
2025-02-23,USC00271190,0.0
2025-02-24,USC00271190,3.0
2025-02-25,USC00271190,0.0
2025-02-26,USC00271190,56.0
2025-02-27,USC00271190,5.0
2025-03-02,USC00271190,208.0
2025-03-04,USC00271190,10.0
2025-03-05,USC00271190,20.0
2025-03-07,USC00271190,0.0
2025-03-08,USC00271190,0.0
2025-03-09,USC00271190,0.0
2025-03-10,USC00271190,13.0
2025-03-11,USC00271190,0.0
2025-03-12,USC00271190,0.0
2025-03-15,USC00271190,0.0
2025-03-16,USC00271190,0.0
2025-03-17,USC00271190,439.0
2025-03-18,USC00271190,213.0
2025-03-19,USC00271190,0.0
2025-03-20,USC00271190,0.0
2025-03-22,USC00271190,8.0
2025-03-23,USC00271190,3.0
2025-03-24,USC00271190,0.0
2025-03-25,USC00271190,130.0
2025-02-01,USC00271647,48.0
2025-02-02,USC00271647,0.0
2025-02-03,USC00271647,20.0
2025-02-04,USC00271647,58.0
2025-02-05,USC00271647,5.0
2025-02-06,USC00271647,0.0
2025-02-07,USC00271647,69.0
2025-02-08,USC00271647,15.0
2025-02-09,USC00271647,43.0
2025-02-10,USC00271647,10.0
2025-02-13,USC00271647,10.0
2025-02-14,USC00271647,18.0
2025-02-15,USC00271647,0.0
2025-02-16,USC00271647,30.0
2025-02-17,USC00271647,89.0
2025-02-18,USC00271647,10.0
2025-02-19,USC00271647,0.0
2025-02-20,USC00271647,0.0
2025-02-21,USC00271647,3.0
2025-02-22,USC00271647,0.0
2025-02-23,USC00271647,8.0
2025-02-24,USC00271647,3.0
2025-02-25,USC00271647,0.0
2025-02-26,USC00271647,41.0
2025-02-27,USC00271647,0.0
2025-03-05,USC00271647,18.0
2025-03-06,USC00271647,188.0
2025-03-11,USC00271647,0.0
2025-03-12,USC00271647,0.0
2025-03-13,USC00271647,0.0
2025-03-14,USC00271647,0.0
2025-03-15,USC00271647,0.0
2025-03-16,USC00271647,0.0
2025-03-17,USC00271647,124.0
2025-03-18,USC00271647,33.0
2025-03-19,USC00271647,0.0
2025-03-20,USC00271647,15.0
2025-03-21,USC00271647,56.0
2025-03-22,USC00271647,30.0
2025-03-23,USC00271647,8.0
2025-03-24,USC00271647,0.0
2025-02-01,USC00271800,30.0
2025-02-02,USC00271800,5.0
2025-02-03,USC00271800,15.0
2025-02-04,USC00271800,84.0
2025-02-05,USC00271800,3.0
2025-02-06,USC00271800,51.0
2025-02-07,USC00271800,150.0
2025-02-08,USC00271800,5.0
2025-02-09,USC00271800,53.0
2025-02-10,USC00271800,15.0
2025-02-11,USC00271800,0.0
2025-02-12,USC00271800,8.0
2025-02-13,USC00271800,0.0
2025-02-14,USC00271800,109.0
2025-02-15,USC00271800,0.0
2025-02-16,USC00271800,36.0
2025-02-17,USC00271800,140.0
2025-02-18,USC00271800,10.0
2025-02-19,USC00271800,25.0
2025-02-20,USC00271800,0.0
2025-02-21,USC00271800,10.0
2025-02-22,USC00271800,3.0
2025-02-23,USC00271800,0.0
2025-02-24,USC00271800,5.0
2025-02-25,USC00271800,0.0
2025-02-26,USC00271800,43.0
2025-02-27,USC00271800,0.0
2025-02-28,USC00271800,56.0
2025-03-01,USC00271800,23.0
2025-03-02,USC00271800,33.0
2025-03-03,USC00271800,0.0
2025-03-04,USC00271800,0.0
2025-03-06,USC00271800,244.0
2025-03-07,USC00271800,13.0
2025-03-08,USC00271800,8.0
2025-03-09,USC00271800,0.0
2025-03-10,USC00271800,20.0
2025-03-11,USC00271800,0.0
2025-03-12,USC00271800,0.0
2025-03-13,USC00271800,0.0
2025-03-14,USC00271800,0.0
2025-03-15,USC00271800,0.0
2025-03-16,USC00271800,0.0
2025-03-17,USC00271800,211.0
2025-03-18,USC00271800,64.0
2025-03-19,USC00271800,0.0
2025-03-20,USC00271800,0.0
2025-03-21,USC00271800,79.0
2025-03-22,USC00271800,43.0
2025-03-23,USC00271800,25.0
2025-03-24,USC00271800,0.0
2025-03-25,USC00271800,43.0
2025-02-01,USC00272302,178.0
2025-02-02,USC00272302,0.0
2025-02-03,USC00272302,28.0
2025-02-04,USC00272302,0.0
2025-02-05,USC00272302,0.0
2025-02-06,USC00272302,0.0
2025-02-07,USC00272302,94.0
2025-02-08,USC00272302,0.0
2025-02-09,USC00272302,160.0
2025-02-10,USC00272302,0.0
2025-02-11,USC00272302,0.0
2025-02-12,USC00272302,0.0
2025-02-13,USC00272302,64.0
2025-02-14,USC00272302,71.0
2025-02-15,USC00272302,0.0
2025-02-16,USC00272302,185.0
2025-02-17,USC00272302,213.0
2025-02-18,USC00272302,0.0
2025-02-19,USC00272302,0.0
2025-02-20,USC00272302,0.0
2025-02-22,USC00272302,0.0
2025-02-23,USC00272302,0.0
2025-02-24,USC00272302,0.0
2025-02-25,USC00272302,0.0
2025-02-26,USC00272302,0.0
2025-02-27,USC00272302,13.0
2025-02-28,USC00272302,71.0
2025-03-01,USC00272302,0.0
2025-03-02,USC00272302,0.0
2025-03-03,USC00272302,0.0
2025-03-04,USC00272302,0.0
2025-03-05,USC00272302,0.0
2025-03-06,USC00272302,236.0
2025-03-07,USC00272302,0.0
2025-03-08,USC00272302,0.0
2025-03-09,USC00272302,0.0
2025-03-10,USC00272302,0.0
2025-03-11,USC00272302,0.0
2025-03-12,USC00272302,0.0
2025-03-13,USC00272302,0.0
2025-03-14,USC00272302,0.0
2025-03-15,USC00272302,0.0
2025-03-16,USC00272302,5.0
2025-03-17,USC00272302,229.0
2025-03-18,USC00272302,69.0
2025-03-19,USC00272302,0.0
2025-03-20,USC00272302,8.0
2025-03-21,USC00272302,64.0
2025-03-22,USC00272302,0.0
2025-03-23,USC00272302,0.0
2025-03-24,USC00272302,13.0
2025-03-25,USC00272302,127.0
2025-02-01,USC00272303,81.0
2025-02-02,USC00272303,0.0
2025-02-03,USC00272303,53.0
2025-02-04,USC00272303,20.0
2025-02-05,USC00272303,0.0
2025-02-06,USC00272303,0.0
2025-02-07,USC00272303,97.0
2025-02-08,USC00272303,3.0
2025-02-09,USC00272303,86.0
2025-02-10,USC00272303,13.0
2025-02-11,USC00272303,0.0
2025-02-12,USC00272303,0.0
2025-02-13,USC00272303,25.0
2025-02-14,USC00272303,114.0
2025-02-15,USC00272303,0.0
2025-02-16,USC00272303,46.0
2025-02-17,USC00272303,236.0
2025-02-18,USC00272303,0.0
2025-02-19,USC00272303,0.0
2025-02-20,USC00272303,0.0
2025-02-21,USC00272303,0.0
2025-02-22,USC00272303,0.0
2025-02-23,USC00272303,0.0
2025-02-24,USC00272303,0.0
2025-02-25,USC00272303,0.0
2025-02-26,USC00272303,0.0
2025-02-27,USC00272303,0.0
2025-02-28,USC00272303,124.0
2025-03-01,USC00272303,33.0
2025-03-02,USC00272303,5.0
2025-03-03,USC00272303,0.0
2025-03-04,USC00272303,0.0
2025-03-05,USC00272303,0.0
2025-03-06,USC00272303,279.0
2025-03-07,USC00272303,10.0
2025-03-08,USC00272303,3.0
2025-03-09,USC00272303,0.0
2025-03-10,USC00272303,8.0
2025-03-11,USC00272303,0.0
2025-03-12,USC00272303,0.0
2025-03-13,USC00272303,0.0
2025-03-14,USC00272303,0.0
2025-03-15,USC00272303,0.0
2025-03-16,USC00272303,0.0
2025-03-17,USC00272303,201.0
2025-03-18,USC00272303,109.0
2025-03-19,USC00272303,0.0
2025-03-20,USC00272303,0.0
2025-03-21,USC00272303,53.0
2025-03-22,USC00272303,28.0
2025-03-23,USC00272303,0.0
2025-03-24,USC00272303,0.0
2025-03-25,USC00272303,142.0
2025-02-01,USC00272800,94.0
2025-02-03,USC00272800,61.0
2025-02-04,USC00272800,0.0
2025-02-05,USC00272800,0.0
2025-02-06,USC00272800,0.0
2025-02-07,USC00272800,97.0
2025-02-08,USC00272800,0.0
2025-02-09,USC00272800,114.0
2025-02-10,USC00272800,0.0
2025-02-11,USC00272800,0.0
2025-02-12,USC00272800,0.0
2025-02-13,USC00272800,48.0
2025-02-14,USC00272800,38.0
2025-02-15,USC00272800,0.0
2025-02-16,USC00272800,152.0
2025-02-17,USC00272800,381.0
2025-02-18,USC00272800,0.0
2025-02-19,USC00272800,0.0
2025-02-20,USC00272800,0.0
2025-02-21,USC00272800,0.0
2025-02-22,USC00272800,0.0
2025-02-23,USC00272800,0.0
2025-02-24,USC00272800,0.0
2025-02-25,USC00272800,0.0
2025-02-26,USC00272800,0.0
2025-02-27,USC00272800,0.0
2025-02-28,USC00272800,58.0
2025-03-01,USC00272800,0.0
2025-03-02,USC00272800,0.0
2025-03-03,USC00272800,0.0
2025-03-04,USC00272800,0.0
2025-03-05,USC00272800,0.0
2025-03-06,USC00272800,155.0
2025-03-07,USC00272800,13.0
2025-03-08,USC00272800,0.0
2025-03-09,USC00272800,0.0
2025-03-10,USC00272800,0.0
2025-03-11,USC00272800,0.0
2025-03-12,USC00272800,0.0
2025-03-14,USC00272800,0.0
2025-03-15,USC00272800,0.0
2025-03-16,USC00272800,0.0
2025-03-17,USC00272800,310.0
2025-03-18,USC00272800,61.0
2025-03-19,USC00272800,0.0
2025-03-20,USC00272800,15.0
2025-03-21,USC00272800,79.0
2025-03-23,USC00272800,0.0
2025-03-24,USC00272800,0.0
2025-03-25,USC00272800,97.0
2025-02-01,USC00272846,51.0
2025-02-02,USC00272846,15.0
2025-02-03,USC00272846,38.0
2025-02-04,USC00272846,36.0
2025-02-05,USC00272846,58.0
2025-02-06,USC00272846,0.0
2025-02-10,USC00272846,180.0
2025-02-11,USC00272846,13.0
2025-02-13,USC00272846,30.0
2025-02-14,USC00272846,127.0
2025-02-15,USC00272846,0.0
2025-02-19,USC00272846,0.0
2025-02-20,USC00272846,3.0
2025-02-21,USC00272846,10.0
2025-02-23,USC00272846,8.0
2025-02-24,USC00272846,3.0
2025-02-25,USC00272846,0.0
2025-02-26,USC00272846,41.0
2025-02-27,USC00272846,3.0
2025-03-01,USC00272846,53.0
2025-03-02,USC00272846,20.0
2025-03-03,USC00272846,0.0
2025-03-05,USC00272846,15.0
2025-03-06,USC00272846,236.0
2025-03-07,USC00272846,5.0
2025-03-08,USC00272846,0.0
2025-03-09,USC00272846,3.0
2025-03-10,USC00272846,28.0
2025-03-11,USC00272846,0.0
2025-03-12,USC00272846,0.0
2025-03-13,USC00272846,0.0
2025-03-14,USC00272846,0.0
2025-03-15,USC00272846,0.0
2025-03-16,USC00272846,0.0
2025-03-17,USC00272846,135.0
2025-03-18,USC00272846,58.0
2025-03-19,USC00272846,0.0
2025-03-20,USC00272846,0.0
2025-03-21,USC00272846,51.0
2025-03-22,USC00272846,48.0
2025-03-23,USC00272846,5.0
2025-03-24,USC00272846,0.0
2025-03-25,USC00272846,64.0
2025-02-05,USC00272999,8.0
2025-02-06,USC00272999,0.0
2025-02-08,USC00272999,0.0
2025-02-10,USC00272999,163.0
2025-02-11,USC00272999,51.0
2025-02-13,USC00272999,15.0
2025-02-14,USC00272999,64.0
2025-02-15,USC00272999,0.0
2025-02-19,USC00272999,5.0
2025-02-20,USC00272999,0.0
2025-02-21,USC00272999,10.0
2025-02-23,USC00272999,10.0
2025-02-24,USC00272999,15.0
2025-02-25,USC00272999,3.0
2025-02-26,USC00272999,51.0
2025-02-27,USC00272999,3.0
2025-03-01,USC00272999,30.0
2025-03-02,USC00272999,56.0
2025-03-03,USC00272999,3.0
2025-03-05,USC00272999,46.0
2025-03-06,USC00272999,150.0
2025-03-07,USC00272999,20.0
2025-03-08,USC00272999,0.0
2025-03-09,USC00272999,20.0
2025-03-10,USC00272999,46.0
2025-03-11,USC00272999,0.0
2025-03-12,USC00272999,0.0
2025-03-13,USC00272999,0.0
2025-03-14,USC00272999,0.0
2025-03-15,USC00272999,0.0
2025-03-16,USC00272999,0.0
2025-03-17,USC00272999,79.0
2025-03-18,USC00272999,56.0
2025-03-19,USC00272999,0.0
2025-03-20,USC00272999,0.0
2025-03-21,USC00272999,61.0
2025-03-22,USC00272999,53.0
2025-03-23,USC00272999,23.0
2025-03-24,USC00272999,0.0
2025-03-25,USC00272999,20.0
2025-02-04,USC00273182,13.0
2025-02-05,USC00273182,0.0
2025-02-06,USC00273182,0.0
2025-02-07,USC00273182,124.0
2025-02-11,USC00273182,0.0
2025-02-12,USC00273182,0.0
2025-02-13,USC00273182,36.0
2025-02-14,USC00273182,66.0
2025-02-19,USC00273182,0.0
2025-02-20,USC00273182,0.0
2025-02-21,USC00273182,0.0
2025-02-23,USC00273182,0.0
2025-02-24,USC00273182,0.0
2025-02-25,USC00273182,0.0
2025-02-26,USC00273182,0.0
2025-02-27,USC00273182,8.0
2025-02-28,USC00273182,114.0
2025-03-10,USC00273182,0.0
2025-03-11,USC00273182,0.0
2025-03-12,USC00273182,0.0
2025-03-13,USC00273182,0.0
2025-03-14,USC00273182,0.0
2025-03-18,USC00273182,43.0
2025-03-19,USC00273182,0.0
2025-03-20,USC00273182,0.0
2025-03-21,USC00273182,81.0
2025-03-24,USC00273182,3.0
2025-03-25,USC00273182,127.0
2025-02-01,USC00273488,79.0
2025-02-02,USC00273488,0.0
2025-02-04,USC00273488,61.0
2025-02-05,USC00273488,5.0
2025-02-06,USC00273488,0.0
2025-02-08,USC00273488,0.0
2025-02-10,USC00273488,23.0
2025-02-11,USC00273488,0.0
2025-02-12,USC00273488,0.0
2025-02-13,USC00273488,18.0
2025-02-14,USC00273488,71.0
2025-02-15,USC00273488,0.0
2025-02-18,USC00273488,3.0
2025-02-19,USC00273488,3.0
2025-02-20,USC00273488,0.0
2025-02-21,USC00273488,5.0
2025-02-23,USC00273488,3.0
2025-02-24,USC00273488,0.0
2025-02-25,USC00273488,0.0
2025-02-26,USC00273488,36.0
2025-02-27,USC00273488,5.0
2025-03-01,USC00273488,8.0
2025-03-02,USC00273488,33.0
2025-03-03,USC00273488,0.0
2025-03-05,USC00273488,48.0
2025-03-06,USC00273488,170.0
2025-03-07,USC00273488,0.0
2025-03-08,USC00273488,0.0
2025-03-09,USC00273488,0.0
2025-03-10,USC00273488,10.0
2025-03-11,USC00273488,0.0
2025-03-12,USC00273488,0.0
2025-03-13,USC00273488,0.0
2025-03-14,USC00273488,0.0
2025-03-15,USC00273488,0.0
2025-03-16,USC00273488,0.0
2025-03-17,USC00273488,147.0
2025-03-18,USC00273488,76.0
2025-03-19,USC00273488,0.0
2025-03-20,USC00273488,0.0
2025-03-21,USC00273488,76.0
2025-03-22,USC00273488,18.0
2025-03-23,USC00273488,15.0
2025-03-24,USC00273488,0.0
2025-03-25,USC00273488,15.0
2025-02-02,USC00273535,0.0
2025-02-03,USC00273535,28.0
2025-02-04,USC00273535,221.0
2025-02-05,USC00273535,20.0
2025-02-06,USC00273535,25.0
2025-02-07,USC00273535,51.0
2025-02-08,USC00273535,10.0
2025-02-09,USC00273535,74.0
2025-02-10,USC00273535,33.0
2025-02-19,USC00273535,0.0
2025-02-20,USC00273535,0.0
2025-02-21,USC00273535,38.0
2025-02-22,USC00273535,0.0
2025-02-23,USC00273535,10.0
2025-02-24,USC00273535,15.0
2025-02-25,USC00273535,0.0
2025-02-26,USC00273535,104.0
2025-02-27,USC00273535,30.0
2025-02-28,USC00273535,94.0
2025-03-01,USC00273535,89.0
2025-03-03,USC00273535,0.0
2025-03-04,USC00273535,0.0
2025-03-05,USC00273535,51.0
2025-03-06,USC00273535,163.0
2025-03-07,USC00273535,89.0
2025-03-08,USC00273535,13.0
2025-03-09,USC00273535,0.0
2025-03-10,USC00273535,38.0
2025-03-11,USC00273535,0.0
2025-03-12,USC00273535,0.0
2025-03-13,USC00273535,0.0
2025-03-14,USC00273535,0.0
2025-03-16,USC00273535,0.0
2025-03-17,USC00273535,290.0
2025-03-18,USC00273535,117.0
2025-03-22,USC00273535,0.0
2025-03-23,USC00273535,23.0
2025-03-24,USC00273535,0.0
2025-02-12,USC00273626,0.0
2025-02-13,USC00273626,25.0
2025-02-14,USC00273626,104.0
2025-03-05,USC00273626,0.0
2025-03-06,USC00273626,183.0
2025-03-07,USC00273626,18.0
2025-02-01,USC00273658,165.0
2025-02-02,USC00273658,0.0
2025-02-03,USC00273658,30.0
2025-02-04,USC00273658,0.0
2025-02-05,USC00273658,0.0
2025-02-06,USC00273658,0.0
2025-02-07,USC00273658,66.0
2025-02-08,USC00273658,0.0
2025-02-09,USC00273658,178.0
2025-02-10,USC00273658,0.0
2025-02-12,USC00273658,0.0
2025-02-13,USC00273658,114.0
2025-02-14,USC00273658,46.0
2025-02-15,USC00273658,0.0
2025-02-16,USC00273658,229.0
2025-02-17,USC00273658,206.0
2025-02-18,USC00273658,0.0
2025-02-19,USC00273658,0.0
2025-02-20,USC00273658,0.0
2025-02-22,USC00273658,0.0
2025-02-23,USC00273658,0.0
2025-02-24,USC00273658,0.0
2025-02-25,USC00273658,0.0
2025-02-26,USC00273658,0.0
2025-02-27,USC00273658,30.0
2025-02-28,USC00273658,69.0
2025-03-01,USC00273658,0.0
2025-03-02,USC00273658,0.0
2025-03-03,USC00273658,0.0
2025-03-04,USC00273658,0.0
2025-03-05,USC00273658,15.0
2025-03-06,USC00273658,343.0
2025-03-07,USC00273658,0.0
2025-03-08,USC00273658,0.0
2025-03-09,USC00273658,0.0
2025-03-11,USC00273658,0.0
2025-03-12,USC00273658,0.0
2025-03-13,USC00273658,0.0
2025-03-14,USC00273658,0.0
2025-03-15,USC00273658,0.0
2025-03-16,USC00273658,3.0
2025-03-18,USC00273658,71.0
2025-03-19,USC00273658,0.0
2025-03-20,USC00273658,8.0
2025-03-21,USC00273658,86.0
2025-03-22,USC00273658,0.0
2025-03-23,USC00273658,0.0
2025-02-11,USC00273825,0.0
2025-02-12,USC00273825,0.0
2025-02-13,USC00273825,58.0
2025-02-14,USC00273825,61.0
2025-02-18,USC00273825,8.0
2025-02-19,USC00273825,0.0
2025-02-20,USC00273825,0.0
2025-02-21,USC00273825,0.0
2025-03-11,USC00273825,0.0
2025-03-12,USC00273825,0.0
2025-03-13,USC00273825,0.0
2025-03-14,USC00273825,0.0
2025-02-04,USC00273850,0.0
2025-02-05,USC00273850,0.0
2025-02-06,USC00273850,91.0
2025-02-11,USC00273850,0.0
2025-02-12,USC00273850,0.0
2025-02-13,USC00273850,122.0
2025-02-18,USC00273850,0.0
2025-02-19,USC00273850,0.0
2025-02-22,USC00273850,0.0
2025-02-23,USC00273850,0.0
2025-02-24,USC00273850,0.0
2025-02-25,USC00273850,0.0
2025-02-26,USC00273850,0.0
2025-02-27,USC00273850,94.0
2025-03-03,USC00273850,0.0
2025-03-04,USC00273850,0.0
2025-03-06,USC00273850,94.0
2025-03-07,USC00273850,0.0
2025-03-10,USC00273850,0.0
2025-03-11,USC00273850,0.0
2025-03-15,USC00273850,0.0
2025-03-17,USC00273850,211.0
2025-03-18,USC00273850,5.0
2025-03-19,USC00273850,0.0
2025-03-21,USC00273850,104.0
2025-03-09,USC00273856,20.0
2025-03-16,USC00273856,0.0
2025-03-18,USC00273856,61.0
2025-03-19,USC00273856,0.0
2025-02-01,USC00273860,79.0
2025-02-02,USC00273860,10.0
2025-02-04,USC00273860,231.0
2025-02-06,USC00273860,0.0
2025-02-07,USC00273860,56.0
2025-02-08,USC00273860,51.0
2025-02-09,USC00273860,74.0
2025-02-10,USC00273860,51.0
2025-02-11,USC00273860,25.0
2025-02-13,USC00273860,41.0
2025-02-14,USC00273860,279.0
2025-02-15,USC00273860,5.0
2025-02-17,USC00273860,508.0
2025-02-18,USC00273860,38.0
2025-02-23,USC00273860,0.0
2025-02-24,USC00273860,20.0
2025-02-25,USC00273860,0.0
2025-02-26,USC00273860,76.0
2025-03-02,USC00273860,178.0
2025-03-03,USC00273860,0.0
2025-03-07,USC00273860,0.0
2025-03-09,USC00273860,0.0
2025-03-10,USC00273860,38.0
2025-03-11,USC00273860,0.0
2025-03-12,USC00273860,0.0
2025-03-15,USC00273860,0.0
2025-03-16,USC00273860,0.0
2025-03-18,USC00273860,0.0
2025-03-19,USC00273860,0.0
2025-03-20,USC00273860,0.0
2025-03-22,USC00273860,38.0
2025-03-23,USC00273860,56.0
2025-03-24,USC00273860,0.0
2025-03-25,USC00273860,58.0
2025-03-17,USC00274176,239.0
2025-03-25,USC00274176,94.0
2025-02-01,USC00274218,94.0
2025-02-02,USC00274218,0.0
2025-02-03,USC00274218,25.0
2025-02-04,USC00274218,3.0
2025-02-05,USC00274218,0.0
2025-02-06,USC00274218,0.0
2025-02-07,USC00274218,102.0
2025-02-08,USC00274218,0.0
2025-02-09,USC00274218,130.0
2025-02-10,USC00274218,3.0
2025-02-11,USC00274218,0.0
2025-02-12,USC00274218,0.0
2025-02-13,USC00274218,51.0
2025-02-14,USC00274218,102.0
2025-02-15,USC00274218,0.0
2025-02-16,USC00274218,112.0
2025-02-17,USC00274218,234.0
2025-02-18,USC00274218,0.0
2025-02-19,USC00274218,0.0
2025-02-20,USC00274218,0.0
2025-02-21,USC00274218,0.0
2025-02-22,USC00274218,0.0
2025-02-23,USC00274218,0.0
2025-02-24,USC00274218,0.0
2025-02-25,USC00274218,0.0
2025-02-26,USC00274218,8.0
2025-02-27,USC00274218,10.0
2025-02-28,USC00274218,155.0
2025-03-01,USC00274218,0.0
2025-03-02,USC00274218,0.0
2025-03-03,USC00274218,0.0
2025-03-04,USC00274218,0.0
2025-03-06,USC00274218,216.0
2025-03-07,USC00274218,3.0
2025-03-08,USC00274218,0.0
2025-03-09,USC00274218,0.0
2025-03-10,USC00274218,0.0
2025-03-11,USC00274218,0.0
2025-03-12,USC00274218,0.0
2025-03-13,USC00274218,0.0
2025-03-14,USC00274218,0.0
2025-03-15,USC00274218,0.0
2025-03-16,USC00274218,3.0
2025-03-17,USC00274218,279.0
2025-03-18,USC00274218,46.0
2025-03-19,USC00274218,0.0
2025-03-20,USC00274218,0.0
2025-03-21,USC00274218,104.0
2025-03-22,USC00274218,20.0
2025-03-23,USC00274218,18.0
2025-03-24,USC00274218,0.0
2025-02-01,USC00274234,173.0
2025-02-02,USC00274234,0.0
2025-02-03,USC00274234,36.0
2025-02-04,USC00274234,0.0
2025-02-05,USC00274234,0.0
2025-02-06,USC00274234,0.0
2025-02-07,USC00274234,76.0
2025-02-08,USC00274234,0.0
2025-02-09,USC00274234,142.0
2025-02-10,USC00274234,8.0
2025-02-11,USC00274234,0.0
2025-02-12,USC00274234,0.0
2025-02-13,USC00274234,38.0
2025-02-14,USC00274234,84.0
2025-02-15,USC00274234,0.0
2025-02-16,USC00274234,175.0
2025-02-17,USC00274234,249.0
2025-02-18,USC00274234,0.0
2025-02-19,USC00274234,0.0
2025-02-20,USC00274234,0.0
2025-02-21,USC00274234,0.0
2025-02-22,USC00274234,0.0
2025-02-23,USC00274234,0.0
2025-02-24,USC00274234,0.0
2025-02-25,USC00274234,0.0
2025-02-26,USC00274234,0.0
2025-02-27,USC00274234,8.0
2025-02-28,USC00274234,51.0
2025-03-01,USC00274234,0.0
2025-03-02,USC00274234,0.0
2025-03-03,USC00274234,0.0
2025-03-04,USC00274234,0.0
2025-03-05,USC00274234,0.0
2025-03-06,USC00274234,168.0
2025-03-07,USC00274234,3.0
2025-03-08,USC00274234,0.0
2025-03-09,USC00274234,0.0
2025-03-10,USC00274234,0.0
2025-03-11,USC00274234,0.0
2025-03-12,USC00274234,0.0
2025-03-13,USC00274234,0.0
2025-03-14,USC00274234,0.0
2025-03-15,USC00274234,0.0
2025-03-17,USC00274234,284.0
2025-03-18,USC00274234,61.0
2025-03-19,USC00274234,0.0
2025-03-20,USC00274234,8.0
2025-03-21,USC00274234,79.0
2025-03-22,USC00274234,8.0
2025-03-23,USC00274234,8.0
2025-03-24,USC00274234,0.0
2025-03-25,USC00274234,163.0
2025-02-01,USC00274304,160.0
2025-02-02,USC00274304,0.0
2025-02-03,USC00274304,36.0
2025-02-04,USC00274304,0.0
2025-02-05,USC00274304,0.0
2025-02-06,USC00274304,0.0
2025-02-07,USC00274304,89.0
2025-02-08,USC00274304,0.0
2025-02-09,USC00274304,160.0
2025-02-10,USC00274304,0.0
2025-02-11,USC00274304,0.0
2025-02-12,USC00274304,0.0
2025-02-13,USC00274304,71.0
2025-02-14,USC00274304,36.0
2025-02-15,USC00274304,0.0
2025-02-16,USC00274304,241.0
2025-02-17,USC00274304,137.0
2025-02-18,USC00274304,0.0
2025-02-19,USC00274304,0.0
2025-02-20,USC00274304,0.0
2025-02-21,USC00274304,0.0
2025-02-22,USC00274304,0.0
2025-02-23,USC00274304,0.0
2025-02-24,USC00274304,0.0
2025-02-25,USC00274304,0.0
2025-02-26,USC00274304,0.0
2025-02-27,USC00274304,53.0
2025-02-28,USC00274304,0.0
2025-03-01,USC00274304,0.0
2025-03-02,USC00274304,0.0
2025-03-03,USC00274304,0.0
2025-03-04,USC00274304,0.0
2025-03-05,USC00274304,10.0
2025-03-07,USC00274304,0.0
2025-03-08,USC00274304,0.0
2025-03-09,USC00274304,0.0
2025-03-10,USC00274304,0.0
2025-03-11,USC00274304,0.0
2025-03-12,USC00274304,0.0
2025-03-13,USC00274304,0.0
2025-03-14,USC00274304,0.0
2025-03-15,USC00274304,0.0
2025-03-16,USC00274304,5.0
2025-03-17,USC00274304,302.0
2025-03-18,USC00274304,38.0
2025-03-19,USC00274304,0.0
2025-03-20,USC00274304,3.0
2025-03-21,USC00274304,91.0
2025-03-22,USC00274304,0.0
2025-03-23,USC00274304,13.0
2025-03-24,USC00274304,5.0
2025-02-01,USC00274329,81.0
2025-02-02,USC00274329,0.0
2025-02-03,USC00274329,28.0
2025-02-04,USC00274329,71.0
2025-02-05,USC00274329,0.0
2025-02-06,USC00274329,0.0
2025-02-07,USC00274329,46.0
2025-02-08,USC00274329,28.0
2025-02-09,USC00274329,79.0
2025-02-10,USC00274329,0.0
2025-02-11,USC00274329,0.0
2025-02-12,USC00274329,10.0
2025-02-13,USC00274329,0.0
2025-02-14,USC00274329,53.0
2025-02-15,USC00274329,0.0
2025-02-16,USC00274329,66.0
2025-02-17,USC00274329,130.0
2025-02-18,USC00274329,0.0
2025-02-19,USC00274329,3.0
2025-02-20,USC00274329,0.0
2025-02-21,USC00274329,15.0
2025-02-22,USC00274329,0.0
2025-02-23,USC00274329,5.0
2025-02-24,USC00274329,8.0
2025-02-25,USC00274329,0.0
2025-02-26,USC00274329,53.0
2025-02-28,USC00274329,5.0
2025-03-01,USC00274329,10.0
2025-03-02,USC00274329,74.0
2025-03-03,USC00274329,0.0
2025-03-05,USC00274329,46.0
2025-03-06,USC00274329,89.0
2025-03-07,USC00274329,23.0
2025-03-08,USC00274329,0.0
2025-03-09,USC00274329,0.0
2025-03-10,USC00274329,20.0
2025-03-11,USC00274329,0.0
2025-03-12,USC00274329,0.0
2025-03-13,USC00274329,0.0
2025-03-14,USC00274329,0.0
2025-03-15,USC00274329,0.0
2025-03-16,USC00274329,0.0
2025-03-17,USC00274329,152.0
2025-03-18,USC00274329,74.0
2025-03-19,USC00274329,0.0
2025-03-20,USC00274329,0.0
2025-03-21,USC00274329,66.0
2025-03-22,USC00274329,91.0
2025-03-23,USC00274329,0.0
2025-03-24,USC00274329,0.0
2025-03-25,USC00274329,13.0
2025-02-01,USC00274399,132.0
2025-02-02,USC00274399,0.0
2025-02-03,USC00274399,38.0
2025-02-04,USC00274399,8.0
2025-02-05,USC00274399,0.0
2025-02-06,USC00274399,0.0
2025-02-07,USC00274399,84.0
2025-02-08,USC00274399,0.0
2025-02-09,USC00274399,152.0
2025-02-10,USC00274399,3.0
2025-02-11,USC00274399,0.0
2025-02-12,USC00274399,0.0
2025-02-13,USC00274399,41.0
2025-02-14,USC00274399,69.0
2025-02-15,USC00274399,0.0
2025-02-16,USC00274399,122.0
2025-02-17,USC00274399,246.0
2025-02-18,USC00274399,0.0
2025-02-19,USC00274399,0.0
2025-02-20,USC00274399,0.0
2025-02-21,USC00274399,0.0
2025-02-22,USC00274399,0.0
2025-02-23,USC00274399,0.0
2025-02-24,USC00274399,0.0
2025-02-25,USC00274399,0.0
2025-02-26,USC00274399,0.0
2025-02-27,USC00274399,28.0
2025-02-28,USC00274399,122.0
2025-03-01,USC00274399,5.0
2025-03-02,USC00274399,0.0
2025-03-03,USC00274399,0.0
2025-03-04,USC00274399,0.0
2025-03-05,USC00274399,0.0
2025-03-06,USC00274399,257.0
2025-03-07,USC00274399,0.0
2025-03-08,USC00274399,0.0
2025-03-09,USC00274399,0.0
2025-03-10,USC00274399,0.0
2025-03-11,USC00274399,0.0
2025-03-12,USC00274399,0.0
2025-03-13,USC00274399,0.0
2025-03-14,USC00274399,0.0
2025-03-15,USC00274399,0.0
2025-03-17,USC00274399,213.0
2025-03-18,USC00274399,51.0
2025-03-19,USC00274399,0.0
2025-03-20,USC00274399,0.0
2025-03-21,USC00274399,122.0
2025-03-22,USC00274399,23.0
2025-03-23,USC00274399,18.0
2025-03-24,USC00274399,0.0
2025-03-25,USC00274399,112.0
2025-02-01,USC00274480,79.0
2025-02-02,USC00274480,0.0
2025-02-03,USC00274480,66.0
2025-02-04,USC00274480,0.0
2025-02-05,USC00274480,0.0
2025-02-06,USC00274480,0.0
2025-02-07,USC00274480,81.0
2025-02-08,USC00274480,0.0
2025-02-09,USC00274480,112.0
2025-02-10,USC00274480,0.0
2025-02-11,USC00274480,0.0
2025-02-12,USC00274480,0.0
2025-02-13,USC00274480,15.0
2025-02-14,USC00274480,38.0
2025-02-15,USC00274480,0.0
2025-02-16,USC00274480,183.0
2025-02-17,USC00274480,122.0
2025-02-18,USC00274480,0.0
2025-02-19,USC00274480,0.0
2025-02-20,USC00274480,0.0
2025-02-21,USC00274480,0.0
2025-02-22,USC00274480,0.0
2025-02-23,USC00274480,0.0
2025-02-24,USC00274480,0.0
2025-02-25,USC00274480,0.0
2025-02-26,USC00274480,0.0
2025-02-27,USC00274480,0.0
2025-02-28,USC00274480,81.0
2025-03-02,USC00274480,0.0
2025-03-03,USC00274480,0.0
2025-03-04,USC00274480,0.0
2025-03-05,USC00274480,0.0
2025-03-06,USC00274480,178.0
2025-03-07,USC00274480,0.0
2025-03-08,USC00274480,0.0
2025-03-09,USC00274480,0.0
2025-03-10,USC00274480,0.0
2025-03-11,USC00274480,0.0
2025-03-12,USC00274480,0.0
2025-03-13,USC00274480,0.0
2025-03-14,USC00274480,0.0
2025-03-15,USC00274480,0.0
2025-03-16,USC00274480,0.0
2025-03-17,USC00274480,264.0
2025-03-18,USC00274480,76.0
2025-03-19,USC00274480,0.0
2025-03-20,USC00274480,0.0
2025-03-21,USC00274480,66.0
2025-03-22,USC00274480,25.0
2025-03-23,USC00274480,0.0
2025-03-24,USC00274480,0.0
2025-03-25,USC00274480,137.0
2025-02-01,USC00274734,58.0
2025-02-02,USC00274734,0.0
2025-02-03,USC00274734,86.0
2025-02-04,USC00274734,71.0
2025-02-05,USC00274734,3.0
2025-02-06,USC00274734,0.0
2025-02-08,USC00274734,10.0
2025-02-10,USC00274734,8.0
2025-02-11,USC00274734,0.0
2025-02-12,USC00274734,0.0
2025-02-13,USC00274734,5.0
2025-02-14,USC00274734,76.0
2025-02-15,USC00274734,0.0
2025-02-19,USC00274734,3.0
2025-02-20,USC00274734,0.0
2025-02-21,USC00274734,0.0
2025-02-23,USC00274734,0.0
2025-02-24,USC00274734,0.0
2025-02-25,USC00274734,0.0
2025-02-26,USC00274734,30.0
2025-02-27,USC00274734,3.0
2025-03-01,USC00274734,64.0
2025-03-02,USC00274734,20.0
2025-03-03,USC00274734,0.0
2025-03-05,USC00274734,0.0
2025-03-06,USC00274734,330.0
2025-03-07,USC00274734,18.0
2025-03-08,USC00274734,13.0
2025-03-09,USC00274734,0.0
2025-03-10,USC00274734,46.0
2025-03-11,USC00274734,0.0
2025-03-12,USC00274734,0.0
2025-03-13,USC00274734,0.0
2025-03-14,USC00274734,0.0
2025-03-15,USC00274734,0.0
2025-03-16,USC00274734,0.0
2025-03-17,USC00274734,292.0
2025-03-18,USC00274734,43.0
2025-03-19,USC00274734,0.0
2025-03-20,USC00274734,0.0
2025-03-21,USC00274734,74.0
2025-03-22,USC00274734,25.0
2025-03-23,USC00274734,20.0
2025-03-24,USC00274734,0.0
2025-03-25,USC00274734,76.0
2025-02-01,USC00274810,51.0
2025-02-02,USC00274810,0.0
2025-02-04,USC00274810,38.0
2025-02-05,USC00274810,8.0
2025-02-06,USC00274810,0.0
2025-02-07,USC00274810,79.0
2025-02-08,USC00274810,3.0
2025-02-10,USC00274810,10.0
2025-02-11,USC00274810,3.0
2025-02-13,USC00274810,20.0
2025-02-14,USC00274810,69.0
2025-02-15,USC00274810,0.0
2025-02-17,USC00274810,157.0
2025-02-18,USC00274810,0.0
2025-02-19,USC00274810,0.0
2025-02-20,USC00274810,0.0
2025-02-21,USC00274810,5.0
2025-02-23,USC00274810,8.0
2025-02-25,USC00274810,0.0
2025-03-02,USC00274810,97.0
2025-03-03,USC00274810,0.0
2025-03-05,USC00274810,15.0
2025-03-07,USC00274810,13.0
2025-03-08,USC00274810,0.0
2025-03-09,USC00274810,0.0
2025-03-10,USC00274810,23.0
2025-03-11,USC00274810,0.0
2025-03-12,USC00274810,0.0
2025-03-15,USC00274810,0.0
2025-03-16,USC00274810,0.0
2025-03-17,USC00274810,424.0
2025-03-18,USC00274810,69.0
2025-03-19,USC00274810,0.0
2025-03-20,USC00274810,0.0
2025-03-21,USC00274810,69.0
2025-03-22,USC00274810,33.0
2025-03-23,USC00274810,23.0
2025-03-24,USC00274810,0.0
2025-03-25,USC00274810,58.0
2025-02-04,USC00275013,8.0
2025-02-05,USC00275013,0.0
2025-02-06,USC00275013,0.0
2025-02-07,USC00275013,86.0
2025-02-10,USC00275013,0.0
2025-02-11,USC00275013,0.0
2025-02-12,USC00275013,0.0
2025-02-13,USC00275013,43.0
2025-02-14,USC00275013,46.0
2025-02-17,USC00275013,180.0
2025-02-18,USC00275013,0.0
2025-02-19,USC00275013,0.0
2025-02-20,USC00275013,0.0
2025-02-21,USC00275013,0.0
2025-02-25,USC00275013,0.0
2025-02-26,USC00275013,3.0
2025-02-27,USC00275013,23.0
2025-02-28,USC00275013,94.0
2025-03-04,USC00275013,0.0
2025-03-05,USC00275013,0.0
2025-03-06,USC00275013,297.0
2025-03-11,USC00275013,0.0
2025-03-13,USC00275013,0.0
2025-03-14,USC00275013,0.0
2025-03-17,USC00275013,305.0
2025-03-18,USC00275013,46.0
2025-03-19,USC00275013,0.0
2025-03-20,USC00275013,3.0
2025-03-21,USC00275013,104.0
2025-03-24,USC00275013,0.0
2025-03-25,USC00275013,160.0
2025-02-01,USC00275211,0.0
2025-02-02,USC00275211,30.0
2025-02-03,USC00275211,0.0
2025-02-04,USC00275211,0.0
2025-02-05,USC00275211,0.0
2025-02-06,USC00275211,102.0
2025-02-07,USC00275211,0.0
2025-02-08,USC00275211,109.0
2025-02-09,USC00275211,0.0
2025-02-10,USC00275211,0.0
2025-02-11,USC00275211,0.0
2025-02-12,USC00275211,25.0
2025-02-13,USC00275211,0.0
2025-02-14,USC00275211,0.0
2025-02-15,USC00275211,155.0
2025-02-16,USC00275211,218.0
2025-02-17,USC00275211,0.0
2025-02-18,USC00275211,0.0
2025-02-19,USC00275211,0.0
2025-02-20,USC00275211,0.0
2025-02-21,USC00275211,0.0
2025-02-22,USC00275211,0.0
2025-02-23,USC00275211,0.0
2025-02-24,USC00275211,0.0
2025-02-25,USC00275211,0.0
2025-02-26,USC00275211,0.0
2025-02-27,USC00275211,89.0
2025-02-28,USC00275211,0.0
2025-03-01,USC00275211,0.0
2025-03-02,USC00275211,0.0
2025-03-03,USC00275211,0.0
2025-03-04,USC00275211,0.0
2025-03-05,USC00275211,0.0
2025-03-07,USC00275211,0.0
2025-03-08,USC00275211,0.0
2025-03-09,USC00275211,0.0
2025-03-10,USC00275211,0.0
2025-03-11,USC00275211,0.0
2025-03-12,USC00275211,0.0
2025-03-13,USC00275211,0.0
2025-03-14,USC00275211,0.0
2025-03-15,USC00275211,0.0
2025-03-16,USC00275211,279.0
2025-03-19,USC00275211,0.0
2025-03-20,USC00275211,64.0
2025-03-21,USC00275211,0.0
2025-03-22,USC00275211,0.0
2025-03-23,USC00275211,0.0
2025-03-24,USC00275211,168.0
2025-02-01,USC00275703,188.0
2025-02-02,USC00275703,0.0
2025-02-03,USC00275703,30.0
2025-02-04,USC00275703,0.0
2025-02-05,USC00275703,0.0
2025-02-06,USC00275703,0.0
2025-02-07,USC00275703,117.0
2025-02-08,USC00275703,0.0
2025-02-09,USC00275703,168.0
2025-02-10,USC00275703,0.0
2025-02-11,USC00275703,0.0
2025-02-12,USC00275703,0.0
2025-02-13,USC00275703,48.0
2025-02-14,USC00275703,89.0
2025-02-15,USC00275703,0.0
2025-02-16,USC00275703,178.0
2025-02-17,USC00275703,257.0
2025-02-18,USC00275703,0.0
2025-02-19,USC00275703,0.0
2025-02-20,USC00275703,0.0
2025-02-21,USC00275703,0.0
2025-02-22,USC00275703,0.0
2025-02-23,USC00275703,0.0
2025-02-24,USC00275703,0.0
2025-02-25,USC00275703,0.0
2025-02-26,USC00275703,0.0
2025-02-27,USC00275703,13.0
2025-02-28,USC00275703,41.0
2025-03-01,USC00275703,0.0
2025-03-02,USC00275703,0.0
2025-03-03,USC00275703,0.0
2025-03-04,USC00275703,0.0
2025-03-06,USC00275703,150.0
2025-03-07,USC00275703,0.0
2025-03-08,USC00275703,0.0
2025-03-09,USC00275703,0.0
2025-03-10,USC00275703,0.0
2025-03-11,USC00275703,0.0
2025-03-12,USC00275703,0.0
2025-03-13,USC00275703,0.0
2025-03-14,USC00275703,0.0
2025-03-15,USC00275703,0.0
2025-03-16,USC00275703,3.0
2025-03-17,USC00275703,295.0
2025-03-18,USC00275703,76.0
2025-03-19,USC00275703,0.0
2025-03-20,USC00275703,5.0
2025-03-21,USC00275703,66.0
2025-03-22,USC00275703,5.0
2025-03-23,USC00275703,8.0
2025-03-24,USC00275703,0.0
2025-03-25,USC00275703,165.0
2025-02-02,USC00275868,0.0
2025-02-04,USC00275868,28.0
2025-02-05,USC00275868,0.0
2025-02-06,USC00275868,0.0
2025-02-09,USC00275868,114.0
2025-02-10,USC00275868,0.0
2025-02-11,USC00275868,0.0
2025-02-12,USC00275868,0.0
2025-02-13,USC00275868,43.0
2025-02-16,USC00275868,76.0
2025-02-17,USC00275868,173.0
2025-02-20,USC00275868,0.0
2025-02-24,USC00275868,0.0
2025-03-03,USC00275868,0.0
2025-03-04,USC00275868,0.0
2025-03-05,USC00275868,0.0
2025-03-06,USC00275868,173.0
2025-03-09,USC00275868,0.0
2025-03-10,USC00275868,0.0
2025-03-11,USC00275868,0.0
2025-03-12,USC00275868,0.0
2025-03-13,USC00275868,0.0
2025-03-16,USC00275868,0.0
2025-03-17,USC00275868,188.0
2025-03-22,USC00275868,15.0
2025-03-23,USC00275868,5.0
2025-03-24,USC00275868,0.0
2025-02-01,USC00275995,66.0
2025-02-02,USC00275995,0.0
2025-02-03,USC00275995,61.0
2025-02-04,USC00275995,5.0
2025-02-05,USC00275995,0.0
2025-02-06,USC00275995,0.0
2025-02-07,USC00275995,124.0
2025-02-08,USC00275995,0.0
2025-02-09,USC00275995,76.0
2025-02-10,USC00275995,0.0
2025-02-11,USC00275995,0.0
2025-02-12,USC00275995,0.0
2025-02-13,USC00275995,43.0
2025-02-14,USC00275995,74.0
2025-02-15,USC00275995,0.0
2025-02-16,USC00275995,61.0
2025-02-17,USC00275995,239.0
2025-02-18,USC00275995,0.0
2025-02-19,USC00275995,0.0
2025-02-20,USC00275995,0.0
2025-02-21,USC00275995,0.0
2025-02-22,USC00275995,0.0
2025-02-23,USC00275995,0.0
2025-02-24,USC00275995,0.0
2025-02-25,USC00275995,0.0
2025-02-26,USC00275995,3.0
2025-02-27,USC00275995,18.0
2025-02-28,USC00275995,124.0
2025-03-01,USC00275995,38.0
2025-03-02,USC00275995,0.0
2025-03-03,USC00275995,0.0
2025-03-04,USC00275995,0.0
2025-03-06,USC00275995,368.0
2025-03-07,USC00275995,0.0
2025-03-08,USC00275995,0.0
2025-03-09,USC00275995,0.0
2025-03-10,USC00275995,8.0
2025-03-11,USC00275995,0.0
2025-03-12,USC00275995,0.0
2025-03-13,USC00275995,0.0
2025-03-14,USC00275995,0.0
2025-03-15,USC00275995,0.0
2025-03-16,USC00275995,0.0
2025-03-17,USC00275995,203.0
2025-03-18,USC00275995,30.0
2025-03-19,USC00275995,0.0
2025-03-20,USC00275995,0.0
2025-03-21,USC00275995,86.0
2025-03-22,USC00275995,8.0
2025-03-23,USC00275995,0.0
2025-03-24,USC00275995,0.0
2025-03-25,USC00275995,142.0
2025-02-01,USC00276365,64.0
2025-02-02,USC00276365,0.0
2025-02-03,USC00276365,48.0
2025-02-04,USC00276365,64.0
2025-02-05,USC00276365,0.0
2025-02-06,USC00276365,0.0
2025-02-07,USC00276365,69.0
2025-02-08,USC00276365,10.0
2025-02-09,USC00276365,46.0
2025-02-10,USC00276365,5.0
2025-02-11,USC00276365,0.0
2025-02-12,USC00276365,5.0
2025-02-13,USC00276365,8.0
2025-02-14,USC00276365,84.0
2025-02-15,USC00276365,0.0
2025-02-16,USC00276365,53.0
2025-02-17,USC00276365,74.0
2025-02-18,USC00276365,0.0
2025-02-19,USC00276365,0.0
2025-02-20,USC00276365,0.0
2025-02-21,USC00276365,0.0
2025-02-22,USC00276365,0.0
2025-02-23,USC00276365,5.0
2025-02-24,USC00276365,0.0
2025-02-25,USC00276365,0.0
2025-02-26,USC00276365,76.0
2025-02-27,USC00276365,15.0
2025-02-28,USC00276365,25.0
2025-03-01,USC00276365,28.0
2025-03-02,USC00276365,36.0
2025-03-03,USC00276365,0.0
2025-03-04,USC00276365,0.0
2025-03-05,USC00276365,43.0
2025-03-06,USC00276365,142.0
2025-03-07,USC00276365,0.0
2025-03-08,USC00276365,0.0
2025-03-09,USC00276365,0.0
2025-03-10,USC00276365,23.0
2025-03-11,USC00276365,0.0
2025-03-12,USC00276365,0.0
2025-03-13,USC00276365,0.0
2025-03-14,USC00276365,0.0
2025-03-15,USC00276365,0.0
2025-03-16,USC00276365,0.0
2025-03-17,USC00276365,157.0
2025-03-18,USC00276365,74.0
2025-03-19,USC00276365,0.0
2025-03-20,USC00276365,0.0
2025-03-21,USC00276365,76.0
2025-03-22,USC00276365,28.0
2025-03-23,USC00276365,3.0
2025-03-24,USC00276365,0.0
2025-03-25,USC00276365,20.0
2025-03-04,USC00276368,0.0
2025-03-05,USC00276368,0.0
2025-03-06,USC00276368,241.0
2025-03-14,USC00276368,0.0
2025-03-16,USC00276368,0.0
2025-03-17,USC00276368,244.0
2025-03-18,USC00276368,99.0
2025-03-19,USC00276368,0.0
2025-03-20,USC00276368,5.0
2025-03-21,USC00276368,91.0
2025-03-22,USC00276368,56.0
2025-03-23,USC00276368,13.0
2025-03-24,USC00276368,0.0
2025-02-04,USC00276550,10.0
2025-02-05,USC00276550,0.0
2025-02-06,USC00276550,0.0
2025-02-07,USC00276550,76.0
2025-02-11,USC00276550,0.0
2025-02-12,USC00276550,0.0
2025-02-13,USC00276550,23.0
2025-02-14,USC00276550,48.0
2025-02-18,USC00276550,0.0
2025-02-19,USC00276550,0.0
2025-02-20,USC00276550,0.0
2025-02-21,USC00276550,0.0
2025-02-25,USC00276550,0.0
2025-02-26,USC00276550,0.0
2025-02-27,USC00276550,23.0
2025-02-28,USC00276550,114.0
2025-03-01,USC00276550,0.0
2025-03-02,USC00276550,0.0
2025-03-03,USC00276550,0.0
2025-03-04,USC00276550,0.0
2025-03-05,USC00276550,0.0
2025-03-06,USC00276550,213.0
2025-03-07,USC00276550,5.0
2025-03-10,USC00276550,0.0
2025-03-11,USC00276550,0.0
2025-03-12,USC00276550,0.0
2025-03-13,USC00276550,0.0
2025-03-14,USC00276550,0.0
2025-03-18,USC00276550,97.0
2025-03-19,USC00276550,0.0
2025-03-20,USC00276550,0.0
2025-03-21,USC00276550,91.0
2025-03-25,USC00276550,112.0
2025-02-01,USC00276818,74.0
2025-02-02,USC00276818,28.0
2025-02-03,USC00276818,41.0
2025-02-04,USC00276818,25.0
2025-02-05,USC00276818,20.0
2025-02-06,USC00276818,46.0
2025-02-07,USC00276818,132.0
2025-02-08,USC00276818,41.0
2025-02-09,USC00276818,71.0
2025-02-11,USC00276818,0.0
2025-02-12,USC00276818,25.0
2025-02-13,USC00276818,41.0
2025-02-14,USC00276818,224.0
2025-02-15,USC00276818,10.0
2025-02-16,USC00276818,51.0
2025-02-17,USC00276818,51.0
2025-02-18,USC00276818,20.0
2025-02-20,USC00276818,13.0
2025-02-21,USC00276818,300.0
2025-02-22,USC00276818,0.0
2025-02-23,USC00276818,0.0
2025-02-24,USC00276818,0.0
2025-02-25,USC00276818,0.0
2025-02-26,USC00276818,46.0
2025-02-27,USC00276818,0.0
2025-02-28,USC00276818,94.0
2025-03-01,USC00276818,33.0
2025-03-02,USC00276818,25.0
2025-03-03,USC00276818,0.0
2025-03-04,USC00276818,20.0
2025-03-05,USC00276818,25.0
2025-03-06,USC00276818,41.0
2025-03-07,USC00276818,0.0
2025-03-08,USC00276818,8.0
2025-03-09,USC00276818,0.0
2025-03-10,USC00276818,46.0
2025-03-11,USC00276818,0.0
2025-03-12,USC00276818,0.0
2025-03-13,USC00276818,0.0
2025-03-14,USC00276818,0.0
2025-03-15,USC00276818,0.0
2025-03-16,USC00276818,0.0
2025-03-17,USC00276818,43.0
2025-03-18,USC00276818,0.0
2025-03-19,USC00276818,0.0
2025-03-20,USC00276818,0.0
2025-03-21,USC00276818,23.0
2025-03-22,USC00276818,3.0
2025-03-23,USC00276818,56.0
2025-03-24,USC00276818,0.0
2025-03-25,USC00276818,46.0
2025-02-02,USC00276856,0.0
2025-02-05,USC00276856,0.0
2025-02-06,USC00276856,0.0
2025-02-07,USC00276856,81.0
2025-02-09,USC00276856,25.0
2025-02-10,USC00276856,3.0
2025-02-11,USC00276856,0.0
2025-02-13,USC00276856,25.0
2025-02-14,USC00276856,38.0
2025-02-15,USC00276856,0.0
2025-02-16,USC00276856,3.0
2025-02-17,USC00276856,5.0
2025-02-18,USC00276856,25.0
2025-02-20,USC00276856,0.0
2025-02-21,USC00276856,10.0
2025-02-23,USC00276856,0.0
2025-02-24,USC00276856,0.0
2025-02-27,USC00276856,0.0
2025-02-28,USC00276856,33.0
2025-03-01,USC00276856,10.0
2025-03-02,USC00276856,13.0
2025-03-03,USC00276856,0.0
2025-03-04,USC00276856,0.0
2025-03-05,USC00276856,33.0
2025-03-06,USC00276856,198.0
2025-03-07,USC00276856,15.0
2025-03-08,USC00276856,0.0
2025-03-09,USC00276856,3.0
2025-03-10,USC00276856,33.0
2025-03-11,USC00276856,0.0
2025-03-12,USC00276856,0.0
2025-03-13,USC00276856,0.0
2025-03-14,USC00276856,0.0
2025-03-15,USC00276856,0.0
2025-03-16,USC00276856,0.0
2025-03-17,USC00276856,64.0
2025-03-18,USC00276856,48.0
2025-03-19,USC00276856,0.0
2025-03-20,USC00276856,0.0
2025-03-21,USC00276856,48.0
2025-03-22,USC00276856,15.0
2025-03-23,USC00276856,5.0
2025-03-24,USC00276856,0.0
2025-03-25,USC00276856,10.0
2025-02-01,USC00277833,69.0
2025-02-02,USC00277833,10.0
2025-02-03,USC00277833,36.0
2025-02-04,USC00277833,23.0
2025-02-05,USC00277833,10.0
2025-02-06,USC00277833,0.0
2025-02-08,USC00277833,0.0
2025-02-10,USC00277833,13.0
2025-02-11,USC00277833,0.0
2025-02-13,USC00277833,58.0
2025-02-14,USC00277833,48.0
2025-02-15,USC00277833,0.0
2025-02-20,USC00277833,0.0
2025-02-21,USC00277833,15.0
2025-02-23,USC00277833,0.0
2025-02-24,USC00277833,0.0
2025-02-25,USC00277833,0.0
2025-02-26,USC00277833,23.0
2025-03-01,USC00277833,25.0
2025-03-03,USC00277833,0.0
2025-03-06,USC00277833,203.0
2025-03-07,USC00277833,0.0
2025-03-08,USC00277833,0.0
2025-03-09,USC00277833,0.0
2025-03-10,USC00277833,8.0
2025-03-11,USC00277833,10.0
2025-03-12,USC00277833,0.0
2025-03-13,USC00277833,0.0
2025-03-14,USC00277833,0.0
2025-03-15,USC00277833,0.0
2025-03-16,USC00277833,0.0
2025-03-17,USC00277833,338.0
2025-03-18,USC00277833,48.0
2025-03-19,USC00277833,0.0
2025-03-20,USC00277833,0.0
2025-03-21,USC00277833,99.0
2025-03-22,USC00277833,43.0
2025-03-23,USC00277833,18.0
2025-03-24,USC00277833,0.0
2025-03-25,USC00277833,107.0
2025-02-04,USC00278539,0.0
2025-02-05,USC00278539,0.0
2025-02-06,USC00278539,0.0
2025-02-07,USC00278539,104.0
2025-02-11,USC00278539,0.0
2025-02-12,USC00278539,0.0
2025-02-13,USC00278539,41.0
2025-02-14,USC00278539,69.0
2025-02-19,USC00278539,0.0
2025-02-20,USC00278539,0.0
2025-02-21,USC00278539,0.0
2025-02-25,USC00278539,0.0
2025-02-26,USC00278539,0.0
2025-02-28,USC00278539,135.0
2025-03-04,USC00278539,0.0
2025-03-05,USC00278539,0.0
2025-03-11,USC00278539,0.0
2025-03-12,USC00278539,0.0
2025-03-14,USC00278539,0.0
2025-03-15,USC00278539,0.0
2025-03-16,USC00278539,0.0
2025-03-17,USC00278539,180.0
2025-03-18,USC00278539,36.0
2025-03-19,USC00278539,0.0
2025-03-20,USC00278539,0.0
2025-03-21,USC00278539,117.0
2025-03-22,USC00278539,0.0
2025-03-23,USC00278539,0.0
2025-03-24,USC00278539,23.0
2025-03-25,USC00278539,130.0
2025-02-01,USC00278614,81.0
2025-02-02,USC00278614,0.0
2025-02-03,USC00278614,56.0
2025-02-04,USC00278614,20.0
2025-02-05,USC00278614,0.0
2025-02-06,USC00278614,0.0
2025-02-07,USC00278614,119.0
2025-02-08,USC00278614,0.0
2025-02-09,USC00278614,84.0
2025-02-10,USC00278614,10.0
2025-02-11,USC00278614,0.0
2025-02-12,USC00278614,0.0
2025-02-13,USC00278614,48.0
2025-02-14,USC00278614,107.0
2025-02-15,USC00278614,0.0
2025-02-16,USC00278614,53.0
2025-02-17,USC00278614,211.0
2025-02-18,USC00278614,0.0
2025-02-19,USC00278614,0.0
2025-02-20,USC00278614,0.0
2025-02-21,USC00278614,0.0
2025-02-22,USC00278614,0.0
2025-02-23,USC00278614,0.0
2025-02-24,USC00278614,0.0
2025-02-25,USC00278614,0.0
2025-02-26,USC00278614,0.0
2025-02-27,USC00278614,0.0
2025-02-28,USC00278614,152.0
2025-03-01,USC00278614,30.0
2025-03-02,USC00278614,0.0
2025-03-03,USC00278614,0.0
2025-03-04,USC00278614,0.0
2025-03-05,USC00278614,0.0
2025-03-06,USC00278614,378.0
2025-03-07,USC00278614,3.0
2025-03-08,USC00278614,3.0
2025-03-09,USC00278614,0.0
2025-03-10,USC00278614,13.0
2025-03-11,USC00278614,0.0
2025-03-12,USC00278614,0.0
2025-03-13,USC00278614,0.0
2025-03-14,USC00278614,0.0
2025-03-15,USC00278614,0.0
2025-03-16,USC00278614,0.0
2025-03-17,USC00278614,175.0
2025-03-18,USC00278614,46.0
2025-03-19,USC00278614,0.0
2025-03-20,USC00278614,0.0
2025-03-21,USC00278614,64.0
2025-03-22,USC00278614,23.0
2025-03-23,USC00278614,0.0
2025-03-24,USC00278614,0.0
2025-03-25,USC00278614,155.0
2025-02-01,USC00278856,107.0
2025-02-02,USC00278856,0.0
2025-02-03,USC00278856,43.0
2025-02-04,USC00278856,10.0
2025-02-05,USC00278856,0.0
2025-02-06,USC00278856,0.0
2025-02-08,USC00278856,0.0
2025-02-10,USC00278856,8.0
2025-02-11,USC00278856,0.0
2025-02-12,USC00278856,0.0
2025-02-13,USC00278856,56.0
2025-02-14,USC00278856,97.0
2025-02-15,USC00278856,0.0
2025-02-19,USC00278856,0.0
2025-02-20,USC00278856,0.0
2025-02-21,USC00278856,8.0
2025-02-23,USC00278856,0.0
2025-02-24,USC00278856,0.0
2025-02-25,USC00278856,0.0
2025-02-26,USC00278856,0.0
2025-02-27,USC00278856,23.0
2025-03-01,USC00278856,15.0
2025-03-02,USC00278856,0.0
2025-03-03,USC00278856,0.0
2025-03-05,USC00278856,0.0
2025-03-06,USC00278856,185.0
2025-03-07,USC00278856,0.0
2025-03-08,USC00278856,0.0
2025-03-09,USC00278856,0.0
2025-03-10,USC00278856,0.0
2025-03-11,USC00278856,0.0
2025-03-12,USC00278856,0.0
2025-03-13,USC00278856,0.0
2025-03-14,USC00278856,0.0
2025-03-15,USC00278856,0.0
2025-03-16,USC00278856,0.0
2025-03-17,USC00278856,216.0
2025-03-18,USC00278856,33.0
2025-03-19,USC00278856,0.0
2025-03-20,USC00278856,0.0
2025-03-21,USC00278856,104.0
2025-03-22,USC00278856,15.0
2025-03-23,USC00278856,13.0
2025-03-24,USC00278856,0.0
2025-03-25,USC00278856,107.0
2025-02-03,USC00278961,69.0
2025-02-04,USC00278961,53.0
2025-02-05,USC00278961,0.0
2025-02-06,USC00278961,0.0
2025-02-07,USC00278961,155.0
2025-02-08,USC00278961,0.0
2025-02-10,USC00278961,23.0
2025-02-12,USC00278961,0.0
2025-02-15,USC00278961,0.0
2025-02-17,USC00278961,185.0
2025-02-20,USC00278961,0.0
2025-02-21,USC00278961,0.0
2025-02-23,USC00278961,3.0
2025-02-24,USC00278961,0.0
2025-02-25,USC00278961,0.0
2025-02-26,USC00278961,5.0
2025-02-27,USC00278961,0.0
2025-03-01,USC00278961,25.0
2025-03-02,USC00278961,20.0
2025-03-03,USC00278961,0.0
2025-03-05,USC00278961,0.0
2025-03-06,USC00278961,262.0
2025-03-07,USC00278961,8.0
2025-03-08,USC00278961,5.0
2025-03-09,USC00278961,0.0
2025-03-10,USC00278961,41.0
2025-03-11,USC00278961,0.0
2025-03-12,USC00278961,0.0
2025-03-13,USC00278961,0.0
2025-03-14,USC00278961,0.0
2025-03-15,USC00278961,0.0
2025-03-16,USC00278961,0.0
2025-03-17,USC00278961,241.0
2025-03-18,USC00278961,38.0
2025-03-19,USC00278961,0.0
2025-03-20,USC00278961,0.0
2025-03-21,USC00278961,89.0
2025-03-22,USC00278961,36.0
2025-03-23,USC00278961,8.0
2025-03-24,USC00278961,0.0
2025-03-25,USC00278961,86.0
2025-02-04,USC00279091,66.0
2025-02-05,USC00279091,0.0
2025-02-06,USC00279091,0.0
2025-02-07,USC00279091,66.0
2025-02-13,USC00279091,0.0
2025-02-17,USC00279091,145.0
2025-02-18,USC00279091,0.0
2025-02-28,USC00279091,43.0
2025-03-01,USC00279091,15.0
2025-03-02,USC00279091,8.0
2025-03-03,USC00279091,0.0
2025-03-11,USC00279091,0.0
2025-03-12,USC00279091,0.0
2025-03-19,USC00279091,0.0
2025-02-01,USC00279278,145.0
2025-02-02,USC00279278,13.0
2025-02-03,USC00279278,46.0
2025-02-04,USC00279278,3.0
2025-02-05,USC00279278,0.0
2025-02-06,USC00279278,0.0
2025-02-07,USC00279278,97.0
2025-02-08,USC00279278,0.0
2025-02-09,USC00279278,137.0
2025-02-10,USC00279278,0.0
2025-02-11,USC00279278,0.0
2025-02-12,USC00279278,0.0
2025-02-13,USC00279278,56.0
2025-02-14,USC00279278,66.0
2025-02-15,USC00279278,0.0
2025-02-16,USC00279278,150.0
2025-02-17,USC00279278,218.0
2025-02-18,USC00279278,0.0
2025-02-19,USC00279278,0.0
2025-02-20,USC00279278,0.0
2025-02-21,USC00279278,0.0
2025-02-22,USC00279278,0.0
2025-02-23,USC00279278,0.0
2025-02-24,USC00279278,0.0
2025-02-25,USC00279278,0.0
2025-02-26,USC00279278,0.0
2025-02-27,USC00279278,0.0
2025-02-28,USC00279278,61.0
2025-03-01,USC00279278,0.0
2025-03-02,USC00279278,0.0
2025-03-03,USC00279278,0.0
2025-03-04,USC00279278,0.0
2025-03-06,USC00279278,165.0
2025-03-07,USC00279278,3.0
2025-03-08,USC00279278,0.0
2025-03-09,USC00279278,0.0
2025-03-10,USC00279278,0.0
2025-03-11,USC00279278,0.0
2025-03-12,USC00279278,0.0
2025-03-13,USC00279278,0.0
2025-03-14,USC00279278,0.0
2025-03-15,USC00279278,0.0
2025-03-16,USC00279278,0.0
2025-03-17,USC00279278,312.0
2025-03-18,USC00279278,76.0
2025-03-19,USC00279278,0.0
2025-03-20,USC00279278,8.0
2025-03-21,USC00279278,58.0
2025-03-22,USC00279278,38.0
2025-03-23,USC00279278,18.0
2025-03-24,USC00279278,0.0
2025-03-25,USC00279278,140.0
2025-02-01,USC00279970,76.0
2025-02-02,USC00279970,3.0
2025-02-04,USC00279970,157.0
2025-02-05,USC00279970,28.0
2025-02-06,USC00279970,0.0
2025-02-08,USC00279970,15.0
2025-02-09,USC00279970,64.0
2025-02-10,USC00279970,10.0
2025-02-11,USC00279970,18.0
2025-02-13,USC00279970,51.0
2025-02-14,USC00279970,178.0
2025-02-17,USC00279970,241.0
2025-02-18,USC00279970,5.0
2025-02-19,USC00279970,3.0
2025-02-21,USC00279970,0.0
2025-02-23,USC00279970,3.0
2025-02-24,USC00279970,15.0
2025-02-25,USC00279970,0.0
2025-02-26,USC00279970,56.0
2025-02-27,USC00279970,3.0
2025-03-02,USC00279970,46.0
2025-03-03,USC00279970,0.0
2025-03-05,USC00279970,46.0
2025-03-07,USC00279970,25.0
2025-03-09,USC00279970,3.0
2025-03-10,USC00279970,25.0
2025-03-11,USC00279970,0.0
2025-03-12,USC00279970,0.0
2025-03-15,USC00279970,0.0
2025-03-16,USC00279970,0.0
2025-03-17,USC00279970,259.0
2025-03-18,USC00279970,8.0
2025-03-19,USC00279970,0.0
2025-03-20,USC00279970,0.0
2025-03-21,USC00279970,71.0
2025-03-22,USC00279970,18.0
2025-03-23,USC00279970,36.0
2025-03-24,USC00279970,0.0
2025-03-25,USC00279970,137.0
2025-02-01,USW00014710,8.0
2025-02-02,USW00014710,15.0
2025-02-03,USW00014710,10.0
2025-02-04,USW00014710,0.0
2025-02-05,USW00014710,0.0
2025-02-06,USW00014710,71.0
2025-02-07,USW00014710,0.0
2025-02-08,USW00014710,41.0
2025-02-09,USW00014710,76.0
2025-02-10,USW00014710,0.0
2025-02-11,USW00014710,0.0
2025-02-12,USW00014710,0.0
2025-02-13,USW00014710,97.0
2025-02-14,USW00014710,0.0
2025-02-15,USW00014710,46.0
2025-02-16,USW00014710,267.0
2025-02-17,USW00014710,0.0
2025-02-18,USW00014710,0.0
2025-02-19,USW00014710,0.0
2025-02-20,USW00014710,0.0
2025-02-21,USW00014710,0.0
2025-02-22,USW00014710,0.0
2025-02-23,USW00014710,0.0
2025-02-24,USW00014710,0.0
2025-02-25,USW00014710,0.0
2025-02-26,USW00014710,0.0
2025-02-27,USW00014710,74.0
2025-02-28,USW00014710,0.0
2025-03-01,USW00014710,0.0
2025-03-02,USW00014710,0.0
2025-03-03,USW00014710,0.0
2025-03-04,USW00014710,0.0
2025-03-05,USW00014710,130.0
2025-03-06,USW00014710,56.0
2025-03-07,USW00014710,0.0
2025-03-08,USW00014710,0.0
2025-03-09,USW00014710,0.0
2025-03-10,USW00014710,0.0
2025-03-11,USW00014710,0.0
2025-03-12,USW00014710,0.0
2025-03-13,USW00014710,0.0
2025-03-14,USW00014710,0.0
2025-03-15,USW00014710,0.0
2025-03-16,USW00014710,0.0
2025-03-17,USW00014710,295.0
2025-03-18,USW00014710,0.0
2025-03-19,USW00014710,0.0
2025-03-20,USW00014710,0.0
2025-03-21,USW00014710,84.0
2025-03-22,USW00014710,5.0
2025-03-23,USW00014710,0.0
2025-03-24,USW00014710,157.0
2025-02-01,USW00014745,13.0
2025-02-02,USW00014745,18.0
2025-02-03,USW00014745,15.0
2025-02-04,USW00014745,0.0
2025-02-05,USW00014745,0.0
2025-02-06,USW00014745,104.0
2025-02-07,USW00014745,3.0
2025-02-08,USW00014745,38.0
2025-02-09,USW00014745,56.0
2025-02-10,USW00014745,0.0
2025-02-11,USW00014745,0.0
2025-02-12,USW00014745,0.0
2025-02-13,USW00014745,97.0
2025-02-14,USW00014745,0.0
2025-02-15,USW00014745,28.0
2025-02-16,USW00014745,259.0
2025-02-17,USW00014745,3.0
2025-02-18,USW00014745,0.0
2025-02-19,USW00014745,0.0
2025-02-20,USW00014745,0.0
2025-02-21,USW00014745,0.0
2025-02-22,USW00014745,0.0
2025-02-23,USW00014745,0.0
2025-02-24,USW00014745,0.0
2025-02-25,USW00014745,3.0
2025-02-26,USW00014745,0.0
2025-02-27,USW00014745,109.0
2025-02-28,USW00014745,0.0
2025-03-01,USW00014745,3.0
2025-03-02,USW00014745,0.0
2025-03-03,USW00014745,0.0
2025-03-04,USW00014745,0.0
2025-03-05,USW00014745,94.0
2025-03-06,USW00014745,58.0
2025-03-07,USW00014745,0.0
2025-03-08,USW00014745,0.0
2025-03-09,USW00014745,0.0
2025-03-10,USW00014745,0.0
2025-03-11,USW00014745,0.0
2025-03-12,USW00014745,0.0
2025-03-13,USW00014745,0.0
2025-03-14,USW00014745,0.0
2025-03-15,USW00014745,0.0
2025-03-16,USW00014745,8.0
2025-03-17,USW00014745,290.0
2025-03-18,USW00014745,0.0
2025-03-19,USW00014745,0.0
2025-03-20,USW00014745,5.0
2025-03-21,USW00014745,89.0
2025-03-22,USW00014745,13.0
2025-03-23,USW00014745,0.0
2025-03-24,USW00014745,117.0
2025-02-01,USW00014755,46.0
2025-02-02,USW00014755,5.0
2025-02-03,USW00014755,20.0
2025-02-04,USW00014755,124.0
2025-02-05,USW00014755,30.0
2025-02-06,USW00014755,0.0
2025-02-07,USW00014755,76.0
2025-02-08,USW00014755,48.0
2025-02-09,USW00014755,94.0
2025-02-10,USW00014755,51.0
2025-02-11,USW00014755,30.0
2025-02-12,USW00014755,46.0
2025-02-13,USW00014755,28.0
2025-02-14,USW00014755,91.0
2025-02-16,USW00014755,38.0
2025-02-17,USW00014755,262.0
2025-02-18,USW00014755,10.0
2025-02-19,USW00014755,0.0
2025-02-20,USW00014755,0.0
2025-02-21,USW00014755,13.0
2025-02-25,USW00014755,13.0
2025-02-26,USW00014755,137.0
2025-02-27,USW00014755,10.0
2025-02-28,USW00014755,53.0
2025-03-01,USW00014755,43.0
2025-03-02,USW00014755,84.0
2025-03-03,USW00014755,0.0
2025-03-04,USW00014755,5.0
2025-03-05,USW00014755,51.0
2025-03-07,USW00014755,25.0
2025-03-08,USW00014755,36.0
2025-03-09,USW00014755,20.0
2025-03-10,USW00014755,66.0
2025-03-11,USW00014755,28.0
2025-03-12,USW00014755,0.0
2025-03-13,USW00014755,5.0
2025-03-14,USW00014755,0.0
2025-03-15,USW00014755,0.0
2025-03-16,USW00014755,3.0
2025-03-17,USW00014755,353.0
2025-03-18,USW00014755,46.0
2025-03-19,USW00014755,0.0
2025-03-20,USW00014755,0.0
2025-03-21,USW00014755,94.0
2025-03-22,USW00014755,58.0
2025-03-23,USW00014755,99.0
2025-03-24,USW00014755,20.0
2025-03-25,USW00014755,71.0
2025-02-01,USW00054728,23.0
2025-02-02,USW00054728,10.0
2025-02-03,USW00054728,51.0
2025-02-04,USW00054728,8.0
2025-02-05,USW00054728,0.0
2025-02-06,USW00054728,18.0
2025-02-07,USW00054728,18.0
2025-02-08,USW00054728,3.0
2025-02-09,USW00054728,36.0
2025-02-10,USW00054728,0.0
2025-02-11,USW00054728,5.0
2025-02-12,USW00054728,0.0
2025-02-13,USW00054728,23.0
2025-02-14,USW00054728,0.0
2025-02-15,USW00054728,18.0
2025-02-16,USW00054728,79.0
2025-02-17,USW00054728,0.0
2025-02-18,USW00054728,0.0
2025-02-19,USW00054728,0.0
2025-02-20,USW00054728,0.0
2025-02-21,USW00054728,0.0
2025-02-22,USW00054728,0.0
2025-02-23,USW00054728,0.0
2025-02-24,USW00054728,0.0
2025-02-25,USW00054728,71.0
2025-02-26,USW00054728,18.0
2025-02-27,USW00054728,3.0
2025-02-28,USW00054728,0.0
2025-03-01,USW00054728,58.0
2025-03-02,USW00054728,0.0
2025-03-03,USW00054728,0.0
2025-03-04,USW00054728,20.0
2025-03-05,USW00054728,46.0
2025-03-06,USW00054728,23.0
2025-03-07,USW00054728,0.0
2025-03-08,USW00054728,0.0
2025-03-09,USW00054728,3.0
2025-03-10,USW00054728,8.0
2025-03-11,USW00054728,0.0
2025-03-12,USW00054728,0.0
2025-03-13,USW00054728,0.0
2025-03-14,USW00054728,0.0
2025-03-15,USW00054728,0.0
2025-03-16,USW00054728,89.0
2025-03-17,USW00054728,160.0
2025-03-18,USW00054728,0.0
2025-03-19,USW00054728,0.0
2025-03-20,USW00054728,0.0
2025-03-21,USW00054728,130.0
2025-03-22,USW00054728,0.0
2025-03-23,USW00054728,0.0
2025-02-01,USW00054770,5.0
2025-02-02,USW00054770,20.0
2025-02-03,USW00054770,0.0
2025-02-04,USW00054770,0.0
2025-02-05,USW00054770,0.0
2025-02-06,USW00054770,66.0
2025-02-07,USW00054770,3.0
2025-02-08,USW00054770,61.0
2025-02-09,USW00054770,74.0
2025-02-10,USW00054770,0.0
2025-02-11,USW00054770,0.0
2025-02-12,USW00054770,5.0
2025-02-13,USW00054770,79.0
2025-02-14,USW00054770,0.0
2025-02-15,USW00054770,48.0
2025-02-16,USW00054770,279.0
2025-02-17,USW00054770,0.0
2025-02-18,USW00054770,0.0
2025-02-19,USW00054770,0.0
2025-02-20,USW00054770,0.0
2025-02-21,USW00054770,0.0
2025-02-22,USW00054770,0.0
2025-02-23,USW00054770,0.0
2025-02-26,USW00054770,0.0
2025-02-27,USW00054770,94.0
2025-02-28,USW00054770,0.0
2025-03-01,USW00054770,0.0
2025-03-02,USW00054770,0.0
2025-03-03,USW00054770,0.0
2025-03-04,USW00054770,0.0
2025-03-05,USW00054770,198.0
2025-03-06,USW00054770,122.0
2025-03-07,USW00054770,0.0
2025-03-08,USW00054770,0.0
2025-03-09,USW00054770,0.0
2025-03-10,USW00054770,0.0
2025-03-11,USW00054770,0.0
2025-03-12,USW00054770,0.0
2025-03-13,USW00054770,0.0
2025-03-14,USW00054770,0.0
2025-03-15,USW00054770,0.0
2025-03-16,USW00054770,58.0
2025-03-17,USW00054770,297.0
2025-03-18,USW00054770,0.0
2025-03-19,USW00054770,0.0
2025-03-20,USW00054770,0.0
2025-02-01,USW00054791,15.0
2025-02-02,USW00054791,15.0
2025-02-03,USW00054791,20.0
2025-02-04,USW00054791,0.0
2025-02-05,USW00054791,0.0
2025-02-06,USW00054791,86.0
2025-02-07,USW00054791,0.0
2025-02-08,USW00054791,25.0
2025-02-09,USW00054791,74.0
2025-02-10,USW00054791,0.0
2025-02-11,USW00054791,0.0
2025-02-12,USW00054791,0.0
2025-02-13,USW00054791,69.0
2025-02-14,USW00054791,0.0
2025-02-15,USW00054791,28.0
2025-02-16,USW00054791,246.0
2025-02-17,USW00054791,0.0
2025-02-18,USW00054791,0.0
2025-02-19,USW00054791,0.0
2025-02-20,USW00054791,0.0
2025-02-21,USW00054791,0.0
2025-02-22,USW00054791,0.0
2025-02-23,USW00054791,0.0
2025-02-24,USW00054791,0.0
2025-02-25,USW00054791,0.0
2025-02-26,USW00054791,0.0
2025-02-27,USW00054791,84.0
2025-02-28,USW00054791,0.0
2025-03-01,USW00054791,5.0
2025-03-02,USW00054791,0.0
2025-03-03,USW00054791,0.0
2025-03-04,USW00054791,0.0
2025-03-05,USW00054791,86.0
2025-03-06,USW00054791,74.0
2025-03-07,USW00054791,0.0
2025-03-08,USW00054791,0.0
2025-03-09,USW00054791,0.0
2025-03-10,USW00054791,0.0
2025-03-11,USW00054791,0.0
2025-03-12,USW00054791,0.0
2025-03-13,USW00054791,0.0
2025-03-14,USW00054791,0.0
2025-03-15,USW00054791,0.0
2025-03-16,USW00054791,3.0
2025-03-17,USW00054791,315.0
2025-03-18,USW00054791,0.0
2025-03-19,USW00054791,0.0
2025-03-20,USW00054791,0.0
2025-03-21,USW00054791,97.0
2025-03-22,USW00054791,0.0
2025-03-23,USW00054791,0.0
2025-02-01,USW00054794,23.0
2025-02-02,USW00054794,23.0
2025-02-03,USW00054794,26.0
2025-02-04,USW00054794,0.0
2025-02-05,USW00054794,0.0
2025-02-06,USW00054794,131.0
2025-02-07,USW00054794,0.0
2025-02-08,USW00054794,34.0
2025-02-09,USW00054794,92.0
2025-02-10,USW00054794,0.0
2025-02-11,USW00054794,0.0
2025-02-12,USW00054794,0.0
2025-02-13,USW00054794,106.0
2025-02-14,USW00054794,0.0
2025-02-15,USW00054794,40.0
2025-02-16,USW00054794,355.0
2025-02-17,USW00054794,0.0
2025-02-18,USW00054794,0.0
2025-02-19,USW00054794,0.0
2025-02-20,USW00054794,0.0
2025-02-21,USW00054794,0.0
2025-02-22,USW00054794,0.0
2025-02-23,USW00054794,0.0
2025-02-24,USW00054794,0.0
2025-02-25,USW00054794,0.0
2025-02-26,USW00054794,0.0
2025-02-27,USW00054794,67.0
2025-02-28,USW00054794,3.0
2025-03-01,USW00054794,6.0
2025-03-02,USW00054794,0.0
2025-03-03,USW00054794,0.0
2025-03-04,USW00054794,0.0
2025-03-05,USW00054794,75.0
2025-03-06,USW00054794,78.0
2025-03-07,USW00054794,0.0
2025-03-08,USW00054794,0.0
2025-03-09,USW00054794,0.0
2025-03-10,USW00054794,0.0
2025-03-11,USW00054794,0.0
2025-03-12,USW00054794,0.0
2025-03-13,USW00054794,0.0
2025-03-14,USW00054794,0.0
2025-03-15,USW00054794,0.0
2025-03-16,USW00054794,2.0
2025-03-17,USW00054794,323.0
2025-03-18,USW00054794,0.0
2025-03-19,USW00054794,0.0
2025-03-20,USW00054794,13.0
2025-03-21,USW00054794,110.0
2025-03-22,USW00054794,0.0
2025-03-23,USW00054794,0.0
2025-02-01,USW00054795,28.0
2025-02-02,USW00054795,22.0
2025-02-03,USW00054795,26.0
2025-02-04,USW00054795,0.0
2025-02-05,USW00054795,0.0
2025-02-06,USW00054795,117.0
2025-02-07,USW00054795,0.0
2025-02-08,USW00054795,30.0
2025-02-09,USW00054795,98.0
2025-02-10,USW00054795,0.0
2025-02-11,USW00054795,0.0
2025-02-12,USW00054795,0.0
2025-02-13,USW00054795,129.0
2025-02-14,USW00054795,0.0
2025-02-15,USW00054795,45.0
2025-02-16,USW00054795,350.0
2025-02-17,USW00054795,2.0
2025-02-18,USW00054795,0.0
2025-02-19,USW00054795,0.0
2025-02-20,USW00054795,0.0
2025-02-21,USW00054795,0.0
2025-02-22,USW00054795,0.0
2025-02-23,USW00054795,0.0
2025-02-24,USW00054795,0.0
2025-02-25,USW00054795,0.0
2025-02-26,USW00054795,0.0
2025-02-27,USW00054795,65.0
2025-02-28,USW00054795,0.0
2025-03-01,USW00054795,2.0
2025-03-02,USW00054795,0.0
2025-03-03,USW00054795,0.0
2025-03-04,USW00054795,0.0
2025-03-05,USW00054795,62.0
2025-03-06,USW00054795,89.0
2025-03-07,USW00054795,0.0
2025-03-08,USW00054795,0.0
2025-03-09,USW00054795,0.0
2025-03-10,USW00054795,0.0
2025-03-11,USW00054795,0.0
2025-03-12,USW00054795,0.0
2025-03-13,USW00054795,0.0
2025-03-14,USW00054795,0.0
2025-03-15,USW00054795,0.0
2025-03-16,USW00054795,4.0
2025-03-17,USW00054795,322.0
2025-03-18,USW00054795,0.0
2025-03-19,USW00054795,0.0
2025-03-20,USW00054795,16.0
2025-03-21,USW00054795,110.0
2025-03-22,USW00054795,6.0
2025-03-23,USW00054795,0.0
2025-02-01,USW00094700,18.0
2025-02-02,USW00094700,15.0
2025-02-03,USW00094700,41.0
2025-02-04,USW00094700,5.0
2025-02-05,USW00094700,0.0
2025-02-06,USW00094700,33.0
2025-02-07,USW00094700,8.0
2025-02-08,USW00094700,0.0
2025-02-09,USW00094700,23.0
2025-02-10,USW00094700,0.0
2025-02-11,USW00094700,0.0
2025-02-12,USW00094700,0.0
2025-02-13,USW00094700,71.0
2025-02-14,USW00094700,0.0
2025-02-15,USW00094700,15.0
2025-02-16,USW00094700,76.0
2025-02-17,USW00094700,5.0
2025-02-18,USW00094700,0.0
2025-02-19,USW00094700,0.0
2025-02-20,USW00094700,0.0
2025-02-21,USW00094700,0.0
2025-02-22,USW00094700,0.0
2025-02-23,USW00094700,0.0
2025-02-24,USW00094700,0.0
2025-02-25,USW00094700,43.0
2025-02-26,USW00094700,0.0
2025-02-27,USW00094700,10.0
2025-02-28,USW00094700,10.0
2025-03-01,USW00094700,20.0
2025-03-02,USW00094700,0.0
2025-03-03,USW00094700,0.0
2025-03-04,USW00094700,15.0
2025-03-05,USW00094700,56.0
2025-03-06,USW00094700,23.0
2025-03-07,USW00094700,0.0
2025-03-08,USW00094700,0.0
2025-03-09,USW00094700,5.0
2025-03-10,USW00094700,8.0
2025-03-11,USW00094700,0.0
2025-03-12,USW00094700,0.0
2025-03-13,USW00094700,0.0
2025-03-14,USW00094700,0.0
2025-03-15,USW00094700,0.0
2025-03-16,USW00094700,71.0
2025-03-17,USW00094700,135.0
2025-03-18,USW00094700,0.0
2025-03-19,USW00094700,0.0
2025-03-20,USW00094700,0.0
2025-03-21,USW00094700,117.0
2025-03-22,USW00094700,0.0
2025-03-23,USW00094700,0.0
2025-02-01,USW00094765,18.0
2025-02-02,USW00094765,20.0
2025-02-03,USW00094765,30.0
2025-02-04,USW00094765,5.0
2025-02-05,USW00094765,0.0
2025-02-06,USW00094765,74.0
2025-02-07,USW00094765,0.0
2025-02-08,USW00094765,36.0
2025-02-09,USW00094765,48.0
2025-02-10,USW00094765,0.0
2025-02-11,USW00094765,0.0
2025-02-12,USW00094765,0.0
2025-02-13,USW00094765,79.0
2025-02-14,USW00094765,0.0
2025-02-15,USW00094765,36.0
2025-02-16,USW00094765,104.0
2025-02-17,USW00094765,0.0
2025-02-18,USW00094765,3.0
2025-02-19,USW00094765,0.0
2025-02-20,USW00094765,0.0
2025-02-21,USW00094765,0.0
2025-02-22,USW00094765,0.0
2025-02-23,USW00094765,0.0
2025-02-24,USW00094765,0.0
2025-02-25,USW00094765,0.0
2025-02-26,USW00094765,0.0
2025-02-27,USW00094765,71.0
2025-02-28,USW00094765,3.0
2025-03-01,USW00094765,20.0
2025-03-02,USW00094765,0.0
2025-03-03,USW00094765,0.0
2025-03-04,USW00094765,0.0
2025-03-05,USW00094765,51.0
2025-03-06,USW00094765,46.0
2025-03-07,USW00094765,0.0
2025-03-08,USW00094765,0.0
2025-03-09,USW00094765,0.0
2025-03-10,USW00094765,0.0
2025-03-11,USW00094765,0.0
2025-03-12,USW00094765,0.0
2025-03-13,USW00094765,0.0
2025-03-14,USW00094765,0.0
2025-03-15,USW00094765,0.0
2025-03-16,USW00094765,168.0
2025-03-17,USW00094765,91.0
2025-03-18,USW00094765,0.0
2025-03-19,USW00094765,0.0
2025-03-20,USW00094765,0.0
2025-03-21,USW00094765,119.0
2025-03-22,USW00094765,3.0
2025-03-23,USW00094765,0.0
