DATE,ID,SNOW
2025-02-01,US1NHBK0001,79.0
2025-02-02,US1NHBK0001,0.0
2025-02-03,US1NHBK0001,41.0
2025-02-05,US1NHBK0001,0.0
2025-02-06,US1NHBK0001,0.0
2025-02-07,US1NHBK0001,107.0
2025-02-08,US1NHBK0001,0.0
2025-02-09,US1NHBK0001,216.0
2025-02-10,US1NHBK0001,0.0
2025-02-11,US1NHBK0001,0.0
2025-02-12,US1NHBK0001,0.0
2025-02-13,US1NHBK0001,20.0
2025-02-14,US1NHBK0001,23.0
2025-02-15,US1NHBK0001,0.0
2025-02-16,US1NHBK0001,84.0
2025-02-17,US1NHBK0001,89.0
2025-02-18,US1NHBK0001,0.0
2025-02-19,US1NHBK0001,0.0
2025-02-20,US1NHBK0001,0.0
2025-02-21,US1NHBK0001,0.0
2025-02-22,US1NHBK0001,0.0
2025-02-23,US1NHBK0001,0.0
2025-02-24,US1NHBK0001,0.0
2025-02-25,US1NHBK0001,0.0
2025-02-27,US1NHBK0001,0.0
2025-02-28,US1NHBK0001,71.0
2025-03-01,US1NHBK0001,30.0
2025-03-02,US1NHBK0001,0.0
2025-03-03,US1NHBK0001,0.0
2025-03-04,US1NHBK0001,0.0
2025-03-05,US1NHBK0001,0.0
2025-03-07,US1NHBK0001,0.0
2025-03-08,US1NHBK0001,0.0
2025-03-09,US1NHBK0001,0.0
2025-03-10,US1NHBK0001,0.0
2025-03-11,US1NHBK0001,0.0
2025-03-12,US1NHBK0001,0.0
2025-03-13,US1NHBK0001,0.0
2025-03-14,US1NHBK0001,0.0
2025-03-15,US1NHBK0001,0.0
2025-03-16,US1NHBK0001,0.0
2025-03-19,US1NHBK0001,0.0
2025-03-20,US1NHBK0001,0.0
2025-03-22,US1NHBK0001,0.0
2025-03-24,US1NHBK0001,0.0
2025-03-25,US1NHBK0001,91.0
2025-02-01,US1NHBK0002,76.0
2025-02-02,US1NHBK0002,0.0
2025-02-03,US1NHBK0002,46.0
2025-02-04,US1NHBK0002,0.0
2025-02-05,US1NHBK0002,0.0
2025-02-06,US1NHBK0002,0.0
2025-02-07,US1NHBK0002,104.0
2025-02-08,US1NHBK0002,0.0
2025-02-09,US1NHBK0002,226.0
2025-02-10,US1NHBK0002,3.0
2025-02-11,US1NHBK0002,0.0
2025-02-12,US1NHBK0002,0.0
2025-02-13,US1NHBK0002,20.0
2025-02-14,US1NHBK0002,13.0
2025-02-15,US1NHBK0002,0.0
2025-02-16,US1NHBK0002,91.0
2025-02-17,US1NHBK0002,99.0
2025-02-18,US1NHBK0002,0.0
2025-02-19,US1NHBK0002,0.0
2025-02-20,US1NHBK0002,0.0
2025-02-22,US1NHBK0002,0.0
2025-02-23,US1NHBK0002,0.0
2025-02-24,US1NHBK0002,0.0
2025-02-25,US1NHBK0002,0.0
2025-02-26,US1NHBK0002,0.0
2025-02-27,US1NHBK0002,3.0
2025-02-28,US1NHBK0002,69.0
2025-03-01,US1NHBK0002,36.0
2025-03-02,US1NHBK0002,0.0
2025-03-03,US1NHBK0002,0.0
2025-03-04,US1NHBK0002,0.0
2025-03-05,US1NHBK0002,0.0
2025-03-06,US1NHBK0002,0.0
2025-03-07,US1NHBK0002,0.0
2025-03-08,US1NHBK0002,0.0
2025-03-09,US1NHBK0002,0.0
2025-03-10,US1NHBK0002,0.0
2025-03-11,US1NHBK0002,0.0
2025-03-12,US1NHBK0002,0.0
2025-03-13,US1NHBK0002,0.0
2025-03-14,US1NHBK0002,0.0
2025-03-15,US1NHBK0002,0.0
2025-03-16,US1NHBK0002,0.0
2025-03-17,US1NHBK0002,0.0
2025-03-18,US1NHBK0002,0.0
2025-03-19,US1NHBK0002,0.0
2025-03-21,US1NHBK0002,0.0
2025-03-22,US1NHBK0002,0.0
2025-03-23,US1NHBK0002,0.0
2025-03-24,US1NHBK0002,0.0
2025-03-25,US1NHBK0002,86.0
2025-02-01,US1NHBK0009,79.0
2025-02-02,US1NHBK0009,0.0
2025-02-03,US1NHBK0009,43.0
2025-02-04,US1NHBK0009,3.0
2025-02-05,US1NHBK0009,0.0
2025-02-06,US1NHBK0009,0.0
2025-02-07,US1NHBK0009,91.0
2025-02-08,US1NHBK0009,0.0
2025-02-09,US1NHBK0009,203.0
2025-02-10,US1NHBK0009,0.0
2025-02-11,US1NHBK0009,0.0
2025-02-12,US1NHBK0009,0.0
2025-02-13,US1NHBK0009,25.0
2025-02-14,US1NHBK0009,10.0
2025-02-15,US1NHBK0009,0.0
2025-02-16,US1NHBK0009,102.0
2025-02-17,US1NHBK0009,46.0
2025-02-18,US1NHBK0009,0.0
2025-02-19,US1NHBK0009,0.0
2025-02-20,US1NHBK0009,0.0
2025-02-21,US1NHBK0009,0.0
2025-02-22,US1NHBK0009,0.0
2025-02-23,US1NHBK0009,0.0
2025-02-24,US1NHBK0009,0.0
2025-02-25,US1NHBK0009,0.0
2025-02-26,US1NHBK0009,0.0
2025-02-27,US1NHBK0009,0.0
2025-02-28,US1NHBK0009,89.0
2025-03-01,US1NHBK0009,30.0
2025-03-02,US1NHBK0009,0.0
2025-03-03,US1NHBK0009,0.0
2025-03-04,US1NHBK0009,0.0
2025-03-05,US1NHBK0009,0.0
2025-03-06,US1NHBK0009,0.0
2025-03-07,US1NHBK0009,0.0
2025-03-08,US1NHBK0009,10.0
2025-03-09,US1NHBK0009,0.0
2025-03-10,US1NHBK0009,0.0
2025-03-11,US1NHBK0009,0.0
2025-03-12,US1NHBK0009,0.0
2025-03-13,US1NHBK0009,0.0
2025-03-14,US1NHBK0009,0.0
2025-03-15,US1NHBK0009,0.0
2025-03-16,US1NHBK0009,0.0
2025-03-19,US1NHBK0009,0.0
2025-03-20,US1NHBK0009,0.0
2025-03-21,US1NHBK0009,0.0
2025-03-22,US1NHBK0009,0.0
2025-03-23,US1NHBK0009,0.0
2025-03-24,US1NHBK0009,0.0
2025-03-25,US1NHBK0009,145.0
2025-02-02,US1NHBK0010,0.0
2025-02-06,US1NHBK0010,0.0
2025-02-08,US1NHBK0010,0.0
2025-02-11,US1NHBK0010,0.0
2025-02-12,US1NHBK0010,0.0
2025-02-15,US1NHBK0010,0.0
2025-02-18,US1NHBK0010,0.0
2025-02-19,US1NHBK0010,0.0
2025-02-20,US1NHBK0010,0.0
2025-02-21,US1NHBK0010,0.0
2025-02-22,US1NHBK0010,0.0
2025-02-23,US1NHBK0010,0.0
2025-02-24,US1NHBK0010,0.0
2025-02-25,US1NHBK0010,0.0
2025-02-26,US1NHBK0010,0.0
2025-02-27,US1NHBK0010,0.0
2025-03-02,US1NHBK0010,0.0
2025-03-03,US1NHBK0010,0.0
2025-03-04,US1NHBK0010,0.0
2025-03-05,US1NHBK0010,0.0
2025-03-08,US1NHBK0010,0.0
2025-03-09,US1NHBK0010,0.0
2025-03-10,US1NHBK0010,0.0
2025-03-11,US1NHBK0010,0.0
2025-03-12,US1NHBK0010,0.0
2025-03-13,US1NHBK0010,0.0
2025-03-14,US1NHBK0010,0.0
2025-03-15,US1NHBK0010,0.0
2025-03-16,US1NHBK0010,0.0
2025-03-19,US1NHBK0010,0.0
2025-03-20,US1NHBK0010,0.0
2025-03-23,US1NHBK0010,0.0
2025-03-24,US1NHBK0010,0.0
2025-03-17,US1NHBK0018,0.0
2025-03-18,US1NHBK0018,0.0
2025-03-19,US1NHBK0018,0.0
2025-02-01,US1NHBK0026,79.0
2025-02-02,US1NHBK0026,0.0
2025-02-03,US1NHBK0026,53.0
2025-02-04,US1NHBK0026,41.0
2025-02-05,US1NHBK0026,0.0
2025-02-06,US1NHBK0026,0.0
2025-02-07,US1NHBK0026,94.0
2025-02-08,US1NHBK0026,0.0
2025-02-09,US1NHBK0026,188.0
2025-02-10,US1NHBK0026,0.0
2025-02-11,US1NHBK0026,0.0
2025-02-12,US1NHBK0026,0.0
2025-02-13,US1NHBK0026,33.0
2025-02-14,US1NHBK0026,5.0
2025-02-15,US1NHBK0026,0.0
2025-02-16,US1NHBK0026,64.0
2025-02-17,US1NHBK0026,104.0
2025-02-18,US1NHBK0026,0.0
2025-02-19,US1NHBK0026,0.0
2025-02-20,US1NHBK0026,0.0
2025-02-21,US1NHBK0026,0.0
2025-02-22,US1NHBK0026,0.0
2025-02-23,US1NHBK0026,0.0
2025-02-24,US1NHBK0026,0.0
2025-02-25,US1NHBK0026,0.0
2025-02-26,US1NHBK0026,0.0
2025-02-27,US1NHBK0026,0.0
2025-02-28,US1NHBK0026,107.0
2025-03-01,US1NHBK0026,25.0
2025-03-02,US1NHBK0026,0.0
2025-03-03,US1NHBK0026,0.0
2025-03-04,US1NHBK0026,0.0
2025-03-05,US1NHBK0026,0.0
2025-03-07,US1NHBK0026,0.0
2025-03-08,US1NHBK0026,0.0
2025-03-09,US1NHBK0026,0.0
2025-03-10,US1NHBK0026,0.0
2025-03-11,US1NHBK0026,0.0
2025-03-12,US1NHBK0026,0.0
2025-03-17,US1NHBK0026,0.0
2025-03-18,US1NHBK0026,0.0
2025-03-19,US1NHBK0026,0.0
2025-03-20,US1NHBK0026,0.0
2025-03-21,US1NHBK0026,0.0
2025-03-22,US1NHBK0026,0.0
2025-03-23,US1NHBK0026,0.0
2025-03-24,US1NHBK0026,0.0
2025-03-25,US1NHBK0026,165.0
2025-02-01,US1NHBK0034,76.0
2025-02-02,US1NHBK0034,0.0
2025-02-03,US1NHBK0034,46.0
2025-02-04,US1NHBK0034,0.0
2025-02-05,US1NHBK0034,0.0
2025-02-06,US1NHBK0034,0.0
2025-02-07,US1NHBK0034,102.0
2025-02-08,US1NHBK0034,0.0
2025-02-09,US1NHBK0034,191.0
2025-02-10,US1NHBK0034,0.0
2025-02-11,US1NHBK0034,0.0
2025-02-12,US1NHBK0034,0.0
2025-02-13,US1NHBK0034,13.0
2025-02-14,US1NHBK0034,18.0
2025-02-15,US1NHBK0034,0.0
2025-02-16,US1NHBK0034,58.0
2025-02-17,US1NHBK0034,97.0
2025-02-18,US1NHBK0034,0.0
2025-02-19,US1NHBK0034,0.0
2025-02-20,US1NHBK0034,0.0
2025-02-21,US1NHBK0034,0.0
2025-02-22,US1NHBK0034,0.0
2025-02-23,US1NHBK0034,0.0
2025-02-24,US1NHBK0034,0.0
2025-02-25,US1NHBK0034,0.0
2025-02-26,US1NHBK0034,0.0
2025-02-27,US1NHBK0034,0.0
2025-02-28,US1NHBK0034,64.0
2025-03-01,US1NHBK0034,25.0
2025-03-02,US1NHBK0034,0.0
2025-03-03,US1NHBK0034,0.0
2025-03-04,US1NHBK0034,0.0
2025-03-05,US1NHBK0034,0.0
2025-03-06,US1NHBK0034,0.0
2025-03-07,US1NHBK0034,0.0
2025-03-08,US1NHBK0034,0.0
2025-03-09,US1NHBK0034,0.0
2025-03-10,US1NHBK0034,0.0
2025-03-11,US1NHBK0034,0.0
2025-03-12,US1NHBK0034,0.0
2025-03-13,US1NHBK0034,0.0
2025-03-14,US1NHBK0034,0.0
2025-03-15,US1NHBK0034,0.0
2025-03-16,US1NHBK0034,0.0
2025-03-17,US1NHBK0034,0.0
2025-03-18,US1NHBK0034,0.0
2025-03-19,US1NHBK0034,0.0
2025-03-20,US1NHBK0034,0.0
2025-03-21,US1NHBK0034,0.0
2025-03-22,US1NHBK0034,0.0
2025-03-23,US1NHBK0034,0.0
2025-03-24,US1NHBK0034,0.0
2025-03-25,US1NHBK0034,89.0
2025-02-01,US1NHCH0002,117.0
2025-02-02,US1NHCH0002,0.0
2025-02-03,US1NHCH0002,51.0
2025-02-04,US1NHCH0002,0.0
2025-02-05,US1NHCH0002,0.0
2025-02-06,US1NHCH0002,0.0
2025-02-07,US1NHCH0002,86.0
2025-02-08,US1NHCH0002,0.0
2025-02-09,US1NHCH0002,150.0
2025-02-10,US1NHCH0002,0.0
2025-02-11,US1NHCH0002,0.0
2025-02-12,US1NHCH0002,0.0
2025-02-13,US1NHCH0002,43.0
2025-02-15,US1NHCH0002,0.0
2025-02-16,US1NHCH0002,102.0
2025-02-17,US1NHCH0002,94.0
2025-02-18,US1NHCH0002,0.0
2025-02-19,US1NHCH0002,0.0
2025-02-20,US1NHCH0002,0.0
2025-02-21,US1NHCH0002,0.0
2025-02-22,US1NHCH0002,0.0
2025-02-23,US1NHCH0002,0.0
2025-02-24,US1NHCH0002,0.0
2025-02-25,US1NHCH0002,0.0
2025-02-26,US1NHCH0002,0.0
2025-02-27,US1NHCH0002,23.0
2025-03-01,US1NHCH0002,10.0
2025-03-02,US1NHCH0002,0.0
2025-03-03,US1NHCH0002,0.0
2025-03-04,US1NHCH0002,0.0
2025-03-05,US1NHCH0002,0.0
2025-03-07,US1NHCH0002,0.0
2025-03-08,US1NHCH0002,0.0
2025-03-09,US1NHCH0002,0.0
2025-03-10,US1NHCH0002,0.0
2025-03-11,US1NHCH0002,0.0
2025-03-12,US1NHCH0002,0.0
2025-03-13,US1NHCH0002,0.0
2025-03-14,US1NHCH0002,0.0
2025-03-15,US1NHCH0002,0.0
2025-03-16,US1NHCH0002,0.0
2025-03-19,US1NHCH0002,0.0
2025-03-23,US1NHCH0002,0.0
2025-03-24,US1NHCH0002,0.0
2025-02-01,US1NHCH0020,51.0
2025-02-02,US1NHCH0020,0.0
2025-02-03,US1NHCH0020,33.0
2025-02-05,US1NHCH0020,0.0
2025-02-06,US1NHCH0020,0.0
2025-02-07,US1NHCH0020,66.0
2025-02-08,US1NHCH0020,0.0
2025-02-09,US1NHCH0020,137.0
2025-02-10,US1NHCH0020,0.0
2025-02-11,US1NHCH0020,0.0
2025-02-12,US1NHCH0020,0.0
2025-02-13,US1NHCH0020,58.0
2025-02-15,US1NHCH0020,0.0
2025-02-16,US1NHCH0020,89.0
2025-02-17,US1NHCH0020,102.0
2025-02-18,US1NHCH0020,0.0
2025-02-19,US1NHCH0020,0.0
2025-02-20,US1NHCH0020,0.0
2025-02-21,US1NHCH0020,0.0
2025-02-22,US1NHCH0020,0.0
2025-02-23,US1NHCH0020,0.0
2025-02-24,US1NHCH0020,0.0
2025-02-25,US1NHCH0020,0.0
2025-02-26,US1NHCH0020,0.0
2025-02-27,US1NHCH0020,0.0
2025-02-28,US1NHCH0020,25.0
2025-03-01,US1NHCH0020,0.0
2025-03-02,US1NHCH0020,0.0
2025-03-03,US1NHCH0020,0.0
2025-03-04,US1NHCH0020,0.0
2025-03-07,US1NHCH0020,0.0
2025-03-08,US1NHCH0020,0.0
2025-03-10,US1NHCH0020,0.0
2025-03-11,US1NHCH0020,0.0
2025-03-12,US1NHCH0020,0.0
2025-03-13,US1NHCH0020,0.0
2025-03-14,US1NHCH0020,0.0
2025-03-15,US1NHCH0020,0.0
2025-03-16,US1NHCH0020,0.0
2025-03-19,US1NHCH0020,0.0
2025-02-02,US1NHCH0021,0.0
2025-02-03,US1NHCH0021,38.0
2025-02-04,US1NHCH0021,0.0
2025-02-05,US1NHCH0021,0.0
2025-02-06,US1NHCH0021,0.0
2025-02-07,US1NHCH0021,91.0
2025-02-08,US1NHCH0021,0.0
2025-02-09,US1NHCH0021,152.0
2025-02-10,US1NHCH0021,0.0
2025-02-11,US1NHCH0021,0.0
2025-02-12,US1NHCH0021,0.0
2025-02-13,US1NHCH0021,10.0
2025-02-14,US1NHCH0021,0.0
2025-02-15,US1NHCH0021,0.0
2025-02-18,US1NHCH0021,0.0
2025-02-19,US1NHCH0021,0.0
2025-02-20,US1NHCH0021,0.0
2025-02-21,US1NHCH0021,0.0
2025-02-22,US1NHCH0021,0.0
2025-02-23,US1NHCH0021,0.0
2025-02-24,US1NHCH0021,0.0
2025-02-25,US1NHCH0021,0.0
2025-02-26,US1NHCH0021,0.0
2025-02-28,US1NHCH0021,0.0
2025-03-01,US1NHCH0021,0.0
2025-03-02,US1NHCH0021,0.0
2025-03-03,US1NHCH0021,0.0
2025-03-04,US1NHCH0021,0.0
2025-03-05,US1NHCH0021,0.0
2025-03-06,US1NHCH0021,0.0
2025-03-07,US1NHCH0021,0.0
2025-03-08,US1NHCH0021,0.0
2025-03-09,US1NHCH0021,0.0
2025-03-10,US1NHCH0021,0.0
2025-03-11,US1NHCH0021,0.0
2025-03-12,US1NHCH0021,0.0
2025-03-13,US1NHCH0021,0.0
2025-03-14,US1NHCH0021,0.0
2025-03-15,US1NHCH0021,0.0
2025-03-16,US1NHCH0021,0.0
2025-03-17,US1NHCH0021,0.0
2025-03-18,US1NHCH0021,0.0
2025-03-19,US1NHCH0021,0.0
2025-03-20,US1NHCH0021,0.0
2025-03-21,US1NHCH0021,0.0
2025-03-22,US1NHCH0021,0.0
2025-03-23,US1NHCH0021,0.0
2025-03-24,US1NHCH0021,0.0
2025-03-25,US1NHCH0021,0.0
2025-02-01,US1NHCH0024,38.0
2025-02-02,US1NHCH0024,0.0
2025-02-03,US1NHCH0024,46.0
2025-02-05,US1NHCH0024,0.0
2025-02-06,US1NHCH0024,0.0
2025-02-07,US1NHCH0024,64.0
2025-02-08,US1NHCH0024,0.0
2025-02-09,US1NHCH0024,173.0
2025-02-10,US1NHCH0024,0.0
2025-02-11,US1NHCH0024,0.0
2025-02-12,US1NHCH0024,0.0
2025-02-13,US1NHCH0024,13.0
2025-02-15,US1NHCH0024,0.0
2025-02-16,US1NHCH0024,84.0
2025-02-17,US1NHCH0024,71.0
2025-02-18,US1NHCH0024,0.0
2025-02-19,US1NHCH0024,0.0
2025-02-20,US1NHCH0024,0.0
2025-02-21,US1NHCH0024,0.0
2025-02-22,US1NHCH0024,0.0
2025-02-23,US1NHCH0024,0.0
2025-02-24,US1NHCH0024,0.0
2025-02-25,US1NHCH0024,0.0
2025-02-26,US1NHCH0024,0.0
2025-02-27,US1NHCH0024,25.0
2025-03-01,US1NHCH0024,8.0
2025-03-02,US1NHCH0024,0.0
2025-03-03,US1NHCH0024,0.0
2025-03-04,US1NHCH0024,0.0
2025-03-05,US1NHCH0024,0.0
2025-03-07,US1NHCH0024,0.0
2025-03-08,US1NHCH0024,0.0
2025-03-09,US1NHCH0024,0.0
2025-03-10,US1NHCH0024,0.0
2025-03-11,US1NHCH0024,0.0
2025-03-12,US1NHCH0024,0.0
2025-03-13,US1NHCH0024,0.0
2025-03-14,US1NHCH0024,0.0
2025-03-15,US1NHCH0024,0.0
2025-03-16,US1NHCH0024,0.0
2025-03-19,US1NHCH0024,0.0
2025-03-20,US1NHCH0024,0.0
2025-03-24,US1NHCH0024,0.0
2025-03-25,US1NHCH0024,0.0
2025-02-02,US1NHCH0026,0.0
2025-02-05,US1NHCH0026,0.0
2025-02-06,US1NHCH0026,0.0
2025-02-19,US1NHCH0026,0.0
2025-02-20,US1NHCH0026,0.0
2025-02-21,US1NHCH0026,0.0
2025-02-22,US1NHCH0026,0.0
2025-02-23,US1NHCH0026,0.0
2025-02-24,US1NHCH0026,0.0
2025-02-25,US1NHCH0026,0.0
2025-02-26,US1NHCH0026,0.0
2025-03-02,US1NHCH0026,0.0
2025-03-03,US1NHCH0026,0.0
2025-03-04,US1NHCH0026,0.0
2025-03-05,US1NHCH0026,0.0
2025-03-07,US1NHCH0026,0.0
2025-03-08,US1NHCH0026,0.0
2025-03-09,US1NHCH0026,0.0
2025-03-12,US1NHCH0026,0.0
2025-03-13,US1NHCH0026,0.0
2025-03-14,US1NHCH0026,0.0
2025-03-15,US1NHCH0026,0.0
2025-03-19,US1NHCH0026,0.0
2025-02-01,US1NHCH0027,46.0
2025-02-02,US1NHCH0027,0.0
2025-02-03,US1NHCH0027,41.0
2025-02-04,US1NHCH0027,0.0
2025-02-05,US1NHCH0027,0.0
2025-02-06,US1NHCH0027,0.0
2025-02-07,US1NHCH0027,56.0
2025-02-08,US1NHCH0027,0.0
2025-02-09,US1NHCH0027,147.0
2025-02-10,US1NHCH0027,5.0
2025-02-11,US1NHCH0027,3.0
2025-02-12,US1NHCH0027,0.0
2025-02-13,US1NHCH0027,10.0
2025-02-14,US1NHCH0027,0.0
2025-02-15,US1NHCH0027,0.0
2025-02-16,US1NHCH0027,81.0
2025-02-19,US1NHCH0027,0.0
2025-02-20,US1NHCH0027,0.0
2025-02-21,US1NHCH0027,0.0
2025-02-22,US1NHCH0027,0.0
2025-02-23,US1NHCH0027,0.0
2025-02-24,US1NHCH0027,0.0
2025-02-25,US1NHCH0027,0.0
2025-02-26,US1NHCH0027,0.0
2025-02-27,US1NHCH0027,30.0
2025-02-28,US1NHCH0027,33.0
2025-03-01,US1NHCH0027,5.0
2025-03-10,US1NHCH0027,0.0
2025-03-11,US1NHCH0027,0.0
2025-03-12,US1NHCH0027,0.0
2025-03-13,US1NHCH0027,0.0
2025-03-14,US1NHCH0027,0.0
2025-03-15,US1NHCH0027,0.0
2025-03-16,US1NHCH0027,0.0
2025-03-17,US1NHCH0027,0.0
2025-03-18,US1NHCH0027,0.0
2025-03-19,US1NHCH0027,0.0
2025-03-20,US1NHCH0027,0.0
2025-03-21,US1NHCH0027,0.0
2025-03-22,US1NHCH0027,0.0
2025-03-23,US1NHCH0027,0.0
2025-03-24,US1NHCH0027,0.0
2025-03-25,US1NHCH0027,8.0
2025-02-01,US1NHCH0031,46.0
2025-02-02,US1NHCH0031,0.0
2025-02-03,US1NHCH0031,53.0
2025-02-04,US1NHCH0031,0.0
2025-02-05,US1NHCH0031,0.0
2025-02-06,US1NHCH0031,0.0
2025-02-07,US1NHCH0031,56.0
2025-02-08,US1NHCH0031,0.0
2025-02-09,US1NHCH0031,137.0
2025-02-10,US1NHCH0031,0.0
2025-02-11,US1NHCH0031,0.0
2025-02-12,US1NHCH0031,0.0
2025-02-13,US1NHCH0031,30.0
2025-02-14,US1NHCH0031,0.0
2025-02-15,US1NHCH0031,0.0
2025-02-16,US1NHCH0031,102.0
2025-02-17,US1NHCH0031,89.0
2025-02-18,US1NHCH0031,0.0
2025-02-19,US1NHCH0031,0.0
2025-02-20,US1NHCH0031,0.0
2025-02-21,US1NHCH0031,0.0
2025-02-22,US1NHCH0031,0.0
2025-02-23,US1NHCH0031,0.0
2025-02-24,US1NHCH0031,0.0
2025-02-25,US1NHCH0031,0.0
2025-02-26,US1NHCH0031,0.0
2025-02-27,US1NHCH0031,28.0
2025-03-01,US1NHCH0031,0.0
2025-03-02,US1NHCH0031,0.0
2025-03-03,US1NHCH0031,0.0
2025-03-04,US1NHCH0031,0.0
2025-03-05,US1NHCH0031,0.0
2025-03-06,US1NHCH0031,0.0
2025-03-07,US1NHCH0031,0.0
2025-03-08,US1NHCH0031,0.0
2025-03-11,US1NHCH0031,0.0
2025-03-12,US1NHCH0031,0.0
2025-03-13,US1NHCH0031,0.0
2025-03-14,US1NHCH0031,0.0
2025-03-15,US1NHCH0031,0.0
2025-03-16,US1NHCH0031,0.0
2025-03-19,US1NHCH0031,0.0
2025-03-20,US1NHCH0031,0.0
2025-03-24,US1NHCH0031,0.0
2025-03-25,US1NHCH0031,0.0
2025-02-11,US1NHCH0032,0.0
2025-02-21,US1NHCH0032,0.0
2025-02-22,US1NHCH0032,0.0
2025-02-23,US1NHCH0032,0.0
2025-02-24,US1NHCH0032,0.0
2025-02-25,US1NHCH0032,0.0
2025-02-26,US1NHCH0032,0.0
2025-03-02,US1NHCH0032,0.0
2025-03-03,US1NHCH0032,0.0
2025-03-04,US1NHCH0032,0.0
2025-03-07,US1NHCH0032,0.0
2025-03-08,US1NHCH0032,0.0
2025-03-09,US1NHCH0032,0.0
2025-03-10,US1NHCH0032,0.0
2025-03-11,US1NHCH0032,0.0
2025-03-12,US1NHCH0032,0.0
2025-03-13,US1NHCH0032,0.0
2025-03-14,US1NHCH0032,0.0
2025-03-15,US1NHCH0032,0.0
2025-03-19,US1NHCH0032,0.0
2025-02-01,US1NHCR0011,102.0
2025-02-02,US1NHCR0011,5.0
2025-02-03,US1NHCR0011,94.0
2025-02-04,US1NHCR0011,5.0
2025-02-05,US1NHCR0011,0.0
2025-02-06,US1NHCR0011,0.0
2025-02-07,US1NHCR0011,104.0
2025-02-08,US1NHCR0011,0.0
2025-02-09,US1NHCR0011,173.0
2025-02-10,US1NHCR0011,8.0
2025-02-11,US1NHCR0011,0.0
2025-02-12,US1NHCR0011,0.0
2025-02-13,US1NHCR0011,28.0
2025-02-14,US1NHCR0011,38.0
2025-02-15,US1NHCR0011,0.0
2025-02-16,US1NHCR0011,64.0
2025-02-17,US1NHCR0011,152.0
2025-02-18,US1NHCR0011,0.0
2025-02-19,US1NHCR0011,0.0
2025-02-20,US1NHCR0011,0.0
2025-02-21,US1NHCR0011,0.0
2025-02-22,US1NHCR0011,0.0
2025-02-23,US1NHCR0011,0.0
2025-02-24,US1NHCR0011,0.0
2025-02-25,US1NHCR0011,0.0
2025-02-26,US1NHCR0011,0.0
2025-02-27,US1NHCR0011,0.0
2025-02-28,US1NHCR0011,124.0
2025-03-01,US1NHCR0011,46.0
2025-03-02,US1NHCR0011,0.0
2025-03-03,US1NHCR0011,0.0
2025-03-04,US1NHCR0011,0.0
2025-03-05,US1NHCR0011,0.0
2025-03-06,US1NHCR0011,0.0
2025-03-07,US1NHCR0011,0.0
2025-03-08,US1NHCR0011,0.0
2025-03-09,US1NHCR0011,0.0
2025-03-10,US1NHCR0011,15.0
2025-03-11,US1NHCR0011,0.0
2025-03-12,US1NHCR0011,0.0
2025-03-13,US1NHCR0011,0.0
2025-03-14,US1NHCR0011,0.0
2025-03-15,US1NHCR0011,0.0
2025-03-16,US1NHCR0011,0.0
2025-03-17,US1NHCR0011,0.0
2025-03-18,US1NHCR0011,0.0
2025-03-19,US1NHCR0011,0.0
2025-03-20,US1NHCR0011,0.0
2025-03-21,US1NHCR0011,0.0
2025-03-22,US1NHCR0011,0.0
2025-03-23,US1NHCR0011,0.0
2025-03-24,US1NHCR0011,0.0
2025-03-25,US1NHCR0011,114.0
2025-02-01,US1NHCR0015,76.0
2025-02-03,US1NHCR0015,127.0
2025-02-04,US1NHCR0015,13.0
2025-02-05,US1NHCR0015,25.0
2025-02-06,US1NHCR0015,0.0
2025-02-07,US1NHCR0015,104.0
2025-02-08,US1NHCR0015,51.0
2025-02-09,US1NHCR0015,122.0
2025-02-10,US1NHCR0015,0.0
2025-02-11,US1NHCR0015,0.0
2025-02-12,US1NHCR0015,0.0
2025-02-13,US1NHCR0015,64.0
2025-02-14,US1NHCR0015,61.0
2025-02-15,US1NHCR0015,0.0
2025-02-17,US1NHCR0015,178.0
2025-02-18,US1NHCR0015,0.0
2025-02-19,US1NHCR0015,0.0
2025-02-20,US1NHCR0015,0.0
2025-02-21,US1NHCR0015,0.0
2025-02-22,US1NHCR0015,0.0
2025-02-23,US1NHCR0015,0.0
2025-02-24,US1NHCR0015,0.0
2025-02-25,US1NHCR0015,0.0
2025-02-26,US1NHCR0015,0.0
2025-02-27,US1NHCR0015,0.0
2025-02-28,US1NHCR0015,102.0
2025-03-01,US1NHCR0015,76.0
2025-03-02,US1NHCR0015,0.0
2025-03-03,US1NHCR0015,0.0
2025-03-04,US1NHCR0015,0.0
2025-03-05,US1NHCR0015,0.0
2025-03-06,US1NHCR0015,0.0
2025-03-07,US1NHCR0015,0.0
2025-03-08,US1NHCR0015,0.0
2025-03-09,US1NHCR0015,0.0
2025-03-10,US1NHCR0015,0.0
2025-03-11,US1NHCR0015,0.0
2025-03-12,US1NHCR0015,0.0
2025-03-13,US1NHCR0015,0.0
2025-03-14,US1NHCR0015,0.0
2025-03-15,US1NHCR0015,0.0
2025-03-16,US1NHCR0015,0.0
2025-03-17,US1NHCR0015,0.0
2025-03-18,US1NHCR0015,0.0
2025-03-19,US1NHCR0015,0.0
2025-03-20,US1NHCR0015,0.0
2025-03-21,US1NHCR0015,0.0
2025-03-22,US1NHCR0015,0.0
2025-03-23,US1NHCR0015,0.0
2025-03-24,US1NHCR0015,0.0
2025-03-25,US1NHCR0015,89.0
2025-02-01,US1NHCR0034,94.0
2025-02-02,US1NHCR0034,33.0
2025-02-03,US1NHCR0034,69.0
2025-02-04,US1NHCR0034,0.0
2025-02-05,US1NHCR0034,0.0
2025-02-06,US1NHCR0034,0.0
2025-02-07,US1NHCR0034,112.0
2025-02-08,US1NHCR0034,0.0
2025-02-09,US1NHCR0034,254.0
2025-02-10,US1NHCR0034,0.0
2025-02-11,US1NHCR0034,0.0
2025-02-12,US1NHCR0034,0.0
2025-02-13,US1NHCR0034,15.0
2025-02-14,US1NHCR0034,15.0
2025-02-15,US1NHCR0034,0.0
2025-02-16,US1NHCR0034,38.0
2025-02-17,US1NHCR0034,104.0
2025-02-18,US1NHCR0034,0.0
2025-02-19,US1NHCR0034,0.0
2025-02-20,US1NHCR0034,0.0
2025-02-21,US1NHCR0034,0.0
2025-02-22,US1NHCR0034,0.0
2025-02-23,US1NHCR0034,0.0
2025-02-24,US1NHCR0034,0.0
2025-02-25,US1NHCR0034,0.0
2025-02-26,US1NHCR0034,0.0
2025-02-27,US1NHCR0034,0.0
2025-02-28,US1NHCR0034,84.0
2025-03-01,US1NHCR0034,20.0
2025-03-02,US1NHCR0034,0.0
2025-03-03,US1NHCR0034,0.0
2025-03-04,US1NHCR0034,0.0
2025-03-05,US1NHCR0034,0.0
2025-03-06,US1NHCR0034,0.0
2025-03-07,US1NHCR0034,0.0
2025-03-08,US1NHCR0034,0.0
2025-03-09,US1NHCR0034,0.0
2025-03-10,US1NHCR0034,3.0
2025-03-11,US1NHCR0034,0.0
2025-03-12,US1NHCR0034,0.0
2025-03-13,US1NHCR0034,0.0
2025-03-14,US1NHCR0034,0.0
2025-03-15,US1NHCR0034,0.0
2025-03-16,US1NHCR0034,0.0
2025-03-17,US1NHCR0034,0.0
2025-03-18,US1NHCR0034,0.0
2025-03-19,US1NHCR0034,0.0
2025-03-20,US1NHCR0034,0.0
2025-03-21,US1NHCR0034,0.0
2025-03-22,US1NHCR0034,0.0
2025-03-23,US1NHCR0034,0.0
2025-03-24,US1NHCR0034,0.0
2025-03-25,US1NHCR0034,135.0
2025-02-01,US1NHCR0041,122.0
2025-02-02,US1NHCR0041,0.0
2025-02-03,US1NHCR0041,97.0
2025-02-05,US1NHCR0041,0.0
2025-02-06,US1NHCR0041,0.0
2025-02-07,US1NHCR0041,114.0
2025-02-09,US1NHCR0041,229.0
2025-02-10,US1NHCR0041,5.0
2025-02-11,US1NHCR0041,0.0
2025-02-13,US1NHCR0041,64.0
2025-02-14,US1NHCR0041,13.0
2025-02-15,US1NHCR0041,0.0
2025-02-16,US1NHCR0041,76.0
2025-02-17,US1NHCR0041,114.0
2025-02-18,US1NHCR0041,0.0
2025-02-19,US1NHCR0041,0.0
2025-02-20,US1NHCR0041,0.0
2025-02-21,US1NHCR0041,0.0
2025-02-22,US1NHCR0041,0.0
2025-02-23,US1NHCR0041,0.0
2025-02-24,US1NHCR0041,0.0
2025-02-25,US1NHCR0041,0.0
2025-02-26,US1NHCR0041,0.0
2025-02-27,US1NHCR0041,18.0
2025-02-28,US1NHCR0041,119.0
2025-03-01,US1NHCR0041,36.0
2025-03-02,US1NHCR0041,0.0
2025-03-09,US1NHCR0041,0.0
2025-03-20,US1NHCR0041,0.0
2025-03-22,US1NHCR0041,0.0
2025-03-23,US1NHCR0041,0.0
2025-03-24,US1NHCR0041,0.0
2025-03-25,US1NHCR0041,114.0
2025-02-01,US1NHCR0046,102.0
2025-02-02,US1NHCR0046,0.0
2025-02-03,US1NHCR0046,89.0
2025-02-04,US1NHCR0046,0.0
2025-02-05,US1NHCR0046,0.0
2025-02-06,US1NHCR0046,0.0
2025-02-07,US1NHCR0046,102.0
2025-02-08,US1NHCR0046,0.0
2025-02-09,US1NHCR0046,152.0
2025-02-10,US1NHCR0046,0.0
2025-02-11,US1NHCR0046,0.0
2025-02-12,US1NHCR0046,0.0
2025-02-13,US1NHCR0046,109.0
2025-02-14,US1NHCR0046,0.0
2025-02-15,US1NHCR0046,0.0
2025-02-18,US1NHCR0046,0.0
2025-02-19,US1NHCR0046,0.0
2025-02-20,US1NHCR0046,0.0
2025-02-21,US1NHCR0046,0.0
2025-02-22,US1NHCR0046,0.0
2025-02-23,US1NHCR0046,0.0
2025-02-24,US1NHCR0046,0.0
2025-02-25,US1NHCR0046,0.0
2025-02-26,US1NHCR0046,0.0
2025-02-27,US1NHCR0046,13.0
2025-02-28,US1NHCR0046,102.0
2025-03-01,US1NHCR0046,30.0
2025-03-02,US1NHCR0046,0.0
2025-03-03,US1NHCR0046,0.0
2025-03-04,US1NHCR0046,0.0
2025-03-07,US1NHCR0046,0.0
2025-03-08,US1NHCR0046,0.0
2025-03-09,US1NHCR0046,0.0
2025-03-10,US1NHCR0046,13.0
2025-03-11,US1NHCR0046,0.0
2025-03-12,US1NHCR0046,0.0
2025-03-13,US1NHCR0046,0.0
2025-03-14,US1NHCR0046,0.0
2025-03-19,US1NHCR0046,0.0
2025-03-22,US1NHCR0046,0.0
2025-03-23,US1NHCR0046,0.0
2025-03-24,US1NHCR0046,0.0
2025-03-25,US1NHCR0046,89.0
2025-02-01,US1NHCR0050,91.0
2025-02-02,US1NHCR0050,28.0
2025-02-03,US1NHCR0050,61.0
2025-02-04,US1NHCR0050,0.0
2025-02-05,US1NHCR0050,0.0
2025-02-06,US1NHCR0050,0.0
2025-02-07,US1NHCR0050,107.0
2025-02-09,US1NHCR0050,231.0
2025-02-10,US1NHCR0050,5.0
2025-02-11,US1NHCR0050,8.0
2025-02-12,US1NHCR0050,0.0
2025-02-13,US1NHCR0050,25.0
2025-02-14,US1NHCR0050,18.0
2025-02-15,US1NHCR0050,0.0
2025-02-16,US1NHCR0050,61.0
2025-02-17,US1NHCR0050,114.0
2025-02-18,US1NHCR0050,0.0
2025-02-19,US1NHCR0050,0.0
2025-02-20,US1NHCR0050,0.0
2025-02-21,US1NHCR0050,0.0
2025-02-22,US1NHCR0050,0.0
2025-02-23,US1NHCR0050,0.0
2025-02-24,US1NHCR0050,0.0
2025-02-25,US1NHCR0050,0.0
2025-02-26,US1NHCR0050,0.0
2025-02-27,US1NHCR0050,0.0
2025-02-28,US1NHCR0050,81.0
2025-03-01,US1NHCR0050,28.0
2025-03-02,US1NHCR0050,0.0
2025-03-03,US1NHCR0050,0.0
2025-03-04,US1NHCR0050,0.0
2025-03-05,US1NHCR0050,0.0
2025-03-07,US1NHCR0050,0.0
2025-03-08,US1NHCR0050,0.0
2025-03-09,US1NHCR0050,13.0
2025-03-10,US1NHCR0050,8.0
2025-03-11,US1NHCR0050,0.0
2025-03-12,US1NHCR0050,0.0
2025-03-13,US1NHCR0050,0.0
2025-03-14,US1NHCR0050,0.0
2025-03-15,US1NHCR0050,0.0
2025-03-16,US1NHCR0050,0.0
2025-03-19,US1NHCR0050,0.0
2025-03-23,US1NHCR0050,0.0
2025-03-24,US1NHCR0050,0.0
2025-03-25,US1NHCR0050,119.0
2025-02-02,US1NHCS0007,0.0
2025-02-03,US1NHCS0007,99.0
2025-02-04,US1NHCS0007,51.0
2025-02-05,US1NHCS0007,8.0
2025-02-06,US1NHCS0007,0.0
2025-02-07,US1NHCS0007,66.0
2025-02-08,US1NHCS0007,38.0
2025-02-09,US1NHCS0007,74.0
2025-02-10,US1NHCS0007,15.0
2025-02-11,US1NHCS0007,0.0
2025-02-12,US1NHCS0007,5.0
2025-02-13,US1NHCS0007,5.0
2025-02-14,US1NHCS0007,61.0
2025-02-15,US1NHCS0007,0.0
2025-02-16,US1NHCS0007,84.0
2025-02-17,US1NHCS0007,102.0
2025-02-18,US1NHCS0007,0.0
2025-02-19,US1NHCS0007,8.0
2025-02-20,US1NHCS0007,0.0
2025-02-21,US1NHCS0007,13.0
2025-02-22,US1NHCS0007,0.0
2025-02-23,US1NHCS0007,0.0
2025-02-24,US1NHCS0007,13.0
2025-02-25,US1NHCS0007,0.0
2025-02-26,US1NHCS0007,0.0
2025-02-27,US1NHCS0007,0.0
2025-02-28,US1NHCS0007,13.0
2025-03-01,US1NHCS0007,43.0
2025-03-02,US1NHCS0007,33.0
2025-03-03,US1NHCS0007,0.0
2025-03-04,US1NHCS0007,0.0
2025-03-05,US1NHCS0007,56.0
2025-03-07,US1NHCS0007,0.0
2025-03-08,US1NHCS0007,0.0
2025-03-09,US1NHCS0007,0.0
2025-03-10,US1NHCS0007,25.0
2025-03-11,US1NHCS0007,0.0
2025-03-12,US1NHCS0007,0.0
2025-03-13,US1NHCS0007,0.0
2025-03-14,US1NHCS0007,0.0
2025-03-15,US1NHCS0007,0.0
2025-03-16,US1NHCS0007,0.0
2025-03-19,US1NHCS0007,0.0
2025-03-20,US1NHCS0007,0.0
2025-03-22,US1NHCS0007,18.0
2025-03-23,US1NHCS0007,0.0
2025-03-24,US1NHCS0007,0.0
2025-03-25,US1NHCS0007,18.0
2025-02-01,US1NHCS0019,102.0
2025-02-04,US1NHCS0019,76.0
2025-02-05,US1NHCS0019,8.0
2025-02-06,US1NHCS0019,0.0
2025-02-07,US1NHCS0019,76.0
2025-02-08,US1NHCS0019,23.0
2025-02-09,US1NHCS0019,122.0
2025-02-10,US1NHCS0019,13.0
2025-02-11,US1NHCS0019,10.0
2025-02-12,US1NHCS0019,79.0
2025-02-13,US1NHCS0019,20.0
2025-02-14,US1NHCS0019,114.0
2025-02-15,US1NHCS0019,0.0
2025-02-16,US1NHCS0019,79.0
2025-02-19,US1NHCS0019,8.0
2025-02-20,US1NHCS0019,0.0
2025-02-21,US1NHCS0019,10.0
2025-02-22,US1NHCS0019,5.0
2025-02-23,US1NHCS0019,15.0
2025-02-24,US1NHCS0019,18.0
2025-02-25,US1NHCS0019,0.0
2025-02-26,US1NHCS0019,3.0
2025-02-27,US1NHCS0019,0.0
2025-03-01,US1NHCS0019,30.0
2025-03-02,US1NHCS0019,114.0
2025-03-03,US1NHCS0019,0.0
2025-03-04,US1NHCS0019,0.0
2025-03-05,US1NHCS0019,51.0
2025-03-06,US1NHCS0019,0.0
2025-03-07,US1NHCS0019,13.0
2025-03-08,US1NHCS0019,38.0
2025-03-11,US1NHCS0019,0.0
2025-03-12,US1NHCS0019,0.0
2025-03-13,US1NHCS0019,0.0
2025-03-14,US1NHCS0019,0.0
2025-03-15,US1NHCS0019,0.0
2025-03-16,US1NHCS0019,0.0
2025-03-17,US1NHCS0019,0.0
2025-03-18,US1NHCS0019,3.0
2025-03-19,US1NHCS0019,0.0
2025-03-20,US1NHCS0019,0.0
2025-03-21,US1NHCS0019,0.0
2025-03-22,US1NHCS0019,86.0
2025-03-16,US1NHCS0022,0.0
2025-03-19,US1NHCS0022,0.0
2025-03-20,US1NHCS0022,0.0
2025-03-22,US1NHCS0022,0.0
2025-03-23,US1NHCS0022,0.0
2025-02-01,US1NHGR0001,91.0
2025-02-02,US1NHGR0001,0.0
2025-02-03,US1NHGR0001,36.0
2025-02-04,US1NHGR0001,0.0
2025-02-05,US1NHGR0001,0.0
2025-02-06,US1NHGR0001,0.0
2025-02-07,US1NHGR0001,94.0
2025-02-08,US1NHGR0001,0.0
2025-02-09,US1NHGR0001,193.0
2025-02-10,US1NHGR0001,5.0
2025-02-11,US1NHGR0001,5.0
2025-02-12,US1NHGR0001,0.0
2025-02-13,US1NHGR0001,38.0
2025-02-14,US1NHGR0001,23.0
2025-02-15,US1NHGR0001,0.0
2025-02-16,US1NHGR0001,71.0
2025-02-17,US1NHGR0001,102.0
2025-02-18,US1NHGR0001,0.0
2025-02-19,US1NHGR0001,0.0
2025-02-20,US1NHGR0001,0.0
2025-02-21,US1NHGR0001,0.0
2025-02-22,US1NHGR0001,0.0
2025-02-23,US1NHGR0001,0.0
2025-02-24,US1NHGR0001,0.0
2025-02-25,US1NHGR0001,0.0
2025-02-26,US1NHGR0001,0.0
2025-02-27,US1NHGR0001,10.0
2025-02-28,US1NHGR0001,99.0
2025-03-01,US1NHGR0001,30.0
2025-03-02,US1NHGR0001,0.0
2025-03-03,US1NHGR0001,0.0
2025-03-04,US1NHGR0001,0.0
2025-03-05,US1NHGR0001,0.0
2025-03-06,US1NHGR0001,0.0
2025-03-07,US1NHGR0001,0.0
2025-03-08,US1NHGR0001,0.0
2025-03-09,US1NHGR0001,0.0
2025-03-10,US1NHGR0001,3.0
2025-03-11,US1NHGR0001,0.0
2025-03-12,US1NHGR0001,0.0
2025-03-13,US1NHGR0001,0.0
2025-03-14,US1NHGR0001,0.0
2025-03-15,US1NHGR0001,0.0
2025-03-16,US1NHGR0001,0.0
2025-03-17,US1NHGR0001,0.0
2025-03-18,US1NHGR0001,0.0
2025-03-19,US1NHGR0001,0.0
2025-03-20,US1NHGR0001,0.0
2025-03-21,US1NHGR0001,0.0
2025-03-22,US1NHGR0001,0.0
2025-03-23,US1NHGR0001,0.0
2025-03-24,US1NHGR0001,0.0
2025-03-25,US1NHGR0001,163.0
2025-02-02,US1NHGR0011,0.0
2025-02-05,US1NHGR0011,0.0
2025-02-06,US1NHGR0011,0.0
2025-02-08,US1NHGR0011,0.0
2025-02-11,US1NHGR0011,0.0
2025-02-12,US1NHGR0011,0.0
2025-02-15,US1NHGR0011,0.0
2025-02-20,US1NHGR0011,0.0
2025-02-21,US1NHGR0011,0.0
2025-02-22,US1NHGR0011,0.0
2025-02-23,US1NHGR0011,0.0
2025-02-24,US1NHGR0011,0.0
2025-02-25,US1NHGR0011,0.0
2025-03-03,US1NHGR0011,0.0
2025-03-04,US1NHGR0011,0.0
2025-03-05,US1NHGR0011,0.0
2025-03-07,US1NHGR0011,0.0
2025-03-08,US1NHGR0011,0.0
2025-03-09,US1NHGR0011,0.0
2025-03-10,US1NHGR0011,13.0
2025-03-11,US1NHGR0011,0.0
2025-03-12,US1NHGR0011,0.0
2025-03-13,US1NHGR0011,0.0
2025-03-14,US1NHGR0011,0.0
2025-02-01,US1NHGR0046,112.0
2025-02-03,US1NHGR0046,56.0
2025-02-04,US1NHGR0046,48.0
2025-02-05,US1NHGR0046,0.0
2025-02-06,US1NHGR0046,0.0
2025-02-07,US1NHGR0046,114.0
2025-02-08,US1NHGR0046,0.0
2025-02-09,US1NHGR0046,203.0
2025-02-10,US1NHGR0046,25.0
2025-02-11,US1NHGR0046,0.0
2025-02-12,US1NHGR0046,0.0
2025-02-13,US1NHGR0046,51.0
2025-02-14,US1NHGR0046,51.0
2025-02-15,US1NHGR0046,0.0
2025-02-16,US1NHGR0046,76.0
2025-02-17,US1NHGR0046,140.0
2025-02-18,US1NHGR0046,0.0
2025-02-19,US1NHGR0046,0.0
2025-02-20,US1NHGR0046,0.0
2025-02-21,US1NHGR0046,0.0
2025-02-22,US1NHGR0046,0.0
2025-02-24,US1NHGR0046,0.0
2025-02-25,US1NHGR0046,0.0
2025-02-27,US1NHGR0046,3.0
2025-02-28,US1NHGR0046,117.0
2025-03-01,US1NHGR0046,30.0
2025-03-02,US1NHGR0046,0.0
2025-03-03,US1NHGR0046,0.0
2025-03-04,US1NHGR0046,0.0
2025-03-05,US1NHGR0046,0.0
2025-03-08,US1NHGR0046,0.0
2025-03-10,US1NHGR0046,13.0
2025-03-11,US1NHGR0046,0.0
2025-03-12,US1NHGR0046,0.0
2025-03-13,US1NHGR0046,0.0
2025-03-14,US1NHGR0046,0.0
2025-03-15,US1NHGR0046,0.0
2025-03-16,US1NHGR0046,0.0
2025-03-19,US1NHGR0046,0.0
2025-03-20,US1NHGR0046,0.0
2025-03-24,US1NHGR0046,0.0
2025-03-25,US1NHGR0046,132.0
2025-02-01,US1NHGR0047,81.0
2025-02-02,US1NHGR0047,0.0
2025-02-03,US1NHGR0047,69.0
2025-02-04,US1NHGR0047,43.0
2025-02-05,US1NHGR0047,0.0
2025-02-06,US1NHGR0047,0.0
2025-02-07,US1NHGR0047,127.0
2025-02-08,US1NHGR0047,0.0
2025-02-09,US1NHGR0047,114.0
2025-02-10,US1NHGR0047,25.0
2025-02-11,US1NHGR0047,5.0
2025-02-12,US1NHGR0047,20.0
2025-02-13,US1NHGR0047,10.0
2025-02-14,US1NHGR0047,56.0
2025-02-15,US1NHGR0047,0.0
2025-02-16,US1NHGR0047,81.0
2025-02-17,US1NHGR0047,160.0
2025-02-18,US1NHGR0047,0.0
2025-02-19,US1NHGR0047,0.0
2025-02-20,US1NHGR0047,0.0
2025-02-21,US1NHGR0047,3.0
2025-02-22,US1NHGR0047,0.0
2025-02-23,US1NHGR0047,0.0
2025-02-24,US1NHGR0047,25.0
2025-02-25,US1NHGR0047,0.0
2025-02-26,US1NHGR0047,0.0
2025-02-27,US1NHGR0047,13.0
2025-02-28,US1NHGR0047,38.0
2025-03-01,US1NHGR0047,25.0
2025-03-02,US1NHGR0047,38.0
2025-03-03,US1NHGR0047,0.0
2025-03-04,US1NHGR0047,0.0
2025-03-05,US1NHGR0047,8.0
2025-03-06,US1NHGR0047,0.0
2025-03-07,US1NHGR0047,0.0
2025-03-08,US1NHGR0047,13.0
2025-03-09,US1NHGR0047,0.0
2025-03-10,US1NHGR0047,30.0
2025-03-11,US1NHGR0047,0.0
2025-03-14,US1NHGR0047,0.0
2025-03-15,US1NHGR0047,0.0
2025-03-16,US1NHGR0047,0.0
2025-03-17,US1NHGR0047,0.0
2025-03-18,US1NHGR0047,0.0
2025-03-19,US1NHGR0047,0.0
2025-03-20,US1NHGR0047,0.0
2025-03-21,US1NHGR0047,0.0
2025-03-22,US1NHGR0047,0.0
2025-03-23,US1NHGR0047,0.0
2025-03-24,US1NHGR0047,0.0
2025-03-25,US1NHGR0047,8.0
2025-02-04,US1NHGR0049,107.0
2025-02-06,US1NHGR0049,0.0
2025-02-07,US1NHGR0049,89.0
2025-02-08,US1NHGR0049,5.0
2025-02-09,US1NHGR0049,229.0
2025-02-10,US1NHGR0049,25.0
2025-02-05,US1NHGR0051,0.0
2025-02-06,US1NHGR0051,0.0
2025-02-12,US1NHGR0051,0.0
2025-02-15,US1NHGR0051,0.0
2025-02-16,US1NHGR0051,66.0
2025-02-19,US1NHGR0051,0.0
2025-02-21,US1NHGR0051,0.0
2025-03-05,US1NHGR0051,0.0
2025-03-19,US1NHGR0051,0.0
2025-03-24,US1NHGR0051,0.0
2025-02-01,US1NHGR0052,137.0
2025-02-03,US1NHGR0052,38.0
2025-02-04,US1NHGR0052,20.0
2025-02-06,US1NHGR0052,0.0
2025-02-09,US1NHGR0052,183.0
2025-02-11,US1NHGR0052,0.0
2025-02-13,US1NHGR0052,25.0
2025-02-15,US1NHGR0052,0.0
2025-02-16,US1NHGR0052,56.0
2025-02-17,US1NHGR0052,84.0
2025-03-02,US1NHGR0052,3.0
2025-03-05,US1NHGR0052,0.0
2025-03-08,US1NHGR0052,18.0
2025-03-10,US1NHGR0052,0.0
2025-03-11,US1NHGR0052,0.0
2025-03-12,US1NHGR0052,0.0
2025-03-25,US1NHGR0052,30.0
2025-02-01,US1NHGR0057,79.0
2025-02-02,US1NHGR0057,0.0
2025-02-03,US1NHGR0057,46.0
2025-02-05,US1NHGR0057,32.0
2025-02-06,US1NHGR0057,0.0
2025-02-07,US1NHGR0057,121.0
2025-02-08,US1NHGR0057,0.0
2025-02-09,US1NHGR0057,102.0
2025-02-10,US1NHGR0057,10.0
2025-02-11,US1NHGR0057,0.0
2025-02-12,US1NHGR0057,19.0
2025-02-13,US1NHGR0057,0.0
2025-02-15,US1NHGR0057,0.0
2025-02-20,US1NHGR0057,0.0
2025-02-21,US1NHGR0057,13.0
2025-02-22,US1NHGR0057,0.0
2025-02-27,US1NHGR0057,0.0
2025-03-05,US1NHGR0057,8.0
2025-03-07,US1NHGR0057,0.0
2025-03-08,US1NHGR0057,30.0
2025-03-09,US1NHGR0057,0.0
2025-03-12,US1NHGR0057,0.0
2025-03-13,US1NHGR0057,0.0
2025-03-14,US1NHGR0057,0.0
2025-03-15,US1NHGR0057,0.0
2025-03-20,US1NHGR0057,0.0
2025-03-22,US1NHGR0057,8.0
2025-03-24,US1NHGR0057,0.0
2025-02-01,US1NHGR0059,142.0
2025-02-02,US1NHGR0059,0.0
2025-02-03,US1NHGR0059,30.0
2025-02-04,US1NHGR0059,25.0
2025-02-05,US1NHGR0059,0.0
2025-02-06,US1NHGR0059,0.0
2025-02-07,US1NHGR0059,64.0
2025-02-08,US1NHGR0059,0.0
2025-02-09,US1NHGR0059,188.0
2025-02-10,US1NHGR0059,0.0
2025-02-11,US1NHGR0059,0.0
2025-02-12,US1NHGR0059,0.0
2025-02-13,US1NHGR0059,25.0
2025-02-14,US1NHGR0059,10.0
2025-02-15,US1NHGR0059,0.0
2025-02-16,US1NHGR0059,66.0
2025-02-17,US1NHGR0059,64.0
2025-02-18,US1NHGR0059,0.0
2025-02-19,US1NHGR0059,0.0
2025-02-20,US1NHGR0059,0.0
2025-02-21,US1NHGR0059,0.0
2025-02-22,US1NHGR0059,0.0
2025-02-23,US1NHGR0059,0.0
2025-02-24,US1NHGR0059,0.0
2025-02-25,US1NHGR0059,0.0
2025-02-26,US1NHGR0059,0.0
2025-02-27,US1NHGR0059,28.0
2025-02-28,US1NHGR0059,23.0
2025-03-01,US1NHGR0059,25.0
2025-03-02,US1NHGR0059,3.0
2025-03-03,US1NHGR0059,0.0
2025-03-04,US1NHGR0059,0.0
2025-03-05,US1NHGR0059,0.0
2025-03-06,US1NHGR0059,0.0
2025-03-07,US1NHGR0059,0.0
2025-03-08,US1NHGR0059,8.0
2025-03-09,US1NHGR0059,0.0
2025-03-10,US1NHGR0059,3.0
2025-03-11,US1NHGR0059,0.0
2025-03-12,US1NHGR0059,0.0
2025-03-13,US1NHGR0059,0.0
2025-03-14,US1NHGR0059,0.0
2025-03-15,US1NHGR0059,0.0
2025-03-16,US1NHGR0059,0.0
2025-03-17,US1NHGR0059,0.0
2025-03-18,US1NHGR0059,0.0
2025-03-19,US1NHGR0059,0.0
2025-03-20,US1NHGR0059,0.0
2025-03-21,US1NHGR0059,0.0
2025-03-22,US1NHGR0059,0.0
2025-03-23,US1NHGR0059,0.0
2025-03-24,US1NHGR0059,0.0
2025-03-25,US1NHGR0059,33.0
2025-02-01,US1NHHL0019,51.0
2025-02-02,US1NHHL0019,0.0
2025-02-03,US1NHHL0019,8.0
2025-02-04,US1NHHL0019,0.0
2025-02-05,US1NHHL0019,0.0
2025-02-06,US1NHHL0019,0.0
2025-02-07,US1NHHL0019,46.0
2025-02-08,US1NHHL0019,0.0
2025-02-09,US1NHHL0019,152.0
2025-02-10,US1NHHL0019,0.0
2025-02-11,US1NHHL0019,0.0
2025-02-15,US1NHHL0019,0.0
2025-02-18,US1NHHL0019,0.0
2025-02-19,US1NHHL0019,0.0
2025-02-20,US1NHHL0019,0.0
2025-02-21,US1NHHL0019,0.0
2025-02-22,US1NHHL0019,0.0
2025-02-23,US1NHHL0019,0.0
2025-02-25,US1NHHL0019,0.0
2025-02-26,US1NHHL0019,0.0
2025-03-01,US1NHHL0019,0.0
2025-03-02,US1NHHL0019,0.0
2025-03-06,US1NHHL0019,0.0
2025-03-07,US1NHHL0019,0.0
2025-03-09,US1NHHL0019,0.0
2025-03-10,US1NHHL0019,0.0
2025-03-11,US1NHHL0019,0.0
2025-03-12,US1NHHL0019,0.0
2025-03-14,US1NHHL0019,0.0
2025-03-15,US1NHHL0019,0.0
2025-03-19,US1NHHL0019,0.0
2025-03-22,US1NHHL0019,0.0
2025-03-23,US1NHHL0019,0.0
2025-03-25,US1NHHL0019,0.0
2025-02-02,US1NHHL0025,0.0
2025-02-05,US1NHHL0025,0.0
2025-02-08,US1NHHL0025,0.0
2025-02-12,US1NHHL0025,0.0
2025-02-15,US1NHHL0025,0.0
2025-02-18,US1NHHL0025,0.0
2025-02-19,US1NHHL0025,0.0
2025-02-20,US1NHHL0025,0.0
2025-02-21,US1NHHL0025,0.0
2025-02-22,US1NHHL0025,0.0
2025-02-23,US1NHHL0025,0.0
2025-02-24,US1NHHL0025,0.0
2025-02-25,US1NHHL0025,0.0
2025-02-26,US1NHHL0025,0.0
2025-03-01,US1NHHL0025,0.0
2025-03-02,US1NHHL0025,0.0
2025-03-03,US1NHHL0025,0.0
2025-03-04,US1NHHL0025,0.0
2025-03-05,US1NHHL0025,0.0
2025-03-07,US1NHHL0025,0.0
2025-03-08,US1NHHL0025,0.0
2025-03-09,US1NHHL0025,0.0
2025-03-10,US1NHHL0025,0.0
2025-03-11,US1NHHL0025,0.0
2025-03-12,US1NHHL0025,0.0
2025-03-14,US1NHHL0025,0.0
2025-03-15,US1NHHL0025,0.0
2025-03-19,US1NHHL0025,0.0
2025-03-22,US1NHHL0025,0.0
2025-03-23,US1NHHL0025,0.0
2025-03-24,US1NHHL0025,0.0
2025-02-01,US1NHHL0048,64.0
2025-02-02,US1NHHL0048,0.0
2025-02-03,US1NHHL0048,33.0
2025-02-04,US1NHHL0048,0.0
2025-02-05,US1NHHL0048,0.0
2025-02-06,US1NHHL0048,0.0
2025-02-07,US1NHHL0048,56.0
2025-02-08,US1NHHL0048,0.0
2025-02-09,US1NHHL0048,198.0
2025-02-10,US1NHHL0048,0.0
2025-02-11,US1NHHL0048,0.0
2025-02-12,US1NHHL0048,0.0
2025-02-13,US1NHHL0048,53.0
2025-02-14,US1NHHL0048,0.0
2025-02-15,US1NHHL0048,0.0
2025-02-16,US1NHHL0048,114.0
2025-02-17,US1NHHL0048,76.0
2025-02-18,US1NHHL0048,0.0
2025-02-19,US1NHHL0048,0.0
2025-02-20,US1NHHL0048,0.0
2025-02-21,US1NHHL0048,0.0
2025-02-22,US1NHHL0048,0.0
2025-02-23,US1NHHL0048,0.0
2025-02-24,US1NHHL0048,0.0
2025-02-25,US1NHHL0048,0.0
2025-02-26,US1NHHL0048,0.0
2025-02-27,US1NHHL0048,25.0
2025-02-28,US1NHHL0048,0.0
2025-03-01,US1NHHL0048,0.0
2025-03-02,US1NHHL0048,0.0
2025-03-03,US1NHHL0048,0.0
2025-03-04,US1NHHL0048,0.0
2025-03-05,US1NHHL0048,0.0
2025-03-06,US1NHHL0048,0.0
2025-03-07,US1NHHL0048,0.0
2025-03-08,US1NHHL0048,0.0
2025-03-09,US1NHHL0048,0.0
2025-03-10,US1NHHL0048,0.0
2025-03-11,US1NHHL0048,0.0
2025-03-12,US1NHHL0048,0.0
2025-03-13,US1NHHL0048,0.0
2025-03-14,US1NHHL0048,0.0
2025-03-15,US1NHHL0048,0.0
2025-03-16,US1NHHL0048,0.0
2025-03-19,US1NHHL0048,0.0
2025-03-22,US1NHHL0048,0.0
2025-03-24,US1NHHL0048,0.0
2025-02-01,US1NHHL0049,53.0
2025-02-02,US1NHHL0049,0.0
2025-02-03,US1NHHL0049,25.0
2025-02-04,US1NHHL0049,0.0
2025-02-05,US1NHHL0049,0.0
2025-02-06,US1NHHL0049,0.0
2025-02-07,US1NHHL0049,76.0
2025-02-08,US1NHHL0049,0.0
2025-02-09,US1NHHL0049,191.0
2025-02-10,US1NHHL0049,0.0
2025-02-11,US1NHHL0049,0.0
2025-02-12,US1NHHL0049,0.0
2025-02-13,US1NHHL0049,51.0
2025-02-14,US1NHHL0049,0.0
2025-02-15,US1NHHL0049,0.0
2025-02-16,US1NHHL0049,140.0
2025-02-17,US1NHHL0049,114.0
2025-02-18,US1NHHL0049,0.0
2025-02-19,US1NHHL0049,0.0
2025-02-20,US1NHHL0049,0.0
2025-02-25,US1NHHL0049,0.0
2025-02-26,US1NHHL0049,0.0
2025-02-27,US1NHHL0049,25.0
2025-03-01,US1NHHL0049,0.0
2025-03-02,US1NHHL0049,0.0
2025-03-03,US1NHHL0049,0.0
2025-03-04,US1NHHL0049,0.0
2025-03-05,US1NHHL0049,0.0
2025-03-07,US1NHHL0049,0.0
2025-03-08,US1NHHL0049,0.0
2025-03-09,US1NHHL0049,0.0
2025-03-10,US1NHHL0049,0.0
2025-03-11,US1NHHL0049,0.0
2025-03-12,US1NHHL0049,0.0
2025-03-13,US1NHHL0049,0.0
2025-03-14,US1NHHL0049,0.0
2025-03-15,US1NHHL0049,0.0
2025-03-16,US1NHHL0049,0.0
2025-03-19,US1NHHL0049,0.0
2025-03-22,US1NHHL0049,0.0
2025-03-23,US1NHHL0049,0.0
2025-03-24,US1NHHL0049,0.0
2025-03-25,US1NHHL0049,0.0
2025-02-01,US1NHHL0077,76.0
2025-02-02,US1NHHL0077,0.0
2025-02-07,US1NHHL0077,64.0
2025-02-09,US1NHHL0077,191.0
2025-02-10,US1NHHL0077,0.0
2025-02-15,US1NHHL0077,0.0
2025-02-01,US1NHHL0096,43.0
2025-02-02,US1NHHL0096,0.0
2025-02-03,US1NHHL0096,33.0
2025-02-05,US1NHHL0096,0.0
2025-02-06,US1NHHL0096,0.0
2025-02-08,US1NHHL0096,0.0
2025-02-09,US1NHHL0096,178.0
2025-02-11,US1NHHL0096,0.0
2025-02-12,US1NHHL0096,0.0
2025-02-13,US1NHHL0096,28.0
2025-02-14,US1NHHL0096,0.0
2025-02-15,US1NHHL0096,0.0
2025-02-16,US1NHHL0096,102.0
2025-02-18,US1NHHL0096,0.0
2025-02-19,US1NHHL0096,0.0
2025-02-20,US1NHHL0096,0.0
2025-02-21,US1NHHL0096,0.0
2025-02-22,US1NHHL0096,0.0
2025-02-23,US1NHHL0096,0.0
2025-02-24,US1NHHL0096,0.0
2025-02-25,US1NHHL0096,0.0
2025-02-26,US1NHHL0096,0.0
2025-02-27,US1NHHL0096,8.0
2025-02-28,US1NHHL0096,0.0
2025-03-01,US1NHHL0096,0.0
2025-03-02,US1NHHL0096,0.0
2025-03-03,US1NHHL0096,0.0
2025-03-04,US1NHHL0096,0.0
2025-03-05,US1NHHL0096,0.0
2025-03-06,US1NHHL0096,0.0
2025-03-07,US1NHHL0096,0.0
2025-03-08,US1NHHL0096,0.0
2025-03-09,US1NHHL0096,0.0
2025-03-10,US1NHHL0096,0.0
2025-03-11,US1NHHL0096,0.0
2025-03-12,US1NHHL0096,0.0
2025-03-13,US1NHHL0096,0.0
2025-03-14,US1NHHL0096,0.0
2025-03-17,US1NHHL0096,0.0
2025-03-18,US1NHHL0096,0.0
2025-03-19,US1NHHL0096,0.0
2025-03-20,US1NHHL0096,0.0
2025-03-21,US1NHHL0096,0.0
2025-03-23,US1NHHL0096,0.0
2025-03-24,US1NHHL0096,0.0
2025-03-25,US1NHHL0096,0.0
2025-02-01,US1NHHL0100,56.0
2025-02-02,US1NHHL0100,0.0
2025-02-03,US1NHHL0100,33.0
2025-02-04,US1NHHL0100,0.0
2025-02-05,US1NHHL0100,0.0
2025-02-06,US1NHHL0100,0.0
2025-02-07,US1NHHL0100,46.0
2025-02-08,US1NHHL0100,0.0
2025-02-09,US1NHHL0100,147.0
2025-02-10,US1NHHL0100,0.0
2025-02-11,US1NHHL0100,0.0
2025-02-13,US1NHHL0100,53.0
2025-02-14,US1NHHL0100,0.0
2025-02-15,US1NHHL0100,0.0
2025-02-16,US1NHHL0100,127.0
2025-02-17,US1NHHL0100,69.0
2025-02-18,US1NHHL0100,0.0
2025-02-19,US1NHHL0100,0.0
2025-02-20,US1NHHL0100,0.0
2025-02-21,US1NHHL0100,0.0
2025-02-22,US1NHHL0100,0.0
2025-02-23,US1NHHL0100,0.0
2025-02-24,US1NHHL0100,0.0
2025-02-25,US1NHHL0100,0.0
2025-02-26,US1NHHL0100,0.0
2025-02-27,US1NHHL0100,30.0
2025-02-28,US1NHHL0100,0.0
2025-03-01,US1NHHL0100,0.0
2025-03-02,US1NHHL0100,0.0
2025-03-03,US1NHHL0100,0.0
2025-03-04,US1NHHL0100,0.0
2025-03-05,US1NHHL0100,0.0
2025-03-06,US1NHHL0100,0.0
2025-03-07,US1NHHL0100,0.0
2025-03-08,US1NHHL0100,0.0
2025-03-09,US1NHHL0100,0.0
2025-03-10,US1NHHL0100,0.0
2025-03-11,US1NHHL0100,0.0
2025-03-12,US1NHHL0100,0.0
2025-03-13,US1NHHL0100,0.0
2025-03-14,US1NHHL0100,0.0
2025-03-15,US1NHHL0100,0.0
2025-03-16,US1NHHL0100,0.0
2025-03-17,US1NHHL0100,0.0
2025-03-18,US1NHHL0100,0.0
2025-03-19,US1NHHL0100,0.0
2025-03-20,US1NHHL0100,0.0
2025-03-21,US1NHHL0100,0.0
2025-03-22,US1NHHL0100,0.0
2025-03-23,US1NHHL0100,0.0
2025-03-24,US1NHHL0100,0.0
2025-03-25,US1NHHL0100,0.0
2025-02-01,US1NHHL0103,76.0
2025-02-03,US1NHHL0103,38.0
2025-02-05,US1NHHL0103,0.0
2025-02-06,US1NHHL0103,0.0
2025-02-07,US1NHHL0103,64.0
2025-02-09,US1NHHL0103,152.0
2025-02-10,US1NHHL0103,25.0
2025-02-13,US1NHHL0103,64.0
2025-02-15,US1NHHL0103,0.0
2025-02-16,US1NHHL0103,102.0
2025-02-17,US1NHHL0103,127.0
2025-02-20,US1NHHL0103,0.0
2025-02-21,US1NHHL0103,0.0
2025-02-22,US1NHHL0103,0.0
2025-02-23,US1NHHL0103,0.0
2025-02-24,US1NHHL0103,0.0
2025-02-25,US1NHHL0103,0.0
2025-02-27,US1NHHL0103,25.0
2025-03-01,US1NHHL0103,0.0
2025-03-03,US1NHHL0103,0.0
2025-03-04,US1NHHL0103,0.0
2025-03-07,US1NHHL0103,0.0
2025-03-08,US1NHHL0103,0.0
2025-03-09,US1NHHL0103,0.0
2025-03-10,US1NHHL0103,0.0
2025-03-11,US1NHHL0103,0.0
2025-03-12,US1NHHL0103,0.0
2025-03-13,US1NHHL0103,0.0
2025-03-14,US1NHHL0103,0.0
2025-03-15,US1NHHL0103,0.0
2025-03-23,US1NHHL0103,0.0
2025-03-24,US1NHHL0103,0.0
2025-02-01,US1NHHL0108,66.0
2025-02-03,US1NHHL0108,33.0
2025-02-07,US1NHHL0108,69.0
2025-02-09,US1NHHL0108,175.0
2025-02-10,US1NHHL0108,0.0
2025-02-11,US1NHHL0108,0.0
2025-02-13,US1NHHL0108,43.0
2025-02-14,US1NHHL0108,10.0
2025-02-16,US1NHHL0108,94.0
2025-02-17,US1NHHL0108,86.0
2025-02-27,US1NHHL0108,18.0
2025-02-28,US1NHHL0108,33.0
2025-03-01,US1NHHL0108,5.0
2025-03-25,US1NHHL0108,15.0
2025-02-01,US1NHMR0004,99.0
2025-02-02,US1NHMR0004,0.0
2025-02-03,US1NHMR0004,41.0
2025-02-04,US1NHMR0004,0.0
2025-02-05,US1NHMR0004,0.0
2025-02-06,US1NHMR0004,0.0
2025-02-07,US1NHMR0004,79.0
2025-02-08,US1NHMR0004,5.0
2025-02-09,US1NHMR0004,198.0
2025-02-10,US1NHMR0004,3.0
2025-02-11,US1NHMR0004,0.0
2025-02-12,US1NHMR0004,0.0
2025-02-13,US1NHMR0004,36.0
2025-02-14,US1NHMR0004,8.0
2025-02-15,US1NHMR0004,0.0
2025-02-16,US1NHMR0004,97.0
2025-02-17,US1NHMR0004,104.0
2025-02-18,US1NHMR0004,0.0
2025-02-19,US1NHMR0004,0.0
2025-02-20,US1NHMR0004,0.0
2025-02-21,US1NHMR0004,0.0
2025-02-22,US1NHMR0004,0.0
2025-02-23,US1NHMR0004,0.0
2025-02-24,US1NHMR0004,0.0
2025-02-25,US1NHMR0004,0.0
2025-02-26,US1NHMR0004,0.0
2025-02-27,US1NHMR0004,8.0
2025-02-28,US1NHMR0004,36.0
2025-03-01,US1NHMR0004,0.0
2025-03-02,US1NHMR0004,0.0
2025-03-03,US1NHMR0004,0.0
2025-03-04,US1NHMR0004,0.0
2025-03-05,US1NHMR0004,0.0
2025-03-06,US1NHMR0004,0.0
2025-03-07,US1NHMR0004,0.0
2025-03-08,US1NHMR0004,0.0
2025-03-09,US1NHMR0004,0.0
2025-03-10,US1NHMR0004,0.0
2025-03-11,US1NHMR0004,0.0
2025-03-12,US1NHMR0004,0.0
2025-03-13,US1NHMR0004,0.0
2025-03-14,US1NHMR0004,0.0
2025-03-15,US1NHMR0004,0.0
2025-03-16,US1NHMR0004,0.0
2025-03-17,US1NHMR0004,0.0
2025-03-18,US1NHMR0004,0.0
2025-03-19,US1NHMR0004,0.0
2025-03-20,US1NHMR0004,0.0
2025-03-21,US1NHMR0004,0.0
2025-03-22,US1NHMR0004,0.0
2025-03-23,US1NHMR0004,0.0
2025-03-24,US1NHMR0004,0.0
2025-03-25,US1NHMR0004,15.0
2025-02-01,US1NHMR0006,91.0
2025-02-02,US1NHMR0006,0.0
2025-02-03,US1NHMR0006,36.0
2025-02-04,US1NHMR0006,13.0
2025-02-05,US1NHMR0006,0.0
2025-02-06,US1NHMR0006,0.0
2025-02-07,US1NHMR0006,112.0
2025-02-08,US1NHMR0006,0.0
2025-02-09,US1NHMR0006,216.0
2025-02-10,US1NHMR0006,0.0
2025-02-11,US1NHMR0006,0.0
2025-02-12,US1NHMR0006,0.0
2025-02-13,US1NHMR0006,53.0
2025-02-14,US1NHMR0006,33.0
2025-02-15,US1NHMR0006,0.0
2025-02-16,US1NHMR0006,109.0
2025-02-17,US1NHMR0006,114.0
2025-02-18,US1NHMR0006,0.0
2025-02-19,US1NHMR0006,0.0
2025-02-20,US1NHMR0006,0.0
2025-02-21,US1NHMR0006,0.0
2025-02-22,US1NHMR0006,0.0
2025-02-23,US1NHMR0006,0.0
2025-02-24,US1NHMR0006,0.0
2025-02-25,US1NHMR0006,0.0
2025-02-26,US1NHMR0006,0.0
2025-02-27,US1NHMR0006,23.0
2025-02-28,US1NHMR0006,89.0
2025-03-01,US1NHMR0006,28.0
2025-03-02,US1NHMR0006,0.0
2025-03-03,US1NHMR0006,0.0
2025-03-04,US1NHMR0006,0.0
2025-03-05,US1NHMR0006,0.0
2025-03-06,US1NHMR0006,0.0
2025-03-07,US1NHMR0006,0.0
2025-03-08,US1NHMR0006,0.0
2025-03-09,US1NHMR0006,0.0
2025-03-10,US1NHMR0006,0.0
2025-03-11,US1NHMR0006,0.0
2025-03-12,US1NHMR0006,0.0
2025-03-13,US1NHMR0006,0.0
2025-03-14,US1NHMR0006,0.0
2025-03-15,US1NHMR0006,0.0
2025-03-16,US1NHMR0006,0.0
2025-03-17,US1NHMR0006,0.0
2025-03-18,US1NHMR0006,0.0
2025-03-19,US1NHMR0006,0.0
2025-03-20,US1NHMR0006,0.0
2025-03-21,US1NHMR0006,0.0
2025-03-22,US1NHMR0006,0.0
2025-03-23,US1NHMR0006,0.0
2025-03-24,US1NHMR0006,0.0
2025-03-25,US1NHMR0006,168.0
2025-02-01,US1NHMR0009,81.0
2025-02-02,US1NHMR0009,0.0
2025-02-03,US1NHMR0009,30.0
2025-02-04,US1NHMR0009,0.0
2025-02-05,US1NHMR0009,0.0
2025-02-06,US1NHMR0009,0.0
2025-02-07,US1NHMR0009,76.0
2025-02-08,US1NHMR0009,3.0
2025-02-09,US1NHMR0009,165.0
2025-02-10,US1NHMR0009,0.0
2025-02-11,US1NHMR0009,0.0
2025-02-12,US1NHMR0009,0.0
2025-02-13,US1NHMR0009,20.0
2025-02-14,US1NHMR0009,0.0
2025-02-15,US1NHMR0009,0.0
2025-02-16,US1NHMR0009,89.0
2025-02-17,US1NHMR0009,102.0
2025-02-18,US1NHMR0009,0.0
2025-02-19,US1NHMR0009,0.0
2025-02-20,US1NHMR0009,0.0
2025-02-21,US1NHMR0009,0.0
2025-02-22,US1NHMR0009,0.0
2025-02-23,US1NHMR0009,0.0
2025-02-24,US1NHMR0009,0.0
2025-02-25,US1NHMR0009,0.0
2025-02-26,US1NHMR0009,0.0
2025-02-27,US1NHMR0009,0.0
2025-02-28,US1NHMR0009,25.0
2025-03-01,US1NHMR0009,0.0
2025-03-02,US1NHMR0009,0.0
2025-03-03,US1NHMR0009,0.0
2025-03-04,US1NHMR0009,0.0
2025-03-05,US1NHMR0009,0.0
2025-03-06,US1NHMR0009,0.0
2025-03-07,US1NHMR0009,0.0
2025-03-08,US1NHMR0009,0.0
2025-03-09,US1NHMR0009,0.0
2025-03-10,US1NHMR0009,0.0
2025-03-11,US1NHMR0009,0.0
2025-03-12,US1NHMR0009,0.0
2025-03-13,US1NHMR0009,0.0
2025-03-14,US1NHMR0009,0.0
2025-03-15,US1NHMR0009,0.0
2025-03-16,US1NHMR0009,0.0
2025-03-17,US1NHMR0009,0.0
2025-03-18,US1NHMR0009,0.0
2025-03-19,US1NHMR0009,0.0
2025-03-20,US1NHMR0009,0.0
2025-03-21,US1NHMR0009,0.0
2025-03-22,US1NHMR0009,0.0
2025-03-23,US1NHMR0009,0.0
2025-03-24,US1NHMR0009,0.0
2025-03-25,US1NHMR0009,13.0
2025-02-01,US1NHMR0015,91.0
2025-02-02,US1NHMR0015,0.0
2025-02-03,US1NHMR0015,41.0
2025-02-04,US1NHMR0015,0.0
2025-02-05,US1NHMR0015,0.0
2025-02-06,US1NHMR0015,0.0
2025-02-07,US1NHMR0015,91.0
2025-02-08,US1NHMR0015,0.0
2025-02-09,US1NHMR0015,183.0
2025-02-10,US1NHMR0015,3.0
2025-02-11,US1NHMR0015,0.0
2025-02-12,US1NHMR0015,0.0
2025-02-13,US1NHMR0015,48.0
2025-02-15,US1NHMR0015,0.0
2025-02-16,US1NHMR0015,94.0
2025-02-17,US1NHMR0015,147.0
2025-02-18,US1NHMR0015,0.0
2025-02-19,US1NHMR0015,0.0
2025-02-20,US1NHMR0015,0.0
2025-02-21,US1NHMR0015,0.0
2025-02-22,US1NHMR0015,0.0
2025-02-23,US1NHMR0015,0.0
2025-02-24,US1NHMR0015,0.0
2025-02-25,US1NHMR0015,0.0
2025-02-26,US1NHMR0015,0.0
2025-02-28,US1NHMR0015,10.0
2025-03-01,US1NHMR0015,0.0
2025-03-02,US1NHMR0015,0.0
2025-03-03,US1NHMR0015,0.0
2025-03-04,US1NHMR0015,0.0
2025-03-05,US1NHMR0015,0.0
2025-03-06,US1NHMR0015,0.0
2025-03-07,US1NHMR0015,0.0
2025-03-08,US1NHMR0015,0.0
2025-03-09,US1NHMR0015,0.0
2025-03-10,US1NHMR0015,0.0
2025-03-11,US1NHMR0015,0.0
2025-03-12,US1NHMR0015,0.0
2025-03-13,US1NHMR0015,0.0
2025-03-14,US1NHMR0015,0.0
2025-03-15,US1NHMR0015,0.0
2025-03-19,US1NHMR0015,0.0
2025-02-01,US1NHMR0025,51.0
2025-02-02,US1NHMR0025,25.0
2025-02-03,US1NHMR0025,25.0
2025-02-04,US1NHMR0025,25.0
2025-02-05,US1NHMR0025,0.0
2025-02-06,US1NHMR0025,0.0
2025-02-07,US1NHMR0025,102.0
2025-02-08,US1NHMR0025,0.0
2025-02-09,US1NHMR0025,38.0
2025-02-10,US1NHMR0025,140.0
2025-02-11,US1NHMR0025,0.0
2025-02-12,US1NHMR0025,0.0
2025-02-13,US1NHMR0025,0.0
2025-02-14,US1NHMR0025,25.0
2025-02-15,US1NHMR0025,0.0
2025-02-16,US1NHMR0025,38.0
2025-02-17,US1NHMR0025,114.0
2025-02-18,US1NHMR0025,0.0
2025-02-19,US1NHMR0025,0.0
2025-02-20,US1NHMR0025,0.0
2025-02-21,US1NHMR0025,0.0
2025-02-22,US1NHMR0025,0.0
2025-02-23,US1NHMR0025,0.0
2025-02-24,US1NHMR0025,0.0
2025-02-25,US1NHMR0025,0.0
2025-02-26,US1NHMR0025,0.0
2025-02-27,US1NHMR0025,0.0
2025-02-28,US1NHMR0025,51.0
2025-03-01,US1NHMR0025,0.0
2025-03-02,US1NHMR0025,0.0
2025-03-03,US1NHMR0025,0.0
2025-03-04,US1NHMR0025,0.0
2025-03-05,US1NHMR0025,0.0
2025-03-06,US1NHMR0025,0.0
2025-03-07,US1NHMR0025,0.0
2025-03-08,US1NHMR0025,0.0
2025-03-09,US1NHMR0025,0.0
2025-03-10,US1NHMR0025,0.0
2025-03-11,US1NHMR0025,0.0
2025-03-12,US1NHMR0025,0.0
2025-03-13,US1NHMR0025,0.0
2025-03-14,US1NHMR0025,0.0
2025-03-15,US1NHMR0025,0.0
2025-03-16,US1NHMR0025,0.0
2025-03-17,US1NHMR0025,0.0
2025-03-18,US1NHMR0025,0.0
2025-03-19,US1NHMR0025,0.0
2025-03-20,US1NHMR0025,0.0
2025-03-21,US1NHMR0025,0.0
2025-03-22,US1NHMR0025,0.0
2025-03-23,US1NHMR0025,0.0
2025-03-24,US1NHMR0025,0.0
2025-03-25,US1NHMR0025,13.0
2025-02-01,US1NHMR0043,74.0
2025-02-02,US1NHMR0043,0.0
2025-02-03,US1NHMR0043,30.0
2025-02-05,US1NHMR0043,0.0
2025-02-06,US1NHMR0043,0.0
2025-02-07,US1NHMR0043,71.0
2025-02-08,US1NHMR0043,0.0
2025-02-09,US1NHMR0043,183.0
2025-02-10,US1NHMR0043,5.0
2025-02-11,US1NHMR0043,0.0
2025-02-12,US1NHMR0043,0.0
2025-02-13,US1NHMR0043,28.0
2025-02-15,US1NHMR0043,0.0
2025-02-16,US1NHMR0043,97.0
2025-02-17,US1NHMR0043,127.0
2025-02-19,US1NHMR0043,0.0
2025-02-20,US1NHMR0043,0.0
2025-02-21,US1NHMR0043,0.0
2025-02-22,US1NHMR0043,0.0
2025-02-23,US1NHMR0043,0.0
2025-02-24,US1NHMR0043,0.0
2025-02-25,US1NHMR0043,0.0
2025-02-27,US1NHMR0043,10.0
2025-02-28,US1NHMR0043,28.0
2025-03-01,US1NHMR0043,5.0
2025-03-02,US1NHMR0043,0.0
2025-03-03,US1NHMR0043,0.0
2025-03-04,US1NHMR0043,0.0
2025-03-05,US1NHMR0043,0.0
2025-03-07,US1NHMR0043,0.0
2025-03-08,US1NHMR0043,0.0
2025-03-09,US1NHMR0043,0.0
2025-03-10,US1NHMR0043,0.0
2025-03-11,US1NHMR0043,0.0
2025-03-12,US1NHMR0043,0.0
2025-03-13,US1NHMR0043,0.0
2025-03-14,US1NHMR0043,0.0
2025-03-15,US1NHMR0043,0.0
2025-03-19,US1NHMR0043,0.0
2025-03-24,US1NHMR0043,0.0
2025-02-01,US1NHMR0045,122.0
2025-02-02,US1NHMR0045,0.0
2025-02-03,US1NHMR0045,71.0
2025-02-04,US1NHMR0045,0.0
2025-02-05,US1NHMR0045,0.0
2025-02-06,US1NHMR0045,0.0
2025-02-07,US1NHMR0045,147.0
2025-02-08,US1NHMR0045,0.0
2025-02-09,US1NHMR0045,185.0
2025-02-10,US1NHMR0045,0.0
2025-02-11,US1NHMR0045,0.0
2025-02-12,US1NHMR0045,0.0
2025-02-13,US1NHMR0045,51.0
2025-02-14,US1NHMR0045,64.0
2025-02-15,US1NHMR0045,0.0
2025-02-16,US1NHMR0045,140.0
2025-02-19,US1NHMR0045,0.0
2025-02-20,US1NHMR0045,0.0
2025-02-21,US1NHMR0045,0.0
2025-02-22,US1NHMR0045,0.0
2025-02-23,US1NHMR0045,0.0
2025-02-24,US1NHMR0045,0.0
2025-02-25,US1NHMR0045,0.0
2025-02-26,US1NHMR0045,0.0
2025-02-27,US1NHMR0045,5.0
2025-02-28,US1NHMR0045,97.0
2025-03-01,US1NHMR0045,38.0
2025-03-02,US1NHMR0045,0.0
2025-03-03,US1NHMR0045,0.0
2025-03-04,US1NHMR0045,0.0
2025-03-05,US1NHMR0045,0.0
2025-03-06,US1NHMR0045,0.0
2025-03-07,US1NHMR0045,0.0
2025-03-08,US1NHMR0045,0.0
2025-03-09,US1NHMR0045,0.0
2025-03-10,US1NHMR0045,0.0
2025-03-11,US1NHMR0045,0.0
2025-03-12,US1NHMR0045,0.0
2025-03-13,US1NHMR0045,0.0
2025-03-14,US1NHMR0045,0.0
2025-03-15,US1NHMR0045,0.0
2025-03-16,US1NHMR0045,0.0
2025-03-17,US1NHMR0045,0.0
2025-03-18,US1NHMR0045,0.0
2025-03-19,US1NHMR0045,0.0
2025-03-20,US1NHMR0045,0.0
2025-03-21,US1NHMR0045,0.0
2025-03-22,US1NHMR0045,0.0
2025-03-23,US1NHMR0045,0.0
2025-03-24,US1NHMR0045,0.0
2025-03-25,US1NHMR0045,152.0
2025-02-01,US1NHMR0047,69.0
2025-02-02,US1NHMR0047,0.0
2025-02-03,US1NHMR0047,38.0
2025-02-04,US1NHMR0047,0.0
2025-02-05,US1NHMR0047,0.0
2025-02-06,US1NHMR0047,0.0
2025-02-07,US1NHMR0047,71.0
2025-02-08,US1NHMR0047,0.0
2025-02-09,US1NHMR0047,183.0
2025-02-10,US1NHMR0047,3.0
2025-02-11,US1NHMR0047,0.0
2025-02-12,US1NHMR0047,0.0
2025-02-13,US1NHMR0047,38.0
2025-02-14,US1NHMR0047,0.0
2025-02-15,US1NHMR0047,0.0
2025-02-16,US1NHMR0047,114.0
2025-02-17,US1NHMR0047,89.0
2025-02-18,US1NHMR0047,0.0
2025-02-19,US1NHMR0047,0.0
2025-02-20,US1NHMR0047,0.0
2025-02-21,US1NHMR0047,0.0
2025-02-22,US1NHMR0047,0.0
2025-02-23,US1NHMR0047,0.0
2025-02-24,US1NHMR0047,0.0
2025-02-25,US1NHMR0047,0.0
2025-02-26,US1NHMR0047,0.0
2025-02-27,US1NHMR0047,13.0
2025-02-28,US1NHMR0047,0.0
2025-03-01,US1NHMR0047,0.0
2025-03-02,US1NHMR0047,0.0
2025-03-03,US1NHMR0047,0.0
2025-03-04,US1NHMR0047,0.0
2025-03-05,US1NHMR0047,0.0
2025-03-06,US1NHMR0047,0.0
2025-03-07,US1NHMR0047,0.0
2025-03-08,US1NHMR0047,0.0
2025-03-09,US1NHMR0047,0.0
2025-03-10,US1NHMR0047,0.0
2025-03-11,US1NHMR0047,0.0
2025-03-12,US1NHMR0047,0.0
2025-03-13,US1NHMR0047,0.0
2025-03-14,US1NHMR0047,0.0
2025-03-15,US1NHMR0047,0.0
2025-03-17,US1NHMR0047,0.0
2025-03-19,US1NHMR0047,0.0
2025-03-21,US1NHMR0047,0.0
2025-03-22,US1NHMR0047,0.0
2025-03-23,US1NHMR0047,0.0
2025-03-24,US1NHMR0047,0.0
2025-03-25,US1NHMR0047,0.0
2025-02-01,US1NHMR0051,94.0
2025-02-02,US1NHMR0051,0.0
2025-02-03,US1NHMR0051,51.0
2025-02-05,US1NHMR0051,0.0
2025-02-06,US1NHMR0051,0.0
2025-02-07,US1NHMR0051,102.0
2025-02-08,US1NHMR0051,0.0
2025-02-09,US1NHMR0051,203.0
2025-02-10,US1NHMR0051,0.0
2025-02-11,US1NHMR0051,0.0
2025-02-12,US1NHMR0051,0.0
2025-02-13,US1NHMR0051,53.0
2025-02-14,US1NHMR0051,0.0
2025-02-15,US1NHMR0051,0.0
2025-02-16,US1NHMR0051,127.0
2025-02-17,US1NHMR0051,102.0
2025-02-18,US1NHMR0051,0.0
2025-02-19,US1NHMR0051,0.0
2025-02-20,US1NHMR0051,0.0
2025-02-21,US1NHMR0051,0.0
2025-02-22,US1NHMR0051,0.0
2025-02-23,US1NHMR0051,0.0
2025-02-24,US1NHMR0051,0.0
2025-02-25,US1NHMR0051,0.0
2025-02-26,US1NHMR0051,0.0
2025-02-27,US1NHMR0051,38.0
2025-02-28,US1NHMR0051,0.0
2025-03-01,US1NHMR0051,13.0
2025-03-02,US1NHMR0051,0.0
2025-03-03,US1NHMR0051,0.0
2025-03-04,US1NHMR0051,0.0
2025-03-05,US1NHMR0051,0.0
2025-03-07,US1NHMR0051,0.0
2025-03-08,US1NHMR0051,0.0
2025-03-09,US1NHMR0051,0.0
2025-03-10,US1NHMR0051,0.0
2025-03-11,US1NHMR0051,0.0
2025-03-12,US1NHMR0051,0.0
2025-03-13,US1NHMR0051,0.0
2025-03-14,US1NHMR0051,0.0
2025-03-15,US1NHMR0051,0.0
2025-03-19,US1NHMR0051,0.0
2025-03-24,US1NHMR0051,0.0
2025-03-25,US1NHMR0051,38.0
2025-02-01,US1NHMR0055,81.0
2025-02-02,US1NHMR0055,0.0
2025-02-03,US1NHMR0055,33.0
2025-02-04,US1NHMR0055,0.0
2025-02-05,US1NHMR0055,0.0
2025-02-06,US1NHMR0055,0.0
2025-02-07,US1NHMR0055,84.0
2025-02-08,US1NHMR0055,0.0
2025-02-09,US1NHMR0055,201.0
2025-02-10,US1NHMR0055,0.0
2025-02-11,US1NHMR0055,0.0
2025-02-12,US1NHMR0055,0.0
2025-02-13,US1NHMR0055,25.0
2025-02-14,US1NHMR0055,10.0
2025-02-15,US1NHMR0055,0.0
2025-02-16,US1NHMR0055,102.0
2025-02-17,US1NHMR0055,79.0
2025-02-18,US1NHMR0055,0.0
2025-02-19,US1NHMR0055,0.0
2025-02-20,US1NHMR0055,0.0
2025-02-21,US1NHMR0055,0.0
2025-02-22,US1NHMR0055,0.0
2025-02-23,US1NHMR0055,0.0
2025-02-24,US1NHMR0055,0.0
2025-02-25,US1NHMR0055,0.0
2025-02-26,US1NHMR0055,0.0
2025-02-27,US1NHMR0055,3.0
2025-02-28,US1NHMR0055,51.0
2025-03-01,US1NHMR0055,0.0
2025-03-02,US1NHMR0055,0.0
2025-03-03,US1NHMR0055,0.0
2025-03-04,US1NHMR0055,0.0
2025-03-05,US1NHMR0055,0.0
2025-03-06,US1NHMR0055,0.0
2025-03-07,US1NHMR0055,0.0
2025-03-08,US1NHMR0055,0.0
2025-03-09,US1NHMR0055,0.0
2025-03-10,US1NHMR0055,0.0
2025-03-11,US1NHMR0055,0.0
2025-03-12,US1NHMR0055,0.0
2025-03-13,US1NHMR0055,0.0
2025-03-14,US1NHMR0055,0.0
2025-03-15,US1NHMR0055,0.0
2025-03-16,US1NHMR0055,0.0
2025-03-17,US1NHMR0055,0.0
2025-03-18,US1NHMR0055,0.0
2025-03-19,US1NHMR0055,0.0
2025-03-20,US1NHMR0055,0.0
2025-03-21,US1NHMR0055,0.0
2025-03-22,US1NHMR0055,0.0
2025-03-23,US1NHMR0055,0.0
2025-03-24,US1NHMR0055,0.0
2025-03-25,US1NHMR0055,25.0
2025-02-01,US1NHMR0060,61.0
2025-02-02,US1NHMR0060,0.0
2025-02-03,US1NHMR0060,41.0
2025-02-05,US1NHMR0060,0.0
2025-02-06,US1NHMR0060,0.0
2025-02-07,US1NHMR0060,104.0
2025-02-08,US1NHMR0060,0.0
2025-02-09,US1NHMR0060,185.0
2025-02-10,US1NHMR0060,0.0
2025-02-11,US1NHMR0060,0.0
2025-02-12,US1NHMR0060,0.0
2025-02-13,US1NHMR0060,66.0
2025-02-14,US1NHMR0060,15.0
2025-02-15,US1NHMR0060,0.0
2025-02-16,US1NHMR0060,99.0
2025-02-17,US1NHMR0060,97.0
2025-02-18,US1NHMR0060,0.0
2025-02-19,US1NHMR0060,0.0
2025-02-20,US1NHMR0060,0.0
2025-02-21,US1NHMR0060,0.0
2025-02-22,US1NHMR0060,0.0
2025-02-23,US1NHMR0060,0.0
2025-02-24,US1NHMR0060,0.0
2025-02-25,US1NHMR0060,0.0
2025-02-26,US1NHMR0060,0.0
2025-02-27,US1NHMR0060,25.0
2025-02-28,US1NHMR0060,64.0
2025-03-01,US1NHMR0060,33.0
2025-03-02,US1NHMR0060,0.0
2025-03-03,US1NHMR0060,0.0
2025-03-04,US1NHMR0060,0.0
2025-03-05,US1NHMR0060,0.0
2025-03-06,US1NHMR0060,0.0
2025-03-08,US1NHMR0060,0.0
2025-03-09,US1NHMR0060,0.0
2025-03-10,US1NHMR0060,0.0
2025-03-11,US1NHMR0060,0.0
2025-03-12,US1NHMR0060,0.0
2025-03-13,US1NHMR0060,0.0
2025-03-14,US1NHMR0060,0.0
2025-03-15,US1NHMR0060,0.0
2025-03-16,US1NHMR0060,0.0
2025-03-19,US1NHMR0060,0.0
2025-03-22,US1NHMR0060,0.0
2025-03-24,US1NHMR0060,0.0
2025-03-25,US1NHMR0060,58.0
2025-02-02,US1NHMR0062,0.0
2025-02-01,US1NHMR0063,51.0
2025-02-02,US1NHMR0063,0.0
2025-02-03,US1NHMR0063,30.0
2025-02-04,US1NHMR0063,0.0
2025-02-05,US1NHMR0063,0.0
2025-02-06,US1NHMR0063,0.0
2025-02-07,US1NHMR0063,84.0
2025-02-08,US1NHMR0063,3.0
2025-02-09,US1NHMR0063,180.0
2025-02-10,US1NHMR0063,3.0
2025-02-11,US1NHMR0063,0.0
2025-02-12,US1NHMR0063,0.0
2025-02-13,US1NHMR0063,43.0
2025-02-14,US1NHMR0063,23.0
2025-02-15,US1NHMR0063,0.0
2025-02-16,US1NHMR0063,84.0
2025-02-17,US1NHMR0063,79.0
2025-02-18,US1NHMR0063,0.0
2025-02-19,US1NHMR0063,0.0
2025-02-20,US1NHMR0063,0.0
2025-02-21,US1NHMR0063,0.0
2025-02-22,US1NHMR0063,0.0
2025-02-23,US1NHMR0063,0.0
2025-02-24,US1NHMR0063,0.0
2025-02-25,US1NHMR0063,0.0
2025-02-26,US1NHMR0063,0.0
2025-02-27,US1NHMR0063,23.0
2025-02-28,US1NHMR0063,69.0
2025-03-01,US1NHMR0063,33.0
2025-03-02,US1NHMR0063,0.0
2025-03-03,US1NHMR0063,0.0
2025-03-04,US1NHMR0063,0.0
2025-03-05,US1NHMR0063,0.0
2025-03-06,US1NHMR0063,0.0
2025-03-07,US1NHMR0063,0.0
2025-03-08,US1NHMR0063,0.0
2025-03-09,US1NHMR0063,0.0
2025-03-10,US1NHMR0063,0.0
2025-03-11,US1NHMR0063,0.0
2025-03-12,US1NHMR0063,0.0
2025-03-13,US1NHMR0063,0.0
2025-03-14,US1NHMR0063,0.0
2025-03-15,US1NHMR0063,0.0
2025-03-16,US1NHMR0063,0.0
2025-03-17,US1NHMR0063,0.0
2025-03-18,US1NHMR0063,0.0
2025-03-19,US1NHMR0063,0.0
2025-03-20,US1NHMR0063,0.0
2025-03-21,US1NHMR0063,0.0
2025-03-22,US1NHMR0063,0.0
2025-03-23,US1NHMR0063,0.0
2025-03-24,US1NHMR0063,0.0
2025-02-05,US1NHMR0065,0.0
2025-02-06,US1NHMR0065,0.0
2025-02-08,US1NHMR0065,0.0
2025-02-12,US1NHMR0065,0.0
2025-02-15,US1NHMR0065,0.0
2025-02-18,US1NHMR0065,0.0
2025-02-19,US1NHMR0065,0.0
2025-02-20,US1NHMR0065,0.0
2025-02-21,US1NHMR0065,0.0
2025-02-22,US1NHMR0065,0.0
2025-02-23,US1NHMR0065,0.0
2025-02-24,US1NHMR0065,0.0
2025-02-25,US1NHMR0065,0.0
2025-02-26,US1NHMR0065,0.0
2025-03-02,US1NHMR0065,0.0
2025-03-03,US1NHMR0065,0.0
2025-03-04,US1NHMR0065,0.0
2025-03-05,US1NHMR0065,0.0
2025-03-08,US1NHMR0065,0.0
2025-03-09,US1NHMR0065,0.0
2025-03-10,US1NHMR0065,0.0
2025-03-11,US1NHMR0065,0.0
2025-03-12,US1NHMR0065,0.0
2025-03-19,US1NHMR0065,0.0
2025-03-24,US1NHMR0065,0.0
2025-02-01,US1NHMR0068,76.0
2025-02-02,US1NHMR0068,0.0
2025-02-03,US1NHMR0068,28.0
2025-02-04,US1NHMR0068,0.0
2025-02-05,US1NHMR0068,0.0
2025-02-06,US1NHMR0068,0.0
2025-02-07,US1NHMR0068,81.0
2025-02-08,US1NHMR0068,5.0
2025-02-09,US1NHMR0068,165.0
2025-02-10,US1NHMR0068,0.0
2025-02-11,US1NHMR0068,0.0
2025-02-12,US1NHMR0068,0.0
2025-02-13,US1NHMR0068,33.0
2025-02-14,US1NHMR0068,15.0
2025-02-15,US1NHMR0068,0.0
2025-02-16,US1NHMR0068,86.0
2025-02-17,US1NHMR0068,86.0
2025-02-18,US1NHMR0068,0.0
2025-02-19,US1NHMR0068,0.0
2025-02-20,US1NHMR0068,0.0
2025-02-21,US1NHMR0068,0.0
2025-02-22,US1NHMR0068,0.0
2025-02-23,US1NHMR0068,0.0
2025-02-24,US1NHMR0068,0.0
2025-02-25,US1NHMR0068,0.0
2025-02-26,US1NHMR0068,0.0
2025-02-27,US1NHMR0068,10.0
2025-02-28,US1NHMR0068,43.0
2025-03-01,US1NHMR0068,3.0
2025-03-02,US1NHMR0068,0.0
2025-03-03,US1NHMR0068,0.0
2025-03-04,US1NHMR0068,0.0
2025-03-05,US1NHMR0068,0.0
2025-03-06,US1NHMR0068,0.0
2025-03-07,US1NHMR0068,0.0
2025-03-08,US1NHMR0068,0.0
2025-03-09,US1NHMR0068,0.0
2025-03-10,US1NHMR0068,0.0
2025-03-11,US1NHMR0068,0.0
2025-03-12,US1NHMR0068,0.0
2025-03-13,US1NHMR0068,0.0
2025-03-14,US1NHMR0068,0.0
2025-03-15,US1NHMR0068,0.0
2025-03-16,US1NHMR0068,0.0
2025-03-17,US1NHMR0068,0.0
2025-03-18,US1NHMR0068,0.0
2025-03-19,US1NHMR0068,0.0
2025-03-20,US1NHMR0068,0.0
2025-03-21,US1NHMR0068,0.0
2025-03-22,US1NHMR0068,0.0
2025-03-23,US1NHMR0068,0.0
2025-03-24,US1NHMR0068,0.0
2025-03-25,US1NHMR0068,25.0
2025-02-01,US1NHMR0070,89.0
2025-02-02,US1NHMR0070,0.0
2025-02-03,US1NHMR0070,38.0
2025-02-04,US1NHMR0070,0.0
2025-02-05,US1NHMR0070,0.0
2025-02-06,US1NHMR0070,0.0
2025-02-07,US1NHMR0070,104.0
2025-02-08,US1NHMR0070,0.0
2025-02-09,US1NHMR0070,132.0
2025-02-10,US1NHMR0070,56.0
2025-02-11,US1NHMR0070,0.0
2025-02-12,US1NHMR0070,0.0
2025-02-13,US1NHMR0070,28.0
2025-02-14,US1NHMR0070,33.0
2025-02-15,US1NHMR0070,0.0
2025-02-16,US1NHMR0070,79.0
2025-02-17,US1NHMR0070,89.0
2025-02-18,US1NHMR0070,0.0
2025-02-19,US1NHMR0070,0.0
2025-02-20,US1NHMR0070,0.0
2025-02-21,US1NHMR0070,0.0
2025-02-22,US1NHMR0070,0.0
2025-02-23,US1NHMR0070,0.0
2025-02-24,US1NHMR0070,0.0
2025-02-25,US1NHMR0070,0.0
2025-02-26,US1NHMR0070,0.0
2025-02-27,US1NHMR0070,0.0
2025-02-28,US1NHMR0070,117.0
2025-03-01,US1NHMR0070,33.0
2025-03-02,US1NHMR0070,0.0
2025-03-03,US1NHMR0070,0.0
2025-03-04,US1NHMR0070,0.0
2025-03-05,US1NHMR0070,0.0
2025-03-06,US1NHMR0070,0.0
2025-03-07,US1NHMR0070,0.0
2025-03-08,US1NHMR0070,0.0
2025-03-09,US1NHMR0070,0.0
2025-03-10,US1NHMR0070,0.0
2025-03-11,US1NHMR0070,0.0
2025-03-12,US1NHMR0070,0.0
2025-03-13,US1NHMR0070,0.0
2025-03-14,US1NHMR0070,0.0
2025-03-15,US1NHMR0070,0.0
2025-03-16,US1NHMR0070,0.0
2025-03-17,US1NHMR0070,0.0
2025-03-18,US1NHMR0070,0.0
2025-03-19,US1NHMR0070,0.0
2025-03-20,US1NHMR0070,0.0
2025-03-21,US1NHMR0070,0.0
2025-03-22,US1NHMR0070,0.0
2025-03-23,US1NHMR0070,0.0
2025-03-24,US1NHMR0070,0.0
2025-03-25,US1NHMR0070,109.0
2025-02-01,US1NHMR0071,86.0
2025-02-02,US1NHMR0071,0.0
2025-02-03,US1NHMR0071,36.0
2025-02-04,US1NHMR0071,0.0
2025-02-05,US1NHMR0071,0.0
2025-02-06,US1NHMR0071,0.0
2025-02-07,US1NHMR0071,76.0
2025-02-08,US1NHMR0071,5.0
2025-02-09,US1NHMR0071,165.0
2025-02-10,US1NHMR0071,15.0
2025-02-11,US1NHMR0071,0.0
2025-02-12,US1NHMR0071,0.0
2025-02-13,US1NHMR0071,18.0
2025-02-14,US1NHMR0071,0.0
2025-02-15,US1NHMR0071,0.0
2025-02-16,US1NHMR0071,79.0
2025-02-17,US1NHMR0071,132.0
2025-02-18,US1NHMR0071,0.0
2025-02-19,US1NHMR0071,0.0
2025-02-20,US1NHMR0071,0.0
2025-02-21,US1NHMR0071,0.0
2025-02-22,US1NHMR0071,0.0
2025-02-23,US1NHMR0071,0.0
2025-02-24,US1NHMR0071,0.0
2025-02-25,US1NHMR0071,0.0
2025-02-26,US1NHMR0071,0.0
2025-02-27,US1NHMR0071,3.0
2025-02-28,US1NHMR0071,51.0
2025-03-01,US1NHMR0071,0.0
2025-03-02,US1NHMR0071,0.0
2025-03-04,US1NHMR0071,0.0
2025-03-05,US1NHMR0071,0.0
2025-03-06,US1NHMR0071,0.0
2025-03-07,US1NHMR0071,0.0
2025-03-08,US1NHMR0071,0.0
2025-03-09,US1NHMR0071,0.0
2025-03-10,US1NHMR0071,0.0
2025-03-11,US1NHMR0071,0.0
2025-03-12,US1NHMR0071,0.0
2025-03-13,US1NHMR0071,0.0
2025-03-14,US1NHMR0071,0.0
2025-03-15,US1NHMR0071,0.0
2025-03-16,US1NHMR0071,0.0
2025-03-17,US1NHMR0071,0.0
2025-03-18,US1NHMR0071,0.0
2025-03-19,US1NHMR0071,0.0
2025-03-20,US1NHMR0071,0.0
2025-03-21,US1NHMR0071,0.0
2025-03-22,US1NHMR0071,0.0
2025-03-23,US1NHMR0071,0.0
2025-03-24,US1NHMR0071,0.0
2025-03-25,US1NHMR0071,13.0
2025-02-01,US1NHMR0072,61.0
2025-02-02,US1NHMR0072,0.0
2025-02-03,US1NHMR0072,46.0
2025-02-04,US1NHMR0072,0.0
2025-02-05,US1NHMR0072,0.0
2025-02-06,US1NHMR0072,0.0
2025-02-07,US1NHMR0072,114.0
2025-02-08,US1NHMR0072,0.0
2025-02-09,US1NHMR0072,198.0
2025-02-10,US1NHMR0072,3.0
2025-02-11,US1NHMR0072,0.0
2025-02-12,US1NHMR0072,0.0
2025-02-13,US1NHMR0072,58.0
2025-02-14,US1NHMR0072,0.0
2025-02-15,US1NHMR0072,0.0
2025-02-16,US1NHMR0072,107.0
2025-02-17,US1NHMR0072,208.0
2025-02-18,US1NHMR0072,0.0
2025-02-19,US1NHMR0072,0.0
2025-02-20,US1NHMR0072,0.0
2025-02-21,US1NHMR0072,0.0
2025-02-22,US1NHMR0072,0.0
2025-02-23,US1NHMR0072,0.0
2025-02-24,US1NHMR0072,0.0
2025-02-25,US1NHMR0072,0.0
2025-02-26,US1NHMR0072,0.0
2025-02-27,US1NHMR0072,25.0
2025-02-28,US1NHMR0072,102.0
2025-03-01,US1NHMR0072,33.0
2025-03-02,US1NHMR0072,0.0
2025-03-03,US1NHMR0072,0.0
2025-03-04,US1NHMR0072,0.0
2025-03-05,US1NHMR0072,0.0
2025-03-06,US1NHMR0072,0.0
2025-03-07,US1NHMR0072,0.0
2025-03-08,US1NHMR0072,0.0
2025-03-09,US1NHMR0072,0.0
2025-03-10,US1NHMR0072,0.0
2025-03-11,US1NHMR0072,0.0
2025-03-12,US1NHMR0072,0.0
2025-03-13,US1NHMR0072,0.0
2025-03-14,US1NHMR0072,0.0
2025-03-15,US1NHMR0072,0.0
2025-03-16,US1NHMR0072,0.0
2025-03-17,US1NHMR0072,0.0
2025-03-18,US1NHMR0072,0.0
2025-03-19,US1NHMR0072,0.0
2025-03-20,US1NHMR0072,0.0
2025-03-21,US1NHMR0072,0.0
2025-03-25,US1NHMR0072,71.0
2025-02-01,US1NHMR0074,102.0
2025-02-02,US1NHMR0074,0.0
2025-02-03,US1NHMR0074,30.0
2025-02-04,US1NHMR0074,0.0
2025-02-05,US1NHMR0074,0.0
2025-02-06,US1NHMR0074,0.0
2025-02-07,US1NHMR0074,107.0
2025-02-08,US1NHMR0074,0.0
2025-02-09,US1NHMR0074,188.0
2025-02-10,US1NHMR0074,0.0
2025-02-11,US1NHMR0074,0.0
2025-02-12,US1NHMR0074,0.0
2025-02-13,US1NHMR0074,15.0
2025-02-14,US1NHMR0074,0.0
2025-02-15,US1NHMR0074,0.0
2025-02-16,US1NHMR0074,99.0
2025-02-17,US1NHMR0074,130.0
2025-02-18,US1NHMR0074,0.0
2025-02-19,US1NHMR0074,0.0
2025-02-20,US1NHMR0074,0.0
2025-02-21,US1NHMR0074,0.0
2025-02-22,US1NHMR0074,0.0
2025-02-23,US1NHMR0074,0.0
2025-02-24,US1NHMR0074,0.0
2025-02-25,US1NHMR0074,0.0
2025-02-26,US1NHMR0074,0.0
2025-02-27,US1NHMR0074,0.0
2025-02-28,US1NHMR0074,46.0
2025-03-01,US1NHMR0074,0.0
2025-03-02,US1NHMR0074,0.0
2025-03-03,US1NHMR0074,0.0
2025-03-04,US1NHMR0074,0.0
2025-03-05,US1NHMR0074,0.0
2025-03-08,US1NHMR0074,0.0
2025-03-09,US1NHMR0074,0.0
2025-03-10,US1NHMR0074,0.0
2025-03-11,US1NHMR0074,0.0
2025-03-12,US1NHMR0074,0.0
2025-03-13,US1NHMR0074,0.0
2025-03-14,US1NHMR0074,0.0
2025-03-15,US1NHMR0074,0.0
2025-03-19,US1NHMR0074,0.0
2025-03-24,US1NHMR0074,0.0
2025-02-03,US1NHMR0076,36.0
2025-02-04,US1NHMR0076,0.0
2025-02-05,US1NHMR0076,0.0
2025-02-06,US1NHMR0076,0.0
2025-02-07,US1NHMR0076,64.0
2025-02-09,US1NHMR0076,178.0
2025-02-10,US1NHMR0076,0.0
2025-02-11,US1NHMR0076,0.0
2025-02-12,US1NHMR0076,0.0
2025-02-13,US1NHMR0076,28.0
2025-02-14,US1NHMR0076,0.0
2025-02-15,US1NHMR0076,0.0
2025-02-19,US1NHMR0076,0.0
2025-02-20,US1NHMR0076,0.0
2025-02-21,US1NHMR0076,0.0
2025-02-24,US1NHMR0076,0.0
2025-02-25,US1NHMR0076,0.0
2025-02-26,US1NHMR0076,0.0
2025-03-01,US1NHMR0076,0.0
2025-03-03,US1NHMR0076,0.0
2025-03-04,US1NHMR0076,0.0
2025-03-05,US1NHMR0076,0.0
2025-03-06,US1NHMR0076,0.0
2025-03-07,US1NHMR0076,0.0
2025-03-08,US1NHMR0076,0.0
2025-03-09,US1NHMR0076,0.0
2025-03-10,US1NHMR0076,0.0
2025-03-11,US1NHMR0076,0.0
2025-03-12,US1NHMR0076,0.0
2025-03-13,US1NHMR0076,0.0
2025-03-14,US1NHMR0076,0.0
2025-03-15,US1NHMR0076,0.0
2025-03-19,US1NHMR0076,0.0
2025-03-24,US1NHMR0076,0.0
2025-02-01,US1NHMR0077,97.0
2025-02-02,US1NHMR0077,0.0
2025-02-03,US1NHMR0077,43.0
2025-02-05,US1NHMR0077,0.0
2025-02-06,US1NHMR0077,0.0
2025-02-07,US1NHMR0077,76.0
2025-02-08,US1NHMR0077,0.0
2025-02-12,US1NHMR0077,0.0
2025-02-13,US1NHMR0077,51.0
2025-02-14,US1NHMR0077,13.0
2025-02-15,US1NHMR0077,0.0
2025-02-16,US1NHMR0077,102.0
2025-02-17,US1NHMR0077,127.0
2025-02-18,US1NHMR0077,0.0
2025-02-19,US1NHMR0077,0.0
2025-02-20,US1NHMR0077,0.0
2025-02-21,US1NHMR0077,0.0
2025-02-22,US1NHMR0077,0.0
2025-02-23,US1NHMR0077,0.0
2025-02-24,US1NHMR0077,0.0
2025-02-25,US1NHMR0077,0.0
2025-02-26,US1NHMR0077,0.0
2025-02-27,US1NHMR0077,0.0
2025-02-28,US1NHMR0077,25.0
2025-03-03,US1NHMR0077,0.0
2025-03-04,US1NHMR0077,0.0
2025-03-05,US1NHMR0077,0.0
2025-03-07,US1NHMR0077,0.0
2025-03-08,US1NHMR0077,0.0
2025-03-09,US1NHMR0077,0.0
2025-03-10,US1NHMR0077,0.0
2025-03-11,US1NHMR0077,0.0
2025-03-12,US1NHMR0077,0.0
2025-03-13,US1NHMR0077,0.0
2025-03-14,US1NHMR0077,0.0
2025-03-15,US1NHMR0077,0.0
2025-03-16,US1NHMR0077,0.0
2025-03-19,US1NHMR0077,0.0
2025-03-24,US1NHMR0077,0.0
2025-03-25,US1NHMR0077,10.0
2025-02-01,US1NHMR0080,64.0
2025-02-02,US1NHMR0080,0.0
2025-02-03,US1NHMR0080,38.0
2025-02-04,US1NHMR0080,0.0
2025-02-05,US1NHMR0080,0.0
2025-02-06,US1NHMR0080,0.0
2025-02-07,US1NHMR0080,94.0
2025-02-08,US1NHMR0080,0.0
2025-02-09,US1NHMR0080,203.0
2025-02-10,US1NHMR0080,0.0
2025-02-11,US1NHMR0080,0.0
2025-02-12,US1NHMR0080,0.0
2025-02-13,US1NHMR0080,33.0
2025-02-14,US1NHMR0080,8.0
2025-02-15,US1NHMR0080,0.0
2025-02-16,US1NHMR0080,91.0
2025-02-17,US1NHMR0080,99.0
2025-02-18,US1NHMR0080,0.0
2025-02-19,US1NHMR0080,0.0
2025-02-20,US1NHMR0080,0.0
2025-02-21,US1NHMR0080,0.0
2025-02-22,US1NHMR0080,0.0
2025-02-23,US1NHMR0080,0.0
2025-02-24,US1NHMR0080,0.0
2025-02-25,US1NHMR0080,0.0
2025-02-26,US1NHMR0080,0.0
2025-02-27,US1NHMR0080,18.0
2025-02-28,US1NHMR0080,48.0
2025-03-01,US1NHMR0080,30.0
2025-03-02,US1NHMR0080,0.0
2025-03-03,US1NHMR0080,0.0
2025-03-04,US1NHMR0080,0.0
2025-03-05,US1NHMR0080,0.0
2025-03-06,US1NHMR0080,0.0
2025-03-07,US1NHMR0080,0.0
2025-03-08,US1NHMR0080,0.0
2025-03-09,US1NHMR0080,0.0
2025-03-10,US1NHMR0080,0.0
2025-03-11,US1NHMR0080,0.0
2025-03-12,US1NHMR0080,0.0
2025-03-13,US1NHMR0080,0.0
2025-03-14,US1NHMR0080,0.0
2025-03-15,US1NHMR0080,0.0
2025-03-16,US1NHMR0080,0.0
2025-03-17,US1NHMR0080,0.0
2025-03-18,US1NHMR0080,0.0
2025-03-19,US1NHMR0080,0.0
2025-03-20,US1NHMR0080,0.0
2025-03-21,US1NHMR0080,0.0
2025-03-22,US1NHMR0080,0.0
2025-03-23,US1NHMR0080,0.0
2025-03-24,US1NHMR0080,0.0
2025-03-25,US1NHMR0080,66.0
2025-02-01,US1NHMR0082,76.0
2025-02-02,US1NHMR0082,0.0
2025-02-03,US1NHMR0082,33.0
2025-02-05,US1NHMR0082,0.0
2025-02-06,US1NHMR0082,0.0
2025-02-07,US1NHMR0082,76.0
2025-02-08,US1NHMR0082,0.0
2025-02-09,US1NHMR0082,170.0
2025-02-10,US1NHMR0082,5.0
2025-02-11,US1NHMR0082,0.0
2025-02-12,US1NHMR0082,0.0
2025-02-13,US1NHMR0082,46.0
2025-02-14,US1NHMR0082,10.0
2025-02-15,US1NHMR0082,0.0
2025-02-16,US1NHMR0082,97.0
2025-02-17,US1NHMR0082,71.0
2025-02-18,US1NHMR0082,0.0
2025-02-19,US1NHMR0082,0.0
2025-02-20,US1NHMR0082,0.0
2025-02-21,US1NHMR0082,0.0
2025-02-22,US1NHMR0082,0.0
2025-02-23,US1NHMR0082,0.0
2025-02-24,US1NHMR0082,0.0
2025-02-25,US1NHMR0082,0.0
2025-02-27,US1NHMR0082,20.0
2025-02-28,US1NHMR0082,28.0
2025-03-01,US1NHMR0082,8.0
2025-03-02,US1NHMR0082,0.0
2025-03-03,US1NHMR0082,0.0
2025-03-04,US1NHMR0082,0.0
2025-03-05,US1NHMR0082,0.0
2025-03-07,US1NHMR0082,0.0
2025-03-08,US1NHMR0082,0.0
2025-03-09,US1NHMR0082,0.0
2025-03-10,US1NHMR0082,0.0
2025-03-11,US1NHMR0082,0.0
2025-03-12,US1NHMR0082,0.0
2025-03-13,US1NHMR0082,0.0
2025-03-14,US1NHMR0082,0.0
2025-03-15,US1NHMR0082,0.0
2025-03-19,US1NHMR0082,0.0
2025-02-01,US1NHRC0024,48.0
2025-02-02,US1NHRC0024,15.0
2025-02-03,US1NHRC0024,58.0
2025-02-04,US1NHRC0024,0.0
2025-02-05,US1NHRC0024,0.0
2025-02-06,US1NHRC0024,0.0
2025-02-07,US1NHRC0024,76.0
2025-02-08,US1NHRC0024,0.0
2025-02-09,US1NHRC0024,178.0
2025-02-10,US1NHRC0024,0.0
2025-02-11,US1NHRC0024,0.0
2025-02-12,US1NHRC0024,0.0
2025-02-13,US1NHRC0024,20.0
2025-02-15,US1NHRC0024,0.0
2025-02-16,US1NHRC0024,137.0
2025-02-17,US1NHRC0024,69.0
2025-02-18,US1NHRC0024,0.0
2025-02-19,US1NHRC0024,0.0
2025-02-20,US1NHRC0024,0.0
2025-02-21,US1NHRC0024,0.0
2025-02-22,US1NHRC0024,0.0
2025-02-23,US1NHRC0024,0.0
2025-02-24,US1NHRC0024,0.0
2025-02-25,US1NHRC0024,0.0
2025-02-27,US1NHRC0024,0.0
2025-03-01,US1NHRC0024,0.0
2025-03-02,US1NHRC0024,0.0
2025-03-03,US1NHRC0024,0.0
2025-03-04,US1NHRC0024,0.0
2025-03-05,US1NHRC0024,0.0
2025-03-08,US1NHRC0024,0.0
2025-03-09,US1NHRC0024,0.0
2025-03-10,US1NHRC0024,0.0
2025-03-11,US1NHRC0024,0.0
2025-03-12,US1NHRC0024,0.0
2025-03-13,US1NHRC0024,0.0
2025-03-14,US1NHRC0024,0.0
2025-03-15,US1NHRC0024,0.0
2025-03-16,US1NHRC0024,0.0
2025-03-19,US1NHRC0024,0.0
2025-03-24,US1NHRC0024,0.0
2025-02-13,US1NHRC0033,33.0
2025-03-07,US1NHRC0033,0.0
2025-03-08,US1NHRC0033,0.0
2025-03-09,US1NHRC0033,0.0
2025-03-10,US1NHRC0033,0.0
2025-03-11,US1NHRC0033,0.0
2025-03-12,US1NHRC0033,0.0
2025-03-13,US1NHRC0033,0.0
2025-03-14,US1NHRC0033,0.0
2025-03-15,US1NHRC0033,0.0
2025-03-16,US1NHRC0033,0.0
2025-02-01,US1NHRC0048,91.0
2025-02-02,US1NHRC0048,33.0
2025-02-03,US1NHRC0048,51.0
2025-02-04,US1NHRC0048,0.0
2025-02-05,US1NHRC0048,0.0
2025-02-06,US1NHRC0048,0.0
2025-02-07,US1NHRC0048,76.0
2025-02-08,US1NHRC0048,0.0
2025-02-09,US1NHRC0048,191.0
2025-02-10,US1NHRC0048,25.0
2025-02-11,US1NHRC0048,0.0
2025-02-12,US1NHRC0048,0.0
2025-02-13,US1NHRC0048,33.0
2025-02-15,US1NHRC0048,0.0
2025-02-16,US1NHRC0048,89.0
2025-02-17,US1NHRC0048,89.0
2025-02-18,US1NHRC0048,0.0
2025-02-19,US1NHRC0048,0.0
2025-02-20,US1NHRC0048,0.0
2025-02-21,US1NHRC0048,0.0
2025-02-22,US1NHRC0048,0.0
2025-02-23,US1NHRC0048,0.0
2025-02-24,US1NHRC0048,0.0
2025-02-25,US1NHRC0048,0.0
2025-02-27,US1NHRC0048,0.0
2025-02-28,US1NHRC0048,36.0
2025-03-01,US1NHRC0048,0.0
2025-03-03,US1NHRC0048,0.0
2025-03-04,US1NHRC0048,0.0
2025-03-05,US1NHRC0048,0.0
2025-03-08,US1NHRC0048,0.0
2025-03-09,US1NHRC0048,0.0
2025-03-10,US1NHRC0048,0.0
2025-03-11,US1NHRC0048,0.0
2025-03-12,US1NHRC0048,0.0
2025-03-13,US1NHRC0048,0.0
2025-03-14,US1NHRC0048,0.0
2025-03-15,US1NHRC0048,0.0
2025-03-16,US1NHRC0048,0.0
2025-03-19,US1NHRC0048,0.0
2025-03-23,US1NHRC0048,0.0
2025-03-24,US1NHRC0048,0.0
2025-03-25,US1NHRC0048,13.0
2025-02-01,US1NHRC0060,64.0
2025-02-02,US1NHRC0060,0.0
2025-02-03,US1NHRC0060,64.0
2025-02-04,US1NHRC0060,0.0
2025-02-05,US1NHRC0060,0.0
2025-02-06,US1NHRC0060,0.0
2025-02-07,US1NHRC0060,89.0
2025-02-08,US1NHRC0060,0.0
2025-02-09,US1NHRC0060,203.0
2025-02-10,US1NHRC0060,0.0
2025-02-11,US1NHRC0060,0.0
2025-02-12,US1NHRC0060,0.0
2025-02-13,US1NHRC0060,64.0
2025-02-14,US1NHRC0060,0.0
2025-02-15,US1NHRC0060,0.0
2025-02-16,US1NHRC0060,114.0
2025-02-17,US1NHRC0060,127.0
2025-02-18,US1NHRC0060,0.0
2025-02-19,US1NHRC0060,0.0
2025-02-20,US1NHRC0060,0.0
2025-02-21,US1NHRC0060,0.0
2025-02-22,US1NHRC0060,0.0
2025-02-24,US1NHRC0060,0.0
2025-02-25,US1NHRC0060,0.0
2025-02-26,US1NHRC0060,0.0
2025-02-27,US1NHRC0060,38.0
2025-03-01,US1NHRC0060,0.0
2025-03-02,US1NHRC0060,0.0
2025-03-03,US1NHRC0060,0.0
2025-03-04,US1NHRC0060,0.0
2025-03-05,US1NHRC0060,0.0
2025-03-07,US1NHRC0060,0.0
2025-03-08,US1NHRC0060,0.0
2025-03-09,US1NHRC0060,0.0
2025-03-10,US1NHRC0060,0.0
2025-03-11,US1NHRC0060,0.0
2025-03-12,US1NHRC0060,0.0
2025-03-13,US1NHRC0060,0.0
2025-03-14,US1NHRC0060,0.0
2025-03-15,US1NHRC0060,0.0
2025-03-16,US1NHRC0060,0.0
2025-03-19,US1NHRC0060,0.0
2025-03-20,US1NHRC0060,0.0
2025-03-04,US1NHRC0065,0.0
2025-02-01,US1NHRC0072,53.0
2025-02-02,US1NHRC0072,8.0
2025-02-03,US1NHRC0072,41.0
2025-02-07,US1NHRC0072,74.0
2025-02-09,US1NHRC0072,178.0
2025-02-10,US1NHRC0072,5.0
2025-02-13,US1NHRC0072,61.0
2025-02-14,US1NHRC0072,3.0
2025-02-16,US1NHRC0072,117.0
2025-02-17,US1NHRC0072,119.0
2025-02-28,US1NHRC0072,15.0
2025-02-01,US1NHRC0079,74.0
2025-02-02,US1NHRC0079,13.0
2025-02-03,US1NHRC0079,53.0
2025-02-04,US1NHRC0079,0.0
2025-02-05,US1NHRC0079,0.0
2025-02-06,US1NHRC0079,0.0
2025-02-07,US1NHRC0079,84.0
2025-02-08,US1NHRC0079,0.0
2025-02-09,US1NHRC0079,198.0
2025-02-10,US1NHRC0079,0.0
2025-02-11,US1NHRC0079,0.0
2025-02-12,US1NHRC0079,0.0
2025-02-13,US1NHRC0079,28.0
2025-02-14,US1NHRC0079,0.0
2025-02-15,US1NHRC0079,0.0
2025-02-16,US1NHRC0079,127.0
2025-02-17,US1NHRC0079,130.0
2025-02-18,US1NHRC0079,0.0
2025-02-19,US1NHRC0079,0.0
2025-02-20,US1NHRC0079,0.0
2025-02-21,US1NHRC0079,0.0
2025-02-22,US1NHRC0079,0.0
2025-02-23,US1NHRC0079,0.0
2025-02-24,US1NHRC0079,0.0
2025-02-25,US1NHRC0079,0.0
2025-02-26,US1NHRC0079,0.0
2025-02-27,US1NHRC0079,8.0
2025-02-28,US1NHRC0079,13.0
2025-03-01,US1NHRC0079,0.0
2025-03-02,US1NHRC0079,0.0
2025-03-03,US1NHRC0079,0.0
2025-03-04,US1NHRC0079,0.0
2025-03-05,US1NHRC0079,0.0
2025-03-06,US1NHRC0079,0.0
2025-03-07,US1NHRC0079,0.0
2025-03-08,US1NHRC0079,0.0
2025-03-09,US1NHRC0079,0.0
2025-03-10,US1NHRC0079,0.0
2025-03-11,US1NHRC0079,0.0
2025-03-12,US1NHRC0079,0.0
2025-03-13,US1NHRC0079,0.0
2025-03-14,US1NHRC0079,0.0
2025-03-15,US1NHRC0079,0.0
2025-03-16,US1NHRC0079,0.0
2025-03-17,US1NHRC0079,0.0
2025-03-18,US1NHRC0079,0.0
2025-03-19,US1NHRC0079,0.0
2025-03-20,US1NHRC0079,0.0
2025-03-21,US1NHRC0079,0.0
2025-03-22,US1NHRC0079,0.0
2025-03-23,US1NHRC0079,0.0
2025-03-24,US1NHRC0079,0.0
2025-03-25,US1NHRC0079,0.0
2025-02-01,US1NHRC0083,71.0
2025-02-03,US1NHRC0083,81.0
2025-02-06,US1NHRC0083,64.0
2025-02-09,US1NHRC0083,218.0
2025-02-16,US1NHRC0083,137.0
2025-03-23,US1NHRC0084,0.0
2025-03-19,US1NHRC0089,0.0
2025-03-24,US1NHRC0089,0.0
2025-02-09,US1NHRC0094,160.0
2025-03-03,US1NHRC0095,0.0
2025-03-04,US1NHRC0095,0.0
2025-03-08,US1NHRC0095,0.0
2025-03-24,US1NHRC0095,0.0
2025-02-01,US1NHRC0097,51.0
2025-02-02,US1NHRC0097,0.0
2025-02-03,US1NHRC0097,46.0
2025-02-04,US1NHRC0097,0.0
2025-02-05,US1NHRC0097,0.0
2025-02-06,US1NHRC0097,0.0
2025-02-07,US1NHRC0097,76.0
2025-02-08,US1NHRC0097,0.0
2025-02-09,US1NHRC0097,191.0
2025-02-10,US1NHRC0097,0.0
2025-02-11,US1NHRC0097,0.0
2025-02-12,US1NHRC0097,0.0
2025-02-13,US1NHRC0097,0.0
2025-02-14,US1NHRC0097,51.0
2025-02-15,US1NHRC0097,0.0
2025-02-16,US1NHRC0097,165.0
2025-02-17,US1NHRC0097,76.0
2025-02-18,US1NHRC0097,0.0
2025-02-19,US1NHRC0097,0.0
2025-02-20,US1NHRC0097,0.0
2025-02-21,US1NHRC0097,0.0
2025-02-22,US1NHRC0097,0.0
2025-02-23,US1NHRC0097,0.0
2025-02-24,US1NHRC0097,0.0
2025-02-25,US1NHRC0097,0.0
2025-02-26,US1NHRC0097,0.0
2025-02-27,US1NHRC0097,0.0
2025-02-28,US1NHRC0097,0.0
2025-03-01,US1NHRC0097,0.0
2025-03-02,US1NHRC0097,0.0
2025-03-03,US1NHRC0097,0.0
2025-03-04,US1NHRC0097,0.0
2025-03-05,US1NHRC0097,0.0
2025-03-07,US1NHRC0097,0.0
2025-02-01,US1NHRC0098,56.0
2025-02-02,US1NHRC0098,8.0
2025-02-03,US1NHRC0098,41.0
2025-02-04,US1NHRC0098,0.0
2025-02-05,US1NHRC0098,0.0
2025-02-06,US1NHRC0098,0.0
2025-02-07,US1NHRC0098,56.0
2025-02-08,US1NHRC0098,0.0
2025-02-09,US1NHRC0098,137.0
2025-02-10,US1NHRC0098,23.0
2025-02-11,US1NHRC0098,0.0
2025-02-12,US1NHRC0098,0.0
2025-02-13,US1NHRC0098,33.0
2025-02-14,US1NHRC0098,0.0
2025-02-15,US1NHRC0098,0.0
2025-02-16,US1NHRC0098,117.0
2025-02-17,US1NHRC0098,48.0
2025-02-18,US1NHRC0098,0.0
2025-02-19,US1NHRC0098,0.0
2025-02-20,US1NHRC0098,0.0
2025-02-21,US1NHRC0098,0.0
2025-02-22,US1NHRC0098,0.0
2025-02-23,US1NHRC0098,0.0
2025-02-24,US1NHRC0098,0.0
2025-02-25,US1NHRC0098,0.0
2025-02-26,US1NHRC0098,0.0
2025-02-27,US1NHRC0098,5.0
2025-02-28,US1NHRC0098,0.0
2025-03-01,US1NHRC0098,0.0
2025-03-02,US1NHRC0098,0.0
2025-03-03,US1NHRC0098,0.0
2025-03-04,US1NHRC0098,0.0
2025-03-05,US1NHRC0098,0.0
2025-03-06,US1NHRC0098,0.0
2025-03-07,US1NHRC0098,0.0
2025-03-08,US1NHRC0098,0.0
2025-03-09,US1NHRC0098,0.0
2025-03-10,US1NHRC0098,0.0
2025-03-11,US1NHRC0098,0.0
2025-03-12,US1NHRC0098,0.0
2025-03-13,US1NHRC0098,0.0
2025-03-14,US1NHRC0098,0.0
2025-03-15,US1NHRC0098,0.0
2025-03-16,US1NHRC0098,0.0
2025-03-17,US1NHRC0098,0.0
2025-03-18,US1NHRC0098,0.0
2025-03-19,US1NHRC0098,0.0
2025-03-20,US1NHRC0098,0.0
2025-03-21,US1NHRC0098,0.0
2025-03-22,US1NHRC0098,0.0
2025-03-23,US1NHRC0098,0.0
2025-03-24,US1NHRC0098,0.0
2025-03-25,US1NHRC0098,0.0
2025-02-01,US1NHRC0099,38.0
2025-02-02,US1NHRC0099,0.0
2025-02-03,US1NHRC0099,51.0
2025-02-05,US1NHRC0099,0.0
2025-02-06,US1NHRC0099,0.0
2025-02-07,US1NHRC0099,89.0
2025-02-09,US1NHRC0099,178.0
2025-02-10,US1NHRC0099,0.0
2025-02-12,US1NHRC0099,0.0
2025-02-13,US1NHRC0099,0.0
2025-02-15,US1NHRC0099,0.0
2025-02-18,US1NHRC0099,0.0
2025-02-19,US1NHRC0099,0.0
2025-02-20,US1NHRC0099,0.0
2025-02-21,US1NHRC0099,0.0
2025-02-22,US1NHRC0099,0.0
2025-02-23,US1NHRC0099,0.0
2025-02-24,US1NHRC0099,0.0
2025-02-25,US1NHRC0099,0.0
2025-02-26,US1NHRC0099,0.0
2025-03-08,US1NHRC0099,0.0
2025-03-09,US1NHRC0099,0.0
2025-03-10,US1NHRC0099,0.0
2025-03-11,US1NHRC0099,0.0
2025-03-12,US1NHRC0099,0.0
2025-03-13,US1NHRC0099,0.0
2025-03-15,US1NHRC0099,0.0
2025-03-19,US1NHRC0099,0.0
2025-03-23,US1NHRC0099,0.0
2025-03-24,US1NHRC0099,0.0
2025-02-01,US1NHRC0101,84.0
2025-02-02,US1NHRC0101,0.0
2025-02-03,US1NHRC0101,53.0
2025-02-04,US1NHRC0101,0.0
2025-02-05,US1NHRC0101,0.0
2025-02-06,US1NHRC0101,0.0
2025-02-07,US1NHRC0101,89.0
2025-02-08,US1NHRC0101,0.0
2025-02-09,US1NHRC0101,193.0
2025-02-10,US1NHRC0101,0.0
2025-02-11,US1NHRC0101,0.0
2025-02-12,US1NHRC0101,0.0
2025-02-13,US1NHRC0101,23.0
2025-02-14,US1NHRC0101,0.0
2025-02-15,US1NHRC0101,0.0
2025-02-16,US1NHRC0101,142.0
2025-02-17,US1NHRC0101,107.0
2025-02-18,US1NHRC0101,0.0
2025-02-19,US1NHRC0101,0.0
2025-02-20,US1NHRC0101,0.0
2025-02-21,US1NHRC0101,0.0
2025-02-22,US1NHRC0101,0.0
2025-02-23,US1NHRC0101,0.0
2025-02-24,US1NHRC0101,0.0
2025-02-25,US1NHRC0101,0.0
2025-02-26,US1NHRC0101,0.0
2025-02-27,US1NHRC0101,10.0
2025-02-28,US1NHRC0101,13.0
2025-03-01,US1NHRC0101,0.0
2025-03-02,US1NHRC0101,0.0
2025-03-03,US1NHRC0101,0.0
2025-03-04,US1NHRC0101,0.0
2025-03-05,US1NHRC0101,0.0
2025-03-06,US1NHRC0101,0.0
2025-03-07,US1NHRC0101,0.0
2025-03-08,US1NHRC0101,0.0
2025-03-09,US1NHRC0101,0.0
2025-03-10,US1NHRC0101,0.0
2025-03-11,US1NHRC0101,0.0
2025-03-12,US1NHRC0101,0.0
2025-03-13,US1NHRC0101,0.0
2025-03-14,US1NHRC0101,0.0
2025-03-15,US1NHRC0101,0.0
2025-03-16,US1NHRC0101,0.0
2025-03-17,US1NHRC0101,0.0
2025-03-18,US1NHRC0101,0.0
2025-03-19,US1NHRC0101,0.0
2025-03-20,US1NHRC0101,0.0
2025-03-21,US1NHRC0101,0.0
2025-03-22,US1NHRC0101,0.0
2025-03-23,US1NHRC0101,0.0
2025-03-24,US1NHRC0101,0.0
2025-03-25,US1NHRC0101,0.0
2025-02-01,US1NHSL0003,51.0
2025-02-02,US1NHSL0003,0.0
2025-02-03,US1NHSL0003,0.0
2025-02-04,US1NHSL0003,76.0
2025-02-05,US1NHSL0003,0.0
2025-02-06,US1NHSL0003,0.0
2025-02-07,US1NHSL0003,152.0
2025-02-08,US1NHSL0003,0.0
2025-02-09,US1NHSL0003,254.0
2025-02-10,US1NHSL0003,25.0
2025-02-11,US1NHSL0003,0.0
2025-02-12,US1NHSL0003,0.0
2025-02-13,US1NHSL0003,76.0
2025-02-14,US1NHSL0003,102.0
2025-02-15,US1NHSL0003,0.0
2025-02-16,US1NHSL0003,102.0
2025-02-17,US1NHSL0003,102.0
2025-02-18,US1NHSL0003,0.0
2025-02-19,US1NHSL0003,0.0
2025-02-20,US1NHSL0003,0.0
2025-02-21,US1NHSL0003,0.0
2025-02-22,US1NHSL0003,0.0
2025-02-23,US1NHSL0003,0.0
2025-02-24,US1NHSL0003,0.0
2025-02-26,US1NHSL0003,0.0
2025-02-27,US1NHSL0003,76.0
2025-02-28,US1NHSL0003,102.0
2025-03-01,US1NHSL0003,0.0
2025-03-02,US1NHSL0003,0.0
2025-03-03,US1NHSL0003,0.0
2025-03-04,US1NHSL0003,0.0
2025-03-05,US1NHSL0003,0.0
2025-03-07,US1NHSL0003,0.0
2025-03-08,US1NHSL0003,0.0
2025-03-09,US1NHSL0003,0.0
2025-03-10,US1NHSL0003,0.0
2025-03-11,US1NHSL0003,0.0
2025-03-12,US1NHSL0003,0.0
2025-03-13,US1NHSL0003,0.0
2025-03-14,US1NHSL0003,0.0
2025-03-15,US1NHSL0003,0.0
2025-03-16,US1NHSL0003,0.0
2025-03-19,US1NHSL0003,0.0
2025-03-20,US1NHSL0003,0.0
2025-03-21,US1NHSL0003,0.0
2025-03-22,US1NHSL0003,0.0
2025-03-23,US1NHSL0003,0.0
2025-03-24,US1NHSL0003,0.0
2025-02-04,US1NHSL0008,8.0
2025-02-05,US1NHSL0008,0.0
2025-02-06,US1NHSL0008,0.0
2025-02-07,US1NHSL0008,71.0
2025-02-08,US1NHSL0008,0.0
2025-02-09,US1NHSL0008,185.0
2025-02-10,US1NHSL0008,13.0
2025-02-11,US1NHSL0008,0.0
2025-02-12,US1NHSL0008,0.0
2025-02-13,US1NHSL0008,41.0
2025-02-14,US1NHSL0008,15.0
2025-02-15,US1NHSL0008,0.0
2025-02-16,US1NHSL0008,114.0
2025-02-17,US1NHSL0008,51.0
2025-02-18,US1NHSL0008,0.0
2025-02-19,US1NHSL0008,0.0
2025-02-27,US1NHSL0008,58.0
2025-02-28,US1NHSL0008,25.0
2025-03-01,US1NHSL0008,13.0
2025-03-02,US1NHSL0008,0.0
2025-03-03,US1NHSL0008,0.0
2025-03-04,US1NHSL0008,0.0
2025-03-05,US1NHSL0008,0.0
2025-03-07,US1NHSL0008,0.0
2025-03-08,US1NHSL0008,0.0
2025-03-09,US1NHSL0008,0.0
2025-03-10,US1NHSL0008,0.0
2025-03-11,US1NHSL0008,0.0
2025-03-12,US1NHSL0008,0.0
2025-03-13,US1NHSL0008,0.0
2025-03-14,US1NHSL0008,0.0
2025-03-15,US1NHSL0008,0.0
2025-03-16,US1NHSL0008,0.0
2025-03-19,US1NHSL0008,0.0
2025-03-20,US1NHSL0008,0.0
2025-03-23,US1NHSL0008,0.0
2025-03-24,US1NHSL0008,0.0
2025-02-01,US1NHSL0015,89.0
2025-02-02,US1NHSL0015,0.0
2025-02-03,US1NHSL0015,33.0
2025-02-04,US1NHSL0015,0.0
2025-02-05,US1NHSL0015,0.0
2025-02-06,US1NHSL0015,0.0
2025-02-07,US1NHSL0015,71.0
2025-02-08,US1NHSL0015,0.0
2025-02-09,US1NHSL0015,170.0
2025-02-10,US1NHSL0015,5.0
2025-02-11,US1NHSL0015,0.0
2025-02-12,US1NHSL0015,0.0
2025-02-13,US1NHSL0015,33.0
2025-02-14,US1NHSL0015,10.0
2025-02-15,US1NHSL0015,0.0
2025-02-16,US1NHSL0015,71.0
2025-02-17,US1NHSL0015,43.0
2025-02-18,US1NHSL0015,0.0
2025-02-19,US1NHSL0015,0.0
2025-02-20,US1NHSL0015,0.0
2025-02-21,US1NHSL0015,0.0
2025-02-22,US1NHSL0015,0.0
2025-02-23,US1NHSL0015,0.0
2025-02-24,US1NHSL0015,0.0
2025-02-25,US1NHSL0015,0.0
2025-02-26,US1NHSL0015,0.0
2025-02-27,US1NHSL0015,13.0
2025-02-28,US1NHSL0015,66.0
2025-03-01,US1NHSL0015,33.0
2025-03-02,US1NHSL0015,0.0
2025-03-03,US1NHSL0015,0.0
2025-03-04,US1NHSL0015,0.0
2025-03-05,US1NHSL0015,0.0
2025-03-07,US1NHSL0015,0.0
2025-03-08,US1NHSL0015,0.0
2025-03-09,US1NHSL0015,0.0
2025-03-10,US1NHSL0015,0.0
2025-03-11,US1NHSL0015,0.0
2025-03-12,US1NHSL0015,0.0
2025-03-13,US1NHSL0015,0.0
2025-03-14,US1NHSL0015,0.0
2025-03-15,US1NHSL0015,0.0
2025-03-16,US1NHSL0015,0.0
2025-03-19,US1NHSL0015,0.0
2025-03-20,US1NHSL0015,0.0
2025-03-23,US1NHSL0015,0.0
2025-03-24,US1NHSL0015,0.0
2025-03-25,US1NHSL0015,43.0
2025-02-01,US1NHST0014,86.0
2025-02-02,US1NHST0014,0.0
2025-02-23,US1NHST0014,0.0
2025-02-24,US1NHST0014,0.0
2025-02-25,US1NHST0014,0.0
2025-02-26,US1NHST0014,0.0
2025-03-12,US1NHST0014,0.0
2025-03-17,US1NHST0014,0.0
2025-02-01,US1NHST0031,114.0
2025-02-02,US1NHST0031,0.0
2025-02-03,US1NHST0031,76.0
2025-02-05,US1NHST0031,0.0
2025-02-06,US1NHST0031,0.0
2025-02-07,US1NHST0031,102.0
2025-02-08,US1NHST0031,0.0
2025-02-09,US1NHST0031,216.0
2025-02-10,US1NHST0031,0.0
2025-02-11,US1NHST0031,0.0
2025-02-12,US1NHST0031,0.0
2025-02-13,US1NHST0031,38.0
2025-02-14,US1NHST0031,51.0
2025-02-15,US1NHST0031,0.0
2025-02-16,US1NHST0031,140.0
2025-02-17,US1NHST0031,127.0
2025-02-18,US1NHST0031,0.0
2025-02-19,US1NHST0031,0.0
2025-02-20,US1NHST0031,0.0
2025-02-21,US1NHST0031,0.0
2025-02-22,US1NHST0031,0.0
2025-02-23,US1NHST0031,0.0
2025-02-24,US1NHST0031,0.0
2025-02-25,US1NHST0031,0.0
2025-02-27,US1NHST0031,0.0
2025-02-28,US1NHST0031,64.0
2025-03-01,US1NHST0031,38.0
2025-03-02,US1NHST0031,0.0
2025-03-03,US1NHST0031,0.0
2025-03-04,US1NHST0031,0.0
2025-03-05,US1NHST0031,0.0
2025-03-07,US1NHST0031,0.0
2025-03-08,US1NHST0031,0.0
2025-03-09,US1NHST0031,0.0
2025-03-10,US1NHST0031,0.0
2025-03-11,US1NHST0031,0.0
2025-03-12,US1NHST0031,0.0
2025-03-13,US1NHST0031,0.0
2025-03-14,US1NHST0031,0.0
2025-03-15,US1NHST0031,0.0
2025-03-19,US1NHST0031,0.0
2025-03-24,US1NHST0031,0.0
2025-03-25,US1NHST0031,51.0
2025-02-01,US1NHST0037,51.0
2025-02-02,US1NHST0037,13.0
2025-02-03,US1NHST0037,64.0
2025-02-05,US1NHST0037,0.0
2025-02-06,US1NHST0037,0.0
2025-02-07,US1NHST0037,102.0
2025-02-08,US1NHST0037,0.0
2025-02-09,US1NHST0037,203.0
2025-02-10,US1NHST0037,0.0
2025-02-11,US1NHST0037,0.0
2025-02-12,US1NHST0037,0.0
2025-02-13,US1NHST0037,25.0
2025-02-14,US1NHST0037,0.0
2025-02-15,US1NHST0037,0.0
2025-02-17,US1NHST0037,152.0
2025-02-18,US1NHST0037,0.0
2025-02-19,US1NHST0037,0.0
2025-02-20,US1NHST0037,0.0
2025-02-21,US1NHST0037,0.0
2025-02-22,US1NHST0037,0.0
2025-02-23,US1NHST0037,0.0
2025-02-24,US1NHST0037,0.0
2025-02-25,US1NHST0037,0.0
2025-02-26,US1NHST0037,0.0
2025-02-27,US1NHST0037,0.0
2025-03-01,US1NHST0037,0.0
2025-03-02,US1NHST0037,0.0
2025-03-03,US1NHST0037,0.0
2025-03-04,US1NHST0037,0.0
2025-03-05,US1NHST0037,0.0
2025-03-08,US1NHST0037,0.0
2025-03-09,US1NHST0037,0.0
2025-03-10,US1NHST0037,0.0
2025-03-11,US1NHST0037,0.0
2025-03-12,US1NHST0037,0.0
2025-03-13,US1NHST0037,0.0
2025-03-14,US1NHST0037,0.0
2025-03-15,US1NHST0037,0.0
2025-03-16,US1NHST0037,0.0
2025-03-19,US1NHST0037,0.0
2025-03-23,US1NHST0037,0.0
2025-03-24,US1NHST0037,0.0
2025-02-01,US1NHST0040,58.0
2025-02-02,US1NHST0040,5.0
2025-02-03,US1NHST0040,56.0
2025-02-05,US1NHST0040,0.0
2025-02-06,US1NHST0040,0.0
2025-02-07,US1NHST0040,89.0
2025-02-08,US1NHST0040,0.0
2025-02-09,US1NHST0040,218.0
2025-02-10,US1NHST0040,0.0
2025-02-11,US1NHST0040,0.0
2025-02-12,US1NHST0040,0.0
2025-02-13,US1NHST0040,23.0
2025-02-14,US1NHST0040,0.0
2025-02-15,US1NHST0040,0.0
2025-02-16,US1NHST0040,89.0
2025-02-17,US1NHST0040,147.0
2025-02-18,US1NHST0040,0.0
2025-02-19,US1NHST0040,0.0
2025-02-20,US1NHST0040,0.0
2025-02-21,US1NHST0040,0.0
2025-02-22,US1NHST0040,0.0
2025-02-23,US1NHST0040,0.0
2025-02-24,US1NHST0040,0.0
2025-02-25,US1NHST0040,0.0
2025-02-26,US1NHST0040,0.0
2025-02-27,US1NHST0040,0.0
2025-02-28,US1NHST0040,0.0
2025-03-01,US1NHST0040,0.0
2025-03-02,US1NHST0040,0.0
2025-03-03,US1NHST0040,0.0
2025-03-04,US1NHST0040,0.0
2025-03-05,US1NHST0040,0.0
2025-03-08,US1NHST0040,0.0
2025-03-09,US1NHST0040,0.0
2025-03-10,US1NHST0040,0.0
2025-03-11,US1NHST0040,0.0
2025-03-12,US1NHST0040,0.0
2025-03-13,US1NHST0040,0.0
2025-03-14,US1NHST0040,0.0
2025-03-15,US1NHST0040,0.0
2025-03-16,US1NHST0040,0.0
2025-03-19,US1NHST0040,0.0
2025-03-23,US1NHST0040,0.0
2025-03-24,US1NHST0040,0.0
2025-02-01,US1NHST0049,76.0
2025-02-02,US1NHST0049,0.0
2025-02-03,US1NHST0049,51.0
2025-02-04,US1NHST0049,0.0
2025-02-05,US1NHST0049,0.0
2025-02-06,US1NHST0049,0.0
2025-02-07,US1NHST0049,76.0
2025-02-08,US1NHST0049,0.0
2025-02-09,US1NHST0049,216.0
2025-02-10,US1NHST0049,0.0
2025-02-11,US1NHST0049,0.0
2025-02-12,US1NHST0049,0.0
2025-02-13,US1NHST0049,0.0
2025-02-14,US1NHST0049,25.0
2025-02-18,US1NHST0049,0.0
2025-02-19,US1NHST0049,0.0
2025-02-20,US1NHST0049,0.0
2025-02-21,US1NHST0049,0.0
2025-02-22,US1NHST0049,0.0
2025-02-23,US1NHST0049,0.0
2025-02-24,US1NHST0049,0.0
2025-02-25,US1NHST0049,0.0
2025-02-27,US1NHST0049,0.0
2025-03-01,US1NHST0049,0.0
2025-03-02,US1NHST0049,0.0
2025-03-03,US1NHST0049,0.0
2025-03-04,US1NHST0049,0.0
2025-03-05,US1NHST0049,0.0
2025-03-25,US1NHST0049,0.0
2025-02-01,US1NHST0050,25.0
2025-02-03,US1NHST0050,76.0
2025-02-05,US1NHST0050,0.0
2025-02-06,US1NHST0050,0.0
2025-02-07,US1NHST0050,89.0
2025-02-08,US1NHST0050,0.0
2025-02-09,US1NHST0050,229.0
2025-02-10,US1NHST0050,0.0
2025-02-11,US1NHST0050,0.0
2025-02-12,US1NHST0050,0.0
2025-02-15,US1NHST0050,0.0
2025-02-18,US1NHST0050,0.0
2025-02-19,US1NHST0050,0.0
2025-02-20,US1NHST0050,0.0
2025-02-21,US1NHST0050,0.0
2025-02-22,US1NHST0050,0.0
2025-02-23,US1NHST0050,0.0
2025-02-24,US1NHST0050,0.0
2025-02-25,US1NHST0050,0.0
2025-02-26,US1NHST0050,0.0
2025-02-28,US1NHST0050,38.0
2025-03-02,US1NHST0050,0.0
2025-03-03,US1NHST0050,0.0
2025-03-04,US1NHST0050,0.0
2025-03-05,US1NHST0050,0.0
2025-03-07,US1NHST0050,0.0
2025-03-08,US1NHST0050,0.0
2025-03-09,US1NHST0050,0.0
2025-03-10,US1NHST0050,0.0
2025-03-11,US1NHST0050,0.0
2025-03-12,US1NHST0050,0.0
2025-03-13,US1NHST0050,0.0
2025-03-14,US1NHST0050,0.0
2025-03-15,US1NHST0050,0.0
2025-03-19,US1NHST0050,0.0
2025-03-23,US1NHST0050,0.0
2025-03-25,US1NHST0050,64.0
2025-02-01,US1NHST0055,69.0
2025-02-02,US1NHST0055,13.0
2025-02-03,US1NHST0055,64.0
2025-02-05,US1NHST0055,0.0
2025-02-06,US1NHST0055,0.0
2025-02-07,US1NHST0055,89.0
2025-02-08,US1NHST0055,0.0
2025-02-09,US1NHST0055,229.0
2025-02-11,US1NHST0055,0.0
2025-02-12,US1NHST0055,0.0
2025-02-13,US1NHST0055,33.0
2025-02-14,US1NHST0055,0.0
2025-02-15,US1NHST0055,0.0
2025-02-16,US1NHST0055,99.0
2025-02-17,US1NHST0055,36.0
2025-02-18,US1NHST0055,0.0
2025-02-19,US1NHST0055,0.0
2025-02-20,US1NHST0055,0.0
2025-02-21,US1NHST0055,0.0
2025-02-22,US1NHST0055,0.0
2025-02-23,US1NHST0055,0.0
2025-02-24,US1NHST0055,0.0
2025-02-25,US1NHST0055,0.0
2025-02-26,US1NHST0055,0.0
2025-02-28,US1NHST0055,23.0
2025-03-01,US1NHST0055,0.0
2025-03-02,US1NHST0055,0.0
2025-03-03,US1NHST0055,0.0
2025-03-04,US1NHST0055,0.0
2025-03-05,US1NHST0055,0.0
2025-03-08,US1NHST0055,0.0
2025-03-09,US1NHST0055,0.0
2025-03-10,US1NHST0055,0.0
2025-03-11,US1NHST0055,0.0
2025-03-12,US1NHST0055,0.0
2025-03-13,US1NHST0055,0.0
2025-03-14,US1NHST0055,0.0
2025-03-15,US1NHST0055,0.0
2025-03-18,US1NHST0055,0.0
2025-03-19,US1NHST0055,0.0
2025-03-23,US1NHST0055,0.0
2025-03-24,US1NHST0055,0.0
2025-02-01,USC00270690,102.0
2025-02-02,USC00270690,0.0
2025-02-03,USC00270690,76.0
2025-02-04,USC00270690,25.0
2025-02-05,USC00270690,3.0
2025-02-06,USC00270690,0.0
2025-02-07,USC00270690,38.0
2025-02-08,USC00270690,0.0
2025-02-09,USC00270690,76.0
2025-02-10,USC00270690,0.0
2025-02-11,USC00270690,0.0
2025-02-12,USC00270690,0.0
2025-02-13,USC00270690,13.0
2025-02-14,USC00270690,51.0
2025-02-15,USC00270690,0.0
2025-02-16,USC00270690,8.0
2025-02-17,USC00270690,89.0
2025-02-18,USC00270690,0.0
2025-02-19,USC00270690,0.0
2025-02-20,USC00270690,0.0
2025-02-21,USC00270690,0.0
2025-02-22,USC00270690,0.0
2025-02-23,USC00270690,0.0
2025-02-24,USC00270690,0.0
2025-02-25,USC00270690,0.0
2025-02-26,USC00270690,0.0
2025-02-27,USC00270690,0.0
2025-02-28,USC00270690,0.0
2025-03-01,USC00270690,0.0
2025-03-02,USC00270690,0.0
2025-03-03,USC00270690,0.0
2025-03-04,USC00270690,0.0
2025-03-05,USC00270690,0.0
2025-03-06,USC00270690,0.0
2025-03-07,USC00270690,3.0
2025-03-08,USC00270690,0.0
2025-03-09,USC00270690,0.0
2025-03-10,USC00270690,3.0
2025-03-11,USC00270690,0.0
2025-03-12,USC00270690,0.0
2025-03-13,USC00270690,0.0
2025-03-14,USC00270690,0.0
2025-03-15,USC00270690,0.0
2025-03-16,USC00270690,0.0
2025-03-17,USC00270690,0.0
2025-03-18,USC00270690,0.0
2025-03-19,USC00270690,0.0
2025-03-20,USC00270690,0.0
2025-03-21,USC00270690,0.0
2025-03-22,USC00270690,0.0
2025-03-23,USC00270690,0.0
2025-03-24,USC00270690,0.0
2025-03-25,USC00270690,25.0
2025-02-01,USC00270913,51.0
2025-02-09,USC00270913,152.0
2025-02-10,USC00270913,0.0
2025-02-01,USC00271190,102.0
2025-02-02,USC00271190,0.0
2025-02-04,USC00271190,137.0
2025-02-05,USC00271190,0.0
2025-02-06,USC00271190,0.0
2025-02-07,USC00271190,229.0
2025-02-08,USC00271190,76.0
2025-02-09,USC00271190,152.0
2025-02-10,USC00271190,102.0
2025-02-11,USC00271190,0.0
2025-02-13,USC00271190,51.0
2025-02-14,USC00271190,64.0
2025-02-15,USC00271190,102.0
2025-02-16,USC00271190,76.0
2025-02-17,USC00271190,102.0
2025-02-18,USC00271190,51.0
2025-02-19,USC00271190,25.0
2025-02-20,USC00271190,0.0
2025-02-21,USC00271190,0.0
2025-02-23,USC00271190,0.0
2025-02-24,USC00271190,13.0
2025-02-25,USC00271190,0.0
2025-02-26,USC00271190,76.0
2025-02-27,USC00271190,13.0
2025-03-02,USC00271190,127.0
2025-03-03,USC00271190,0.0
2025-03-04,USC00271190,13.0
2025-03-07,USC00271190,0.0
2025-03-08,USC00271190,0.0
2025-03-09,USC00271190,0.0
2025-03-10,USC00271190,51.0
2025-03-11,USC00271190,0.0
2025-03-12,USC00271190,0.0
2025-03-15,USC00271190,0.0
2025-03-16,USC00271190,0.0
2025-03-17,USC00271190,0.0
2025-03-18,USC00271190,0.0
2025-03-19,USC00271190,0.0
2025-03-20,USC00271190,0.0
2025-03-21,USC00271190,0.0
2025-03-22,USC00271190,51.0
2025-03-23,USC00271190,0.0
2025-03-24,USC00271190,0.0
2025-03-25,USC00271190,102.0
2025-02-01,USC00271647,102.0
2025-02-03,USC00271647,64.0
2025-02-04,USC00271647,69.0
2025-02-05,USC00271647,25.0
2025-02-07,USC00271647,84.0
2025-02-08,USC00271647,20.0
2025-02-09,USC00271647,46.0
2025-02-10,USC00271647,46.0
2025-02-13,USC00271647,13.0
2025-02-14,USC00271647,127.0
2025-02-15,USC00271647,0.0
2025-02-16,USC00271647,109.0
2025-02-17,USC00271647,84.0
2025-02-18,USC00271647,13.0
2025-02-21,USC00271647,33.0
2025-02-22,USC00271647,0.0
2025-02-23,USC00271647,18.0
2025-02-24,USC00271647,38.0
2025-03-23,USC00271647,18.0
2025-02-01,USC00271800,84.0
2025-02-02,USC00271800,8.0
2025-02-03,USC00271800,61.0
2025-02-04,USC00271800,71.0
2025-02-05,USC00271800,5.0
2025-02-06,USC00271800,5.0
2025-02-07,USC00271800,89.0
2025-02-08,USC00271800,5.0
2025-02-09,USC00271800,119.0
2025-02-10,USC00271800,43.0
2025-02-11,USC00271800,3.0
2025-02-12,USC00271800,51.0
2025-02-13,USC00271800,0.0
2025-02-14,USC00271800,127.0
2025-02-15,USC00271800,0.0
2025-02-16,USC00271800,48.0
2025-02-17,USC00271800,102.0
2025-02-18,USC00271800,0.0
2025-02-19,USC00271800,3.0
2025-02-20,USC00271800,0.0
2025-02-21,USC00271800,20.0
2025-02-22,USC00271800,10.0
2025-02-23,USC00271800,0.0
2025-02-24,USC00271800,46.0
2025-02-25,USC00271800,0.0
2025-02-26,USC00271800,3.0
2025-02-27,USC00271800,0.0
2025-02-28,USC00271800,36.0
2025-03-01,USC00271800,20.0
2025-03-02,USC00271800,41.0
2025-03-03,USC00271800,0.0
2025-03-04,USC00271800,0.0
2025-03-06,USC00271800,0.0
2025-03-07,USC00271800,5.0
2025-03-08,USC00271800,18.0
2025-03-09,USC00271800,0.0
2025-03-10,USC00271800,33.0
2025-03-11,USC00271800,0.0
2025-03-12,USC00271800,0.0
2025-03-13,USC00271800,0.0
2025-03-14,USC00271800,0.0
2025-03-15,USC00271800,0.0
2025-03-16,USC00271800,0.0
2025-03-17,USC00271800,0.0
2025-03-18,USC00271800,0.0
2025-03-19,USC00271800,0.0
2025-03-20,USC00271800,0.0
2025-03-21,USC00271800,0.0
2025-03-22,USC00271800,51.0
2025-03-23,USC00271800,13.0
2025-03-24,USC00271800,0.0
2025-03-25,USC00271800,30.0
2025-02-01,USC00272302,38.0
2025-02-02,USC00272302,0.0
2025-02-03,USC00272302,30.0
2025-02-04,USC00272302,0.0
2025-02-05,USC00272302,0.0
2025-02-06,USC00272302,0.0
2025-02-07,USC00272302,66.0
2025-02-09,USC00272302,165.0
2025-02-10,USC00272302,0.0
2025-02-11,USC00272302,0.0
2025-02-12,USC00272302,0.0
2025-02-13,USC00272302,76.0
2025-02-14,USC00272302,0.0
2025-02-15,USC00272302,0.0
2025-02-16,USC00272302,127.0
2025-02-17,USC00272302,152.0
2025-02-18,USC00272302,0.0
2025-02-19,USC00272302,0.0
2025-02-20,USC00272302,0.0
2025-02-22,USC00272302,0.0
2025-02-23,USC00272302,0.0
2025-02-24,USC00272302,0.0
2025-02-25,USC00272302,0.0
2025-02-26,USC00272302,0.0
2025-02-27,USC00272302,15.0
2025-02-28,USC00272302,8.0
2025-03-01,USC00272302,0.0
2025-03-02,USC00272302,0.0
2025-03-03,USC00272302,0.0
2025-03-04,USC00272302,0.0
2025-03-05,USC00272302,0.0
2025-03-06,USC00272302,0.0
2025-03-07,USC00272302,0.0
2025-03-08,USC00272302,0.0
2025-03-09,USC00272302,0.0
2025-03-10,USC00272302,0.0
2025-03-11,USC00272302,0.0
2025-03-12,USC00272302,0.0
2025-03-13,USC00272302,0.0
2025-03-14,USC00272302,0.0
2025-03-15,USC00272302,0.0
2025-03-16,USC00272302,0.0
2025-03-17,USC00272302,0.0
2025-03-18,USC00272302,0.0
2025-03-19,USC00272302,0.0
2025-03-20,USC00272302,0.0
2025-03-21,USC00272302,0.0
2025-03-22,USC00272302,0.0
2025-03-23,USC00272302,0.0
2025-03-24,USC00272302,0.0
2025-03-25,USC00272302,0.0
2025-02-01,USC00272303,114.0
2025-02-02,USC00272303,0.0
2025-02-03,USC00272303,81.0
2025-02-04,USC00272303,3.0
2025-02-05,USC00272303,0.0
2025-02-06,USC00272303,0.0
2025-02-07,USC00272303,102.0
2025-02-08,USC00272303,10.0
2025-02-09,USC00272303,239.0
2025-02-10,USC00272303,28.0
2025-02-11,USC00272303,0.0
2025-02-12,USC00272303,0.0
2025-02-13,USC00272303,38.0
2025-02-14,USC00272303,43.0
2025-02-15,USC00272303,0.0
2025-02-16,USC00272303,56.0
2025-02-17,USC00272303,152.0
2025-02-18,USC00272303,0.0
2025-02-19,USC00272303,0.0
2025-02-20,USC00272303,0.0
2025-02-21,USC00272303,0.0
2025-02-22,USC00272303,0.0
2025-02-23,USC00272303,0.0
2025-02-24,USC00272303,0.0
2025-02-25,USC00272303,0.0
2025-02-26,USC00272303,0.0
2025-02-27,USC00272303,0.0
2025-02-28,USC00272303,114.0
2025-03-01,USC00272303,41.0
2025-03-02,USC00272303,8.0
2025-03-03,USC00272303,0.0
2025-03-04,USC00272303,0.0
2025-03-05,USC00272303,0.0
2025-03-08,USC00272303,5.0
2025-03-09,USC00272303,0.0
2025-03-10,USC00272303,13.0
2025-03-11,USC00272303,3.0
2025-03-12,USC00272303,0.0
2025-03-13,USC00272303,0.0
2025-03-14,USC00272303,0.0
2025-03-15,USC00272303,0.0
2025-03-16,USC00272303,0.0
2025-03-17,USC00272303,0.0
2025-03-18,USC00272303,0.0
2025-03-19,USC00272303,0.0
2025-03-20,USC00272303,0.0
2025-03-21,USC00272303,0.0
2025-03-22,USC00272303,0.0
2025-03-23,USC00272303,0.0
2025-03-24,USC00272303,0.0
2025-03-25,USC00272303,140.0
2025-02-04,USC00272800,0.0
2025-02-05,USC00272800,0.0
2025-02-06,USC00272800,0.0
2025-02-08,USC00272800,0.0
2025-02-09,USC00272800,178.0
2025-02-10,USC00272800,0.0
2025-02-11,USC00272800,0.0
2025-02-12,USC00272800,0.0
2025-02-13,USC00272800,51.0
2025-02-14,USC00272800,0.0
2025-02-15,USC00272800,0.0
2025-02-16,USC00272800,140.0
2025-02-17,USC00272800,102.0
2025-02-18,USC00272800,0.0
2025-02-19,USC00272800,0.0
2025-02-20,USC00272800,0.0
2025-02-21,USC00272800,0.0
2025-02-22,USC00272800,0.0
2025-02-23,USC00272800,0.0
2025-02-24,USC00272800,0.0
2025-02-25,USC00272800,0.0
2025-02-26,USC00272800,0.0
2025-02-27,USC00272800,0.0
2025-03-01,USC00272800,0.0
2025-03-02,USC00272800,0.0
2025-03-03,USC00272800,0.0
2025-03-04,USC00272800,0.0
2025-03-05,USC00272800,0.0
2025-03-06,USC00272800,0.0
2025-03-07,USC00272800,0.0
2025-03-08,USC00272800,0.0
2025-03-09,USC00272800,0.0
2025-03-10,USC00272800,0.0
2025-03-11,USC00272800,0.0
2025-03-12,USC00272800,0.0
2025-03-13,USC00272800,0.0
2025-03-14,USC00272800,0.0
2025-03-15,USC00272800,0.0
2025-03-16,USC00272800,0.0
2025-03-17,USC00272800,0.0
2025-03-18,USC00272800,0.0
2025-03-19,USC00272800,0.0
2025-03-20,USC00272800,0.0
2025-03-21,USC00272800,0.0
2025-03-23,USC00272800,0.0
2025-03-24,USC00272800,0.0
2025-03-25,USC00272800,0.0
2025-03-04,USC00272999,0.0
2025-03-11,USC00272999,0.0
2025-03-12,USC00272999,0.0
2025-03-15,USC00272999,0.0
2025-03-16,USC00272999,0.0
2025-03-17,USC00272999,0.0
2025-03-19,USC00272999,0.0
2025-03-20,USC00272999,0.0
2025-03-21,USC00272999,0.0
2025-03-24,USC00272999,0.0
2025-02-04,USC00273182,0.0
2025-02-05,USC00273182,0.0
2025-02-06,USC00273182,0.0
2025-02-07,USC00273182,107.0
2025-02-11,USC00273182,0.0
2025-02-12,USC00273182,0.0
2025-02-13,USC00273182,25.0
2025-02-14,USC00273182,18.0
2025-02-19,USC00273182,0.0
2025-02-20,USC00273182,0.0
2025-02-21,USC00273182,0.0
2025-02-23,USC00273182,0.0
2025-02-24,USC00273182,0.0
2025-02-25,USC00273182,0.0
2025-02-26,USC00273182,0.0
2025-02-27,USC00273182,13.0
2025-02-28,USC00273182,66.0
2025-03-10,USC00273182,0.0
2025-03-11,USC00273182,0.0
2025-03-12,USC00273182,0.0
2025-03-13,USC00273182,0.0
2025-03-14,USC00273182,0.0
2025-03-18,USC00273182,0.0
2025-03-19,USC00273182,0.0
2025-03-20,USC00273182,0.0
2025-03-21,USC00273182,0.0
2025-03-24,USC00273182,0.0
2025-03-25,USC00273182,91.0
2025-02-02,USC00273535,0.0
2025-02-03,USC00273535,38.0
2025-02-04,USC00273535,147.0
2025-02-05,USC00273535,102.0
2025-02-06,USC00273535,64.0
2025-02-07,USC00273535,114.0
2025-02-08,USC00273535,13.0
2025-02-09,USC00273535,127.0
2025-02-10,USC00273535,152.0
2025-02-20,USC00273535,0.0
2025-02-21,USC00273535,13.0
2025-02-22,USC00273535,8.0
2025-02-23,USC00273535,13.0
2025-02-24,USC00273535,25.0
2025-02-25,USC00273535,5.0
2025-02-26,USC00273535,102.0
2025-02-27,USC00273535,13.0
2025-02-28,USC00273535,76.0
2025-03-03,USC00273535,0.0
2025-03-04,USC00273535,0.0
2025-03-05,USC00273535,76.0
2025-03-06,USC00273535,0.0
2025-03-07,USC00273535,25.0
2025-03-08,USC00273535,0.0
2025-03-09,USC00273535,0.0
2025-03-10,USC00273535,51.0
2025-03-11,USC00273535,0.0
2025-03-12,USC00273535,0.0
2025-03-13,USC00273535,0.0
2025-03-14,USC00273535,0.0
2025-03-16,USC00273535,0.0
2025-03-18,USC00273535,8.0
2025-03-22,USC00273535,0.0
2025-03-23,USC00273535,25.0
2025-03-24,USC00273535,0.0
2025-02-12,USC00273626,0.0
2025-02-13,USC00273626,10.0
2025-02-14,USC00273626,0.0
2025-03-05,USC00273626,0.0
2025-03-06,USC00273626,0.0
2025-03-07,USC00273626,0.0
2025-02-01,USC00273658,64.0
2025-02-03,USC00273658,51.0
2025-02-07,USC00273658,64.0
2025-02-09,USC00273658,165.0
2025-02-13,USC00273658,64.0
2025-02-16,USC00273658,140.0
2025-02-17,USC00273658,64.0
2025-02-27,USC00273658,25.0
2025-03-02,USC00273658,0.0
2025-02-11,USC00273825,0.0
2025-02-12,USC00273825,0.0
2025-02-13,USC00273825,51.0
2025-02-14,USC00273825,0.0
2025-02-18,USC00273825,25.0
2025-02-19,USC00273825,0.0
2025-02-20,USC00273825,0.0
2025-02-21,USC00273825,0.0
2025-02-23,USC00273825,0.0
2025-02-24,USC00273825,0.0
2025-03-11,USC00273825,0.0
2025-03-12,USC00273825,0.0
2025-03-13,USC00273825,0.0
2025-03-14,USC00273825,0.0
2025-02-04,USC00273850,0.0
2025-02-05,USC00273850,0.0
2025-02-06,USC00273850,64.0
2025-02-11,USC00273850,0.0
2025-02-12,USC00273850,0.0
2025-02-13,USC00273850,28.0
2025-02-18,USC00273850,0.0
2025-02-19,USC00273850,0.0
2025-02-22,USC00273850,0.0
2025-02-23,USC00273850,0.0
2025-02-24,USC00273850,0.0
2025-02-25,USC00273850,0.0
2025-02-26,USC00273850,0.0
2025-02-27,USC00273850,66.0
2025-03-03,USC00273850,0.0
2025-03-04,USC00273850,0.0
2025-03-05,USC00273850,0.0
2025-03-06,USC00273850,0.0
2025-03-07,USC00273850,0.0
2025-03-10,USC00273850,0.0
2025-03-11,USC00273850,0.0
2025-03-15,USC00273850,0.0
2025-03-17,USC00273850,0.0
2025-03-18,USC00273850,0.0
2025-03-19,USC00273850,0.0
2025-03-21,USC00273850,0.0
2025-03-08,USC00273856,41.0
2025-03-09,USC00273856,30.0
2025-03-16,USC00273856,0.0
2025-03-17,USC00273856,0.0
2025-03-19,USC00273856,0.0
2025-02-01,USC00273860,89.0
2025-02-02,USC00273860,20.0
2025-02-04,USC00273860,180.0
2025-02-06,USC00273860,0.0
2025-02-07,USC00273860,102.0
2025-02-08,USC00273860,102.0
2025-02-09,USC00273860,140.0
2025-02-10,USC00273860,61.0
2025-02-11,USC00273860,30.0
2025-02-13,USC00273860,99.0
2025-02-14,USC00273860,188.0
2025-02-15,USC00273860,41.0
2025-02-16,USC00273860,102.0
2025-02-17,USC00273860,381.0
2025-02-18,USC00273860,99.0
2025-02-23,USC00273860,0.0
2025-02-24,USC00273860,28.0
2025-02-25,USC00273860,0.0
2025-02-26,USC00273860,86.0
2025-02-27,USC00273860,36.0
2025-03-02,USC00273860,140.0
2025-03-03,USC00273860,0.0
2025-03-05,USC00273860,61.0
2025-03-06,USC00273860,0.0
2025-03-07,USC00273860,0.0
2025-03-08,USC00273860,51.0
2025-03-09,USC00273860,0.0
2025-03-10,USC00273860,51.0
2025-03-11,USC00273860,0.0
2025-03-12,USC00273860,0.0
2025-03-15,USC00273860,0.0
2025-03-16,USC00273860,0.0
2025-03-17,USC00273860,0.0
2025-03-18,USC00273860,0.0
2025-03-19,USC00273860,0.0
2025-03-20,USC00273860,0.0
2025-03-22,USC00273860,0.0
2025-03-23,USC00273860,25.0
2025-03-24,USC00273860,0.0
2025-03-25,USC00273860,38.0
2025-02-01,USC00274176,114.0
2025-02-02,USC00274176,0.0
2025-02-03,USC00274176,48.0
2025-02-04,USC00274176,84.0
2025-02-07,USC00274176,94.0
2025-02-09,USC00274176,216.0
2025-02-10,USC00274176,3.0
2025-02-13,USC00274176,43.0
2025-02-16,USC00274176,66.0
2025-02-17,USC00274176,109.0
2025-03-17,USC00274176,0.0
2025-03-25,USC00274176,94.0
2025-02-02,USC00274218,0.0
2025-02-04,USC00274218,0.0
2025-02-05,USC00274218,0.0
2025-02-08,USC00274218,0.0
2025-02-11,USC00274218,0.0
2025-02-12,USC00274218,0.0
2025-02-13,USC00274218,25.0
2025-02-14,USC00274218,0.0
2025-02-15,USC00274218,0.0
2025-02-18,USC00274218,0.0
2025-02-19,USC00274218,0.0
2025-02-20,USC00274218,0.0
2025-02-21,USC00274218,0.0
2025-02-22,USC00274218,0.0
2025-02-23,USC00274218,0.0
2025-02-24,USC00274218,0.0
2025-02-25,USC00274218,0.0
2025-02-26,USC00274218,0.0
2025-02-27,USC00274218,20.0
2025-02-28,USC00274218,23.0
2025-03-01,USC00274218,0.0
2025-03-02,USC00274218,0.0
2025-03-03,USC00274218,0.0
2025-03-04,USC00274218,0.0
2025-03-06,USC00274218,0.0
2025-03-07,USC00274218,0.0
2025-03-08,USC00274218,0.0
2025-03-09,USC00274218,0.0
2025-03-10,USC00274218,0.0
2025-03-11,USC00274218,0.0
2025-03-12,USC00274218,0.0
2025-03-13,USC00274218,0.0
2025-03-14,USC00274218,0.0
2025-03-15,USC00274218,0.0
2025-03-16,USC00274218,0.0
2025-03-17,USC00274218,0.0
2025-03-18,USC00274218,0.0
2025-03-19,USC00274218,0.0
2025-03-20,USC00274218,0.0
2025-03-21,USC00274218,0.0
2025-03-22,USC00274218,0.0
2025-03-23,USC00274218,0.0
2025-03-24,USC00274218,0.0
2025-02-01,USC00274234,61.0
2025-02-02,USC00274234,0.0
2025-02-03,USC00274234,36.0
2025-02-04,USC00274234,0.0
2025-02-05,USC00274234,0.0
2025-02-06,USC00274234,0.0
2025-02-07,USC00274234,46.0
2025-02-08,USC00274234,0.0
2025-02-09,USC00274234,137.0
2025-02-10,USC00274234,25.0
2025-02-11,USC00274234,5.0
2025-02-12,USC00274234,0.0
2025-02-13,USC00274234,28.0
2025-02-14,USC00274234,0.0
2025-02-15,USC00274234,0.0
2025-02-16,USC00274234,122.0
2025-02-17,USC00274234,48.0
2025-02-18,USC00274234,0.0
2025-02-19,USC00274234,0.0
2025-02-20,USC00274234,0.0
2025-02-21,USC00274234,0.0
2025-02-22,USC00274234,0.0
2025-02-23,USC00274234,0.0
2025-02-24,USC00274234,0.0
2025-02-25,USC00274234,0.0
2025-02-26,USC00274234,0.0
2025-02-27,USC00274234,15.0
2025-02-28,USC00274234,5.0
2025-03-01,USC00274234,0.0
2025-03-02,USC00274234,0.0
2025-03-03,USC00274234,0.0
2025-03-04,USC00274234,0.0
2025-03-05,USC00274234,0.0
2025-03-06,USC00274234,0.0
2025-03-07,USC00274234,0.0
2025-03-08,USC00274234,0.0
2025-03-09,USC00274234,0.0
2025-03-10,USC00274234,0.0
2025-03-11,USC00274234,0.0
2025-03-12,USC00274234,0.0
2025-03-13,USC00274234,0.0
2025-03-14,USC00274234,0.0
2025-03-15,USC00274234,0.0
2025-03-16,USC00274234,0.0
2025-03-17,USC00274234,0.0
2025-03-18,USC00274234,0.0
2025-03-19,USC00274234,0.0
2025-03-20,USC00274234,0.0
2025-03-21,USC00274234,0.0
2025-03-22,USC00274234,0.0
2025-03-23,USC00274234,0.0
2025-03-24,USC00274234,0.0
2025-03-25,USC00274234,0.0
2025-02-01,USC00274304,56.0
2025-02-03,USC00274304,38.0
2025-02-06,USC00274304,0.0
2025-02-07,USC00274304,58.0
2025-02-09,USC00274304,152.0
2025-02-11,USC00274304,5.0
2025-02-13,USC00274304,38.0
2025-02-14,USC00274304,0.0
2025-02-16,USC00274304,152.0
2025-02-17,USC00274304,76.0
2025-02-27,USC00274304,25.0
2025-02-28,USC00274304,0.0
2025-03-05,USC00274304,0.0
2025-03-08,USC00274304,0.0
2025-03-16,USC00274304,0.0
2025-03-24,USC00274304,0.0
2025-02-01,USC00274329,117.0
2025-02-03,USC00274329,38.0
2025-02-04,USC00274329,46.0
2025-02-05,USC00274329,0.0
2025-02-07,USC00274329,48.0
2025-02-08,USC00274329,25.0
2025-02-09,USC00274329,112.0
2025-02-10,USC00274329,0.0
2025-02-12,USC00274329,20.0
2025-02-14,USC00274329,53.0
2025-02-16,USC00274329,76.0
2025-02-17,USC00274329,155.0
2025-02-18,USC00274329,0.0
2025-02-19,USC00274329,3.0
2025-02-20,USC00274329,0.0
2025-02-21,USC00274329,48.0
2025-02-22,USC00274329,0.0
2025-02-23,USC00274329,8.0
2025-02-24,USC00274329,18.0
2025-02-26,USC00274329,0.0
2025-02-28,USC00274329,3.0
2025-03-01,USC00274329,10.0
2025-03-02,USC00274329,112.0
2025-03-03,USC00274329,0.0
2025-03-05,USC00274329,43.0
2025-03-06,USC00274329,0.0
2025-03-07,USC00274329,0.0
2025-03-08,USC00274329,0.0
2025-03-09,USC00274329,0.0
2025-03-10,USC00274329,20.0
2025-03-11,USC00274329,0.0
2025-03-18,USC00274329,0.0
2025-03-21,USC00274329,0.0
2025-03-22,USC00274329,61.0
2025-03-23,USC00274329,0.0
2025-03-25,USC00274329,8.0
2025-02-01,USC00274399,51.0
2025-02-02,USC00274399,0.0
2025-02-03,USC00274399,43.0
2025-02-04,USC00274399,0.0
2025-02-05,USC00274399,0.0
2025-02-06,USC00274399,0.0
2025-02-07,USC00274399,56.0
2025-02-08,USC00274399,0.0
2025-02-09,USC00274399,157.0
2025-02-10,USC00274399,5.0
2025-02-11,USC00274399,8.0
2025-02-12,USC00274399,0.0
2025-02-13,USC00274399,23.0
2025-02-14,USC00274399,0.0
2025-02-15,USC00274399,0.0
2025-02-16,USC00274399,81.0
2025-02-17,USC00274399,41.0
2025-02-18,USC00274399,0.0
2025-02-19,USC00274399,0.0
2025-02-20,USC00274399,0.0
2025-02-21,USC00274399,0.0
2025-02-22,USC00274399,0.0
2025-02-23,USC00274399,0.0
2025-02-24,USC00274399,0.0
2025-02-25,USC00274399,0.0
2025-02-26,USC00274399,0.0
2025-02-27,USC00274399,28.0
2025-02-28,USC00274399,30.0
2025-03-01,USC00274399,8.0
2025-03-02,USC00274399,0.0
2025-03-03,USC00274399,0.0
2025-03-04,USC00274399,0.0
2025-03-05,USC00274399,0.0
2025-03-06,USC00274399,0.0
2025-03-07,USC00274399,0.0
2025-03-08,USC00274399,0.0
2025-03-09,USC00274399,0.0
2025-03-10,USC00274399,0.0
2025-03-11,USC00274399,0.0
2025-03-12,USC00274399,0.0
2025-03-13,USC00274399,0.0
2025-03-14,USC00274399,0.0
2025-03-15,USC00274399,0.0
2025-03-16,USC00274399,0.0
2025-03-17,USC00274399,0.0
2025-03-18,USC00274399,0.0
2025-03-19,USC00274399,0.0
2025-03-20,USC00274399,0.0
2025-03-21,USC00274399,0.0
2025-03-22,USC00274399,0.0
2025-03-23,USC00274399,0.0
2025-03-24,USC00274399,0.0
2025-03-25,USC00274399,8.0
2025-02-01,USC00274480,76.0
2025-02-02,USC00274480,0.0
2025-02-03,USC00274480,76.0
2025-02-04,USC00274480,0.0
2025-02-05,USC00274480,0.0
2025-02-06,USC00274480,0.0
2025-02-07,USC00274480,127.0
2025-02-08,USC00274480,0.0
2025-02-09,USC00274480,229.0
2025-02-10,USC00274480,0.0
2025-02-11,USC00274480,0.0
2025-02-12,USC00274480,0.0
2025-02-13,USC00274480,25.0
2025-02-14,USC00274480,25.0
2025-02-15,USC00274480,0.0
2025-02-16,USC00274480,102.0
2025-02-17,USC00274480,51.0
2025-02-18,USC00274480,0.0
2025-02-19,USC00274480,0.0
2025-02-20,USC00274480,0.0
2025-02-21,USC00274480,0.0
2025-02-22,USC00274480,0.0
2025-02-23,USC00274480,0.0
2025-02-24,USC00274480,0.0
2025-02-25,USC00274480,0.0
2025-02-26,USC00274480,0.0
2025-02-27,USC00274480,0.0
2025-02-28,USC00274480,51.0
2025-03-02,USC00274480,0.0
2025-03-03,USC00274480,0.0
2025-03-04,USC00274480,0.0
2025-03-05,USC00274480,0.0
2025-03-06,USC00274480,0.0
2025-03-07,USC00274480,0.0
2025-03-08,USC00274480,0.0
2025-03-09,USC00274480,0.0
2025-03-10,USC00274480,0.0
2025-03-11,USC00274480,0.0
2025-03-12,USC00274480,0.0
2025-03-13,USC00274480,0.0
2025-03-14,USC00274480,0.0
2025-03-15,USC00274480,0.0
2025-03-16,USC00274480,0.0
2025-03-17,USC00274480,0.0
2025-03-18,USC00274480,0.0
2025-03-19,USC00274480,0.0
2025-03-20,USC00274480,0.0
2025-03-21,USC00274480,0.0
2025-03-22,USC00274480,0.0
2025-03-23,USC00274480,0.0
2025-03-24,USC00274480,0.0
2025-03-25,USC00274480,76.0
2025-02-01,USC00274810,91.0
2025-02-02,USC00274810,0.0
2025-02-04,USC00274810,127.0
2025-02-05,USC00274810,51.0
2025-02-06,USC00274810,0.0
2025-02-07,USC00274810,165.0
2025-02-08,USC00274810,10.0
2025-02-09,USC00274810,127.0
2025-02-10,USC00274810,46.0
2025-02-11,USC00274810,5.0
2025-02-13,USC00274810,18.0
2025-02-14,USC00274810,51.0
2025-02-15,USC00274810,0.0
2025-02-16,USC00274810,102.0
2025-02-17,USC00274810,112.0
2025-02-18,USC00274810,0.0
2025-02-19,USC00274810,0.0
2025-02-20,USC00274810,0.0
2025-02-21,USC00274810,13.0
2025-02-23,USC00274810,8.0
2025-02-25,USC00274810,0.0
2025-02-26,USC00274810,89.0
2025-02-27,USC00274810,13.0
2025-03-02,USC00274810,130.0
2025-03-03,USC00274810,0.0
2025-03-05,USC00274810,13.0
2025-03-07,USC00274810,13.0
2025-03-08,USC00274810,0.0
2025-03-09,USC00274810,0.0
2025-03-10,USC00274810,38.0
2025-03-11,USC00274810,0.0
2025-03-12,USC00274810,0.0
2025-03-15,USC00274810,0.0
2025-03-16,USC00274810,0.0
2025-03-17,USC00274810,0.0
2025-03-18,USC00274810,0.0
2025-03-19,USC00274810,0.0
2025-03-20,USC00274810,0.0
2025-03-21,USC00274810,25.0
2025-03-22,USC00274810,0.0
2025-03-23,USC00274810,0.0
2025-03-24,USC00274810,0.0
2025-03-25,USC00274810,51.0
2025-02-04,USC00275013,0.0
2025-02-05,USC00275013,0.0
2025-02-06,USC00275013,0.0
2025-02-07,USC00275013,64.0
2025-02-08,USC00275013,0.0
2025-02-09,USC00275013,152.0
2025-02-10,USC00275013,0.0
2025-02-11,USC00275013,0.0
2025-02-12,USC00275013,0.0
2025-02-13,USC00275013,25.0
2025-02-14,USC00275013,0.0
2025-02-16,USC00275013,102.0
2025-02-17,USC00275013,102.0
2025-02-18,USC00275013,0.0
2025-02-19,USC00275013,0.0
2025-02-20,USC00275013,0.0
2025-02-21,USC00275013,0.0
2025-02-23,USC00275013,0.0
2025-02-24,USC00275013,0.0
2025-02-25,USC00275013,0.0
2025-02-26,USC00275013,0.0
2025-02-27,USC00275013,25.0
2025-02-28,USC00275013,0.0
2025-03-03,USC00275013,0.0
2025-03-04,USC00275013,0.0
2025-03-05,USC00275013,0.0
2025-03-06,USC00275013,0.0
2025-03-10,USC00275013,0.0
2025-03-11,USC00275013,0.0
2025-03-13,USC00275013,0.0
2025-03-14,USC00275013,0.0
2025-03-17,USC00275013,0.0
2025-03-18,USC00275013,0.0
2025-03-19,USC00275013,0.0
2025-03-20,USC00275013,0.0
2025-03-21,USC00275013,0.0
2025-03-24,USC00275013,0.0
2025-03-25,USC00275013,0.0
2025-02-01,USC00275211,0.0
2025-02-02,USC00275211,51.0
2025-02-03,USC00275211,0.0
2025-02-04,USC00275211,0.0
2025-02-05,USC00275211,0.0
2025-02-06,USC00275211,102.0
2025-02-07,USC00275211,0.0
2025-02-08,USC00275211,152.0
2025-02-09,USC00275211,0.0
2025-02-10,USC00275211,0.0
2025-02-11,USC00275211,0.0
2025-02-12,USC00275211,25.0
2025-02-13,USC00275211,0.0
2025-02-14,USC00275211,0.0
2025-02-15,USC00275211,102.0
2025-02-16,USC00275211,102.0
2025-02-17,USC00275211,0.0
2025-02-18,USC00275211,0.0
2025-02-19,USC00275211,0.0
2025-02-20,USC00275211,0.0
2025-02-21,USC00275211,0.0
2025-02-22,USC00275211,0.0
2025-02-23,USC00275211,0.0
2025-02-24,USC00275211,0.0
2025-02-25,USC00275211,0.0
2025-02-26,USC00275211,0.0
2025-02-27,USC00275211,0.0
2025-02-28,USC00275211,0.0
2025-03-01,USC00275211,0.0
2025-03-02,USC00275211,0.0
2025-03-03,USC00275211,0.0
2025-03-04,USC00275211,0.0
2025-03-05,USC00275211,0.0
2025-03-06,USC00275211,0.0
2025-03-07,USC00275211,0.0
2025-03-08,USC00275211,0.0
2025-03-09,USC00275211,0.0
2025-03-10,USC00275211,0.0
2025-03-11,USC00275211,0.0
2025-03-12,USC00275211,0.0
2025-03-13,USC00275211,0.0
2025-03-14,USC00275211,0.0
2025-03-15,USC00275211,0.0
2025-03-16,USC00275211,0.0
2025-03-19,USC00275211,0.0
2025-03-20,USC00275211,0.0
2025-03-21,USC00275211,0.0
2025-03-22,USC00275211,0.0
2025-03-23,USC00275211,0.0
2025-02-01,USC00275703,51.0
2025-02-02,USC00275703,0.0
2025-02-03,USC00275703,36.0
2025-02-04,USC00275703,0.0
2025-02-05,USC00275703,0.0
2025-02-06,USC00275703,0.0
2025-02-07,USC00275703,51.0
2025-02-08,USC00275703,0.0
2025-02-09,USC00275703,140.0
2025-02-10,USC00275703,3.0
2025-02-11,USC00275703,0.0
2025-02-12,USC00275703,0.0
2025-02-13,USC00275703,36.0
2025-02-14,USC00275703,0.0
2025-02-15,USC00275703,0.0
2025-02-16,USC00275703,132.0
2025-02-17,USC00275703,36.0
2025-02-18,USC00275703,0.0
2025-02-19,USC00275703,0.0
2025-02-20,USC00275703,0.0
2025-02-21,USC00275703,0.0
2025-02-22,USC00275703,0.0
2025-02-23,USC00275703,0.0
2025-02-24,USC00275703,0.0
2025-02-25,USC00275703,0.0
2025-02-26,USC00275703,0.0
2025-02-27,USC00275703,20.0
2025-02-28,USC00275703,3.0
2025-03-01,USC00275703,0.0
2025-03-02,USC00275703,0.0
2025-03-03,USC00275703,0.0
2025-03-04,USC00275703,0.0
2025-03-05,USC00275703,0.0
2025-03-06,USC00275703,0.0
2025-03-07,USC00275703,0.0
2025-03-08,USC00275703,0.0
2025-03-09,USC00275703,0.0
2025-03-10,USC00275703,0.0
2025-03-11,USC00275703,0.0
2025-03-12,USC00275703,0.0
2025-03-13,USC00275703,0.0
2025-03-14,USC00275703,0.0
2025-03-15,USC00275703,0.0
2025-03-16,USC00275703,0.0
2025-03-17,USC00275703,0.0
2025-03-18,USC00275703,0.0
2025-03-19,USC00275703,0.0
2025-03-20,USC00275703,0.0
2025-03-21,USC00275703,0.0
2025-03-22,USC00275703,0.0
2025-03-23,USC00275703,0.0
2025-03-24,USC00275703,0.0
2025-03-25,USC00275703,0.0
2025-02-02,USC00275868,0.0
2025-02-03,USC00275868,38.0
2025-02-04,USC00275868,0.0
2025-02-05,USC00275868,0.0
2025-02-06,USC00275868,0.0
2025-02-08,USC00275868,0.0
2025-02-09,USC00275868,191.0
2025-02-10,USC00275868,0.0
2025-02-11,USC00275868,0.0
2025-02-12,USC00275868,0.0
2025-02-13,USC00275868,25.0
2025-02-16,USC00275868,76.0
2025-02-17,USC00275868,76.0
2025-02-18,USC00275868,0.0
2025-02-20,USC00275868,0.0
2025-02-24,USC00275868,0.0
2025-02-25,USC00275868,0.0
2025-02-26,USC00275868,0.0
2025-03-03,USC00275868,0.0
2025-03-04,USC00275868,0.0
2025-03-05,USC00275868,0.0
2025-03-06,USC00275868,0.0
2025-03-09,USC00275868,0.0
2025-03-10,USC00275868,0.0
2025-03-11,USC00275868,0.0
2025-03-12,USC00275868,0.0
2025-03-13,USC00275868,0.0
2025-03-16,USC00275868,0.0
2025-03-17,USC00275868,0.0
2025-03-22,USC00275868,0.0
2025-03-23,USC00275868,0.0
2025-03-24,USC00275868,0.0
2025-02-01,USC00275995,137.0
2025-02-02,USC00275995,0.0
2025-02-03,USC00275995,112.0
2025-02-04,USC00275995,3.0
2025-02-05,USC00275995,0.0
2025-02-06,USC00275995,0.0
2025-02-07,USC00275995,102.0
2025-02-08,USC00275995,0.0
2025-02-09,USC00275995,165.0
2025-02-10,USC00275995,0.0
2025-02-11,USC00275995,0.0
2025-02-12,USC00275995,0.0
2025-02-13,USC00275995,38.0
2025-02-14,USC00275995,20.0
2025-02-15,USC00275995,0.0
2025-02-16,USC00275995,61.0
2025-02-17,USC00275995,191.0
2025-02-18,USC00275995,0.0
2025-02-19,USC00275995,0.0
2025-02-20,USC00275995,0.0
2025-02-21,USC00275995,0.0
2025-02-22,USC00275995,0.0
2025-02-23,USC00275995,0.0
2025-02-24,USC00275995,0.0
2025-02-25,USC00275995,0.0
2025-02-26,USC00275995,0.0
2025-02-27,USC00275995,15.0
2025-02-28,USC00275995,117.0
2025-03-01,USC00275995,38.0
2025-03-02,USC00275995,0.0
2025-03-03,USC00275995,0.0
2025-03-04,USC00275995,0.0
2025-03-06,USC00275995,0.0
2025-03-07,USC00275995,0.0
2025-03-08,USC00275995,0.0
2025-03-09,USC00275995,0.0
2025-03-10,USC00275995,18.0
2025-03-11,USC00275995,0.0
2025-03-12,USC00275995,0.0
2025-03-13,USC00275995,0.0
2025-03-14,USC00275995,0.0
2025-03-15,USC00275995,0.0
2025-03-16,USC00275995,0.0
2025-03-17,USC00275995,0.0
2025-03-18,USC00275995,0.0
2025-03-19,USC00275995,0.0
2025-03-20,USC00275995,0.0
2025-03-21,USC00275995,0.0
2025-03-22,USC00275995,0.0
2025-03-23,USC00275995,0.0
2025-03-24,USC00275995,0.0
2025-03-25,USC00275995,99.0
2025-02-01,USC00276365,107.0
2025-02-02,USC00276365,0.0
2025-02-03,USC00276365,91.0
2025-02-04,USC00276365,56.0
2025-02-05,USC00276365,5.0
2025-02-06,USC00276365,0.0
2025-02-07,USC00276365,119.0
2025-02-08,USC00276365,18.0
2025-02-09,USC00276365,51.0
2025-02-10,USC00276365,10.0
2025-02-11,USC00276365,0.0
2025-02-12,USC00276365,13.0
2025-02-13,USC00276365,5.0
2025-02-14,USC00276365,102.0
2025-02-15,USC00276365,0.0
2025-02-16,USC00276365,76.0
2025-02-17,USC00276365,64.0
2025-02-18,USC00276365,0.0
2025-02-19,USC00276365,0.0
2025-02-20,USC00276365,0.0
2025-02-21,USC00276365,13.0
2025-02-22,USC00276365,0.0
2025-02-23,USC00276365,13.0
2025-02-24,USC00276365,0.0
2025-02-25,USC00276365,0.0
2025-02-26,USC00276365,0.0
2025-02-27,USC00276365,0.0
2025-02-28,USC00276365,18.0
2025-03-01,USC00276365,30.0
2025-03-02,USC00276365,51.0
2025-03-03,USC00276365,0.0
2025-03-04,USC00276365,0.0
2025-03-05,USC00276365,51.0
2025-03-06,USC00276365,0.0
2025-03-07,USC00276365,0.0
2025-03-08,USC00276365,0.0
2025-03-09,USC00276365,0.0
2025-03-10,USC00276365,25.0
2025-03-11,USC00276365,0.0
2025-03-12,USC00276365,0.0
2025-03-13,USC00276365,0.0
2025-03-14,USC00276365,0.0
2025-03-15,USC00276365,0.0
2025-03-16,USC00276365,0.0
2025-03-17,USC00276365,0.0
2025-03-18,USC00276365,0.0
2025-03-19,USC00276365,0.0
2025-03-20,USC00276365,0.0
2025-03-21,USC00276365,0.0
2025-03-22,USC00276365,18.0
2025-03-23,USC00276365,10.0
2025-03-24,USC00276365,0.0
2025-03-25,USC00276365,13.0
2025-02-01,USC00276368,74.0
2025-02-02,USC00276368,10.0
2025-02-03,USC00276368,46.0
2025-02-04,USC00276368,0.0
2025-02-05,USC00276368,0.0
2025-02-06,USC00276368,0.0
2025-02-07,USC00276368,76.0
2025-02-08,USC00276368,0.0
2025-02-09,USC00276368,188.0
2025-02-11,USC00276368,0.0
2025-02-12,USC00276368,0.0
2025-02-13,USC00276368,30.0
2025-02-14,USC00276368,0.0
2025-02-15,USC00276368,0.0
2025-02-16,USC00276368,86.0
2025-02-17,USC00276368,102.0
2025-02-18,USC00276368,0.0
2025-02-19,USC00276368,0.0
2025-02-20,USC00276368,0.0
2025-02-21,USC00276368,0.0
2025-02-22,USC00276368,0.0
2025-02-23,USC00276368,0.0
2025-02-24,USC00276368,0.0
2025-02-25,USC00276368,0.0
2025-02-26,USC00276368,0.0
2025-02-27,USC00276368,0.0
2025-02-28,USC00276368,48.0
2025-03-01,USC00276368,3.0
2025-03-02,USC00276368,0.0
2025-03-03,USC00276368,0.0
2025-03-04,USC00276368,0.0
2025-03-05,USC00276368,0.0
2025-03-06,USC00276368,0.0
2025-03-07,USC00276368,0.0
2025-03-08,USC00276368,0.0
2025-03-09,USC00276368,0.0
2025-03-10,USC00276368,0.0
2025-03-11,USC00276368,0.0
2025-03-12,USC00276368,0.0
2025-03-13,USC00276368,0.0
2025-03-14,USC00276368,0.0
2025-03-16,USC00276368,0.0
2025-03-17,USC00276368,0.0
2025-03-18,USC00276368,0.0
2025-03-19,USC00276368,0.0
2025-03-20,USC00276368,0.0
2025-03-21,USC00276368,0.0
2025-03-22,USC00276368,0.0
2025-03-23,USC00276368,0.0
2025-03-24,USC00276368,0.0
2025-02-02,USC00276550,0.0
2025-02-04,USC00276550,0.0
2025-02-05,USC00276550,0.0
2025-02-06,USC00276550,0.0
2025-02-07,USC00276550,53.0
2025-02-08,USC00276550,0.0
2025-02-11,USC00276550,0.0
2025-02-12,USC00276550,0.0
2025-02-13,USC00276550,20.0
2025-02-19,USC00276550,0.0
2025-02-20,USC00276550,0.0
2025-02-21,USC00276550,0.0
2025-02-22,USC00276550,0.0
2025-02-23,USC00276550,0.0
2025-02-24,USC00276550,0.0
2025-02-25,USC00276550,0.0
2025-02-26,USC00276550,0.0
2025-02-27,USC00276550,25.0
2025-03-04,USC00276550,0.0
2025-03-05,USC00276550,0.0
2025-03-06,USC00276550,0.0
2025-03-07,USC00276550,0.0
2025-03-10,USC00276550,0.0
2025-03-11,USC00276550,0.0
2025-03-12,USC00276550,0.0
2025-03-13,USC00276550,0.0
2025-03-14,USC00276550,0.0
2025-03-18,USC00276550,0.0
2025-03-19,USC00276550,0.0
2025-03-20,USC00276550,0.0
2025-03-21,USC00276550,0.0
2025-02-01,USC00276818,69.0
2025-02-02,USC00276818,13.0
2025-02-03,USC00276818,127.0
2025-02-04,USC00276818,76.0
2025-02-05,USC00276818,51.0
2025-02-06,USC00276818,102.0
2025-02-07,USC00276818,165.0
2025-02-08,USC00276818,51.0
2025-02-09,USC00276818,102.0
2025-02-11,USC00276818,0.0
2025-02-12,USC00276818,76.0
2025-02-13,USC00276818,76.0
2025-02-14,USC00276818,89.0
2025-02-15,USC00276818,3.0
2025-02-16,USC00276818,64.0
2025-02-17,USC00276818,152.0
2025-02-18,USC00276818,51.0
2025-02-20,USC00276818,25.0
2025-02-21,USC00276818,13.0
2025-02-22,USC00276818,0.0
2025-02-23,USC00276818,0.0
2025-02-24,USC00276818,0.0
2025-02-25,USC00276818,0.0
2025-02-26,USC00276818,25.0
2025-02-27,USC00276818,0.0
2025-02-28,USC00276818,76.0
2025-03-01,USC00276818,89.0
2025-03-02,USC00276818,25.0
2025-03-03,USC00276818,0.0
2025-03-04,USC00276818,25.0
2025-03-05,USC00276818,25.0
2025-03-06,USC00276818,0.0
2025-03-07,USC00276818,0.0
2025-03-08,USC00276818,38.0
2025-03-09,USC00276818,0.0
2025-03-10,USC00276818,51.0
2025-03-12,USC00276818,0.0
2025-03-13,USC00276818,0.0
2025-03-14,USC00276818,0.0
2025-03-15,USC00276818,0.0
2025-03-16,USC00276818,0.0
2025-03-17,USC00276818,0.0
2025-03-18,USC00276818,0.0
2025-03-19,USC00276818,0.0
2025-03-20,USC00276818,0.0
2025-03-21,USC00276818,0.0
2025-03-22,USC00276818,0.0
2025-03-23,USC00276818,5.0
2025-03-24,USC00276818,0.0
2025-03-25,USC00276818,51.0
2025-02-02,USC00276856,0.0
2025-02-05,USC00276856,0.0
2025-02-06,USC00276856,0.0
2025-02-07,USC00276856,76.0
2025-02-09,USC00276856,51.0
2025-02-10,USC00276856,25.0
2025-02-11,USC00276856,0.0
2025-02-13,USC00276856,25.0
2025-02-14,USC00276856,25.0
2025-02-15,USC00276856,0.0
2025-02-16,USC00276856,13.0
2025-02-17,USC00276856,25.0
2025-02-20,USC00276856,0.0
2025-02-21,USC00276856,25.0
2025-02-23,USC00276856,0.0
2025-02-24,USC00276856,10.0
2025-02-27,USC00276856,0.0
2025-02-28,USC00276856,51.0
2025-03-01,USC00276856,51.0
2025-03-03,USC00276856,0.0
2025-03-04,USC00276856,0.0
2025-03-05,USC00276856,51.0
2025-03-06,USC00276856,0.0
2025-03-07,USC00276856,0.0
2025-03-08,USC00276856,0.0
2025-03-10,USC00276856,25.0
2025-03-11,USC00276856,0.0
2025-03-12,USC00276856,0.0
2025-03-13,USC00276856,0.0
2025-03-14,USC00276856,0.0
2025-03-15,USC00276856,0.0
2025-03-16,USC00276856,0.0
2025-03-17,USC00276856,0.0
2025-03-18,USC00276856,0.0
2025-03-19,USC00276856,0.0
2025-03-20,USC00276856,0.0
2025-03-21,USC00276856,0.0
2025-03-22,USC00276856,0.0
2025-03-23,USC00276856,0.0
2025-03-24,USC00276856,0.0
2025-03-25,USC00276856,0.0
2025-02-03,USC00278539,102.0
2025-02-04,USC00278539,0.0
2025-02-05,USC00278539,0.0
2025-02-06,USC00278539,0.0
2025-02-07,USC00278539,102.0
2025-02-08,USC00278539,0.0
2025-02-11,USC00278539,0.0
2025-02-12,USC00278539,0.0
2025-02-13,USC00278539,23.0
2025-02-19,USC00278539,0.0
2025-02-20,USC00278539,0.0
2025-02-21,USC00278539,0.0
2025-02-22,USC00278539,0.0
2025-02-23,USC00278539,0.0
2025-02-24,USC00278539,0.0
2025-02-25,USC00278539,0.0
2025-02-26,USC00278539,0.0
2025-02-28,USC00278539,25.0
2025-03-01,USC00278539,0.0
2025-03-02,USC00278539,0.0
2025-03-03,USC00278539,0.0
2025-03-04,USC00278539,0.0
2025-03-05,USC00278539,0.0
2025-03-06,USC00278539,0.0
2025-03-07,USC00278539,0.0
2025-03-08,USC00278539,0.0
2025-03-09,USC00278539,0.0
2025-03-10,USC00278539,0.0
2025-03-11,USC00278539,0.0
2025-03-12,USC00278539,0.0
2025-03-13,USC00278539,0.0
2025-03-14,USC00278539,0.0
2025-03-15,USC00278539,0.0
2025-03-16,USC00278539,0.0
2025-03-17,USC00278539,0.0
2025-03-18,USC00278539,0.0
2025-03-19,USC00278539,0.0
2025-03-20,USC00278539,0.0
2025-03-21,USC00278539,0.0
2025-03-22,USC00278539,0.0
2025-03-23,USC00278539,0.0
2025-03-24,USC00278539,0.0
2025-03-25,USC00278539,0.0
2025-02-01,USC00278614,117.0
2025-02-02,USC00278614,0.0
2025-02-03,USC00278614,84.0
2025-02-04,USC00278614,3.0
2025-02-05,USC00278614,0.0
2025-02-06,USC00278614,0.0
2025-02-07,USC00278614,91.0
2025-02-08,USC00278614,3.0
2025-02-09,USC00278614,198.0
2025-02-10,USC00278614,23.0
2025-02-11,USC00278614,0.0
2025-02-12,USC00278614,0.0
2025-02-13,USC00278614,36.0
2025-02-14,USC00278614,30.0
2025-02-15,USC00278614,0.0
2025-02-16,USC00278614,51.0
2025-02-17,USC00278614,102.0
2025-02-18,USC00278614,0.0
2025-02-19,USC00278614,0.0
2025-02-20,USC00278614,0.0
2025-02-21,USC00278614,0.0
2025-02-22,USC00278614,0.0
2025-02-23,USC00278614,0.0
2025-02-24,USC00278614,0.0
2025-02-25,USC00278614,0.0
2025-02-26,USC00278614,0.0
2025-02-27,USC00278614,0.0
2025-02-28,USC00278614,107.0
2025-03-01,USC00278614,33.0
2025-03-02,USC00278614,0.0
2025-03-03,USC00278614,0.0
2025-03-04,USC00278614,0.0
2025-03-05,USC00278614,0.0
2025-03-06,USC00278614,0.0
2025-03-07,USC00278614,0.0
2025-03-08,USC00278614,10.0
2025-03-09,USC00278614,0.0
2025-03-10,USC00278614,10.0
2025-03-11,USC00278614,0.0
2025-03-12,USC00278614,0.0
2025-03-13,USC00278614,0.0
2025-03-14,USC00278614,0.0
2025-03-15,USC00278614,0.0
2025-03-16,USC00278614,0.0
2025-03-17,USC00278614,0.0
2025-03-18,USC00278614,0.0
2025-03-19,USC00278614,0.0
2025-03-20,USC00278614,0.0
2025-03-21,USC00278614,0.0
2025-03-22,USC00278614,0.0
2025-03-23,USC00278614,0.0
2025-03-24,USC00278614,0.0
2025-03-25,USC00278614,135.0
2025-02-04,USC00279091,56.0
2025-02-05,USC00279091,0.0
2025-02-06,USC00279091,0.0
2025-02-07,USC00279091,71.0
2025-02-13,USC00279091,0.0
2025-02-16,USC00279091,43.0
2025-02-17,USC00279091,58.0
2025-02-18,USC00279091,0.0
2025-02-27,USC00279091,15.0
2025-02-28,USC00279091,53.0
2025-03-01,USC00279091,15.0
2025-03-02,USC00279091,0.0
2025-03-03,USC00279091,0.0
2025-03-11,USC00279091,0.0
2025-03-12,USC00279091,0.0
2025-03-19,USC00279091,0.0
2025-02-01,USC00279278,66.0
2025-02-02,USC00279278,18.0
2025-02-03,USC00279278,53.0
2025-02-04,USC00279278,0.0
2025-02-05,USC00279278,0.0
2025-02-06,USC00279278,0.0
2025-02-07,USC00279278,74.0
2025-02-08,USC00279278,0.0
2025-02-09,USC00279278,178.0
2025-02-10,USC00279278,0.0
2025-02-11,USC00279278,0.0
2025-02-12,USC00279278,0.0
2025-02-13,USC00279278,38.0
2025-02-14,USC00279278,0.0
2025-02-15,USC00279278,0.0
2025-02-16,USC00279278,140.0
2025-02-17,USC00279278,66.0
2025-02-18,USC00279278,0.0
2025-02-19,USC00279278,0.0
2025-02-20,USC00279278,0.0
2025-02-21,USC00279278,0.0
2025-02-22,USC00279278,0.0
2025-02-23,USC00279278,0.0
2025-02-24,USC00279278,0.0
2025-02-25,USC00279278,0.0
2025-02-26,USC00279278,0.0
2025-02-27,USC00279278,5.0
2025-02-28,USC00279278,5.0
2025-03-01,USC00279278,0.0
2025-03-02,USC00279278,3.0
2025-03-03,USC00279278,0.0
2025-03-04,USC00279278,0.0
2025-03-06,USC00279278,0.0
2025-03-07,USC00279278,0.0
2025-03-08,USC00279278,0.0
2025-03-09,USC00279278,0.0
2025-03-10,USC00279278,0.0
2025-03-11,USC00279278,0.0
2025-03-12,USC00279278,0.0
2025-03-13,USC00279278,0.0
2025-03-14,USC00279278,0.0
2025-03-15,USC00279278,0.0
2025-03-16,USC00279278,0.0
2025-03-17,USC00279278,0.0
2025-03-18,USC00279278,0.0
2025-03-19,USC00279278,0.0
2025-03-20,USC00279278,0.0
2025-03-21,USC00279278,0.0
2025-03-22,USC00279278,0.0
2025-03-23,USC00279278,0.0
2025-03-24,USC00279278,0.0
2025-03-25,USC00279278,0.0
2025-02-01,USC00279970,89.0
2025-02-02,USC00279970,20.0
2025-02-04,USC00279970,97.0
2025-02-05,USC00279970,91.0
2025-02-06,USC00279970,0.0
2025-02-07,USC00279970,102.0
2025-02-08,USC00279970,51.0
2025-02-09,USC00279970,127.0
2025-02-10,USC00279970,51.0
2025-02-11,USC00279970,25.0
2025-02-13,USC00279970,51.0
2025-02-14,USC00279970,76.0
2025-02-15,USC00279970,10.0
2025-02-16,USC00279970,81.0
2025-02-17,USC00279970,229.0
2025-02-18,USC00279970,0.0
2025-02-19,USC00279970,13.0
2025-02-20,USC00279970,0.0
2025-02-21,USC00279970,0.0
2025-02-23,USC00279970,3.0
2025-02-24,USC00279970,51.0
2025-02-25,USC00279970,0.0
2025-02-26,USC00279970,51.0
2025-02-27,USC00279970,18.0
2025-03-02,USC00279970,114.0
2025-03-03,USC00279970,0.0
2025-03-05,USC00279970,0.0
2025-03-07,USC00279970,25.0
2025-03-08,USC00279970,38.0
2025-03-10,USC00279970,64.0
2025-03-11,USC00279970,25.0
2025-03-12,USC00279970,0.0
2025-03-15,USC00279970,0.0
2025-03-16,USC00279970,0.0
2025-03-17,USC00279970,0.0
2025-03-18,USC00279970,0.0
2025-03-19,USC00279970,0.0
2025-03-20,USC00279970,0.0
2025-03-21,USC00279970,25.0
2025-03-22,USC00279970,76.0
2025-03-23,USC00279970,51.0
2025-03-24,USC00279970,0.0
2025-03-25,USC00279970,51.0
2025-02-01,USW00014710,25.0
2025-02-02,USW00014710,23.0
2025-02-03,USW00014710,5.0
2025-02-04,USW00014710,0.0
2025-02-05,USW00014710,0.0
2025-02-06,USW00014710,84.0
2025-02-07,USW00014710,0.0
2025-02-08,USW00014710,64.0
2025-02-09,USW00014710,160.0
2025-02-10,USW00014710,0.0
2025-02-11,USW00014710,0.0
2025-02-12,USW00014710,0.0
2025-02-13,USW00014710,28.0
2025-02-14,USW00014710,0.0
2025-02-15,USW00014710,48.0
2025-02-16,USW00014710,221.0
2025-02-17,USW00014710,0.0
2025-02-18,USW00014710,0.0
2025-02-19,USW00014710,0.0
2025-02-20,USW00014710,0.0
2025-02-21,USW00014710,0.0
2025-02-22,USW00014710,0.0
2025-02-23,USW00014710,0.0
2025-02-24,USW00014710,0.0
2025-02-25,USW00014710,0.0
2025-02-26,USW00014710,0.0
2025-02-27,USW00014710,13.0
2025-02-28,USW00014710,0.0
2025-03-01,USW00014710,0.0
2025-03-02,USW00014710,0.0
2025-03-03,USW00014710,0.0
2025-03-04,USW00014710,0.0
2025-03-05,USW00014710,0.0
2025-03-06,USW00014710,0.0
2025-03-07,USW00014710,0.0
2025-03-08,USW00014710,0.0
2025-03-09,USW00014710,0.0
2025-03-10,USW00014710,0.0
2025-03-11,USW00014710,0.0
2025-03-12,USW00014710,0.0
2025-03-13,USW00014710,0.0
2025-03-14,USW00014710,0.0
2025-03-15,USW00014710,0.0
2025-03-16,USW00014710,0.0
2025-03-17,USW00014710,0.0
2025-03-18,USW00014710,0.0
2025-03-19,USW00014710,0.0
2025-03-20,USW00014710,0.0
2025-03-21,USW00014710,0.0
2025-03-22,USW00014710,0.0
2025-03-23,USW00014710,0.0
2025-03-24,USW00014710,0.0
2025-02-01,USW00014745,15.0
2025-02-02,USW00014745,23.0
2025-02-03,USW00014745,10.0
2025-02-04,USW00014745,0.0
2025-02-05,USW00014745,0.0
2025-02-06,USW00014745,76.0
2025-02-07,USW00014745,0.0
2025-02-08,USW00014745,64.0
2025-02-09,USW00014745,74.0
2025-02-10,USW00014745,0.0
2025-02-11,USW00014745,0.0
2025-02-12,USW00014745,0.0
2025-02-13,USW00014745,13.0
2025-02-14,USW00014745,0.0
2025-02-15,USW00014745,33.0
2025-02-16,USW00014745,132.0
2025-02-17,USW00014745,0.0
2025-02-18,USW00014745,0.0
2025-02-19,USW00014745,0.0
2025-02-20,USW00014745,0.0
2025-02-21,USW00014745,0.0
2025-02-22,USW00014745,0.0
2025-02-23,USW00014745,0.0
2025-02-24,USW00014745,0.0
2025-02-25,USW00014745,0.0
2025-02-26,USW00014745,0.0
2025-02-27,USW00014745,58.0
2025-02-28,USW00014745,0.0
2025-03-01,USW00014745,0.0
2025-03-02,USW00014745,0.0
2025-03-03,USW00014745,0.0
2025-03-04,USW00014745,0.0
2025-03-05,USW00014745,0.0
2025-03-06,USW00014745,0.0
2025-03-07,USW00014745,0.0
2025-03-08,USW00014745,0.0
2025-03-09,USW00014745,0.0
2025-03-10,USW00014745,0.0
2025-03-11,USW00014745,0.0
2025-03-12,USW00014745,0.0
2025-03-13,USW00014745,0.0
2025-03-14,USW00014745,0.0
2025-03-15,USW00014745,0.0
2025-03-16,USW00014745,0.0
2025-03-17,USW00014745,0.0
2025-03-18,USW00014745,0.0
2025-03-19,USW00014745,0.0
2025-03-20,USW00014745,0.0
2025-03-21,USW00014745,0.0
2025-03-22,USW00014745,0.0
2025-03-23,USW00014745,0.0
2025-03-24,USW00014745,8.0
2025-02-01,USW00014755,76.0
2025-02-02,USW00014755,8.0
2025-02-03,USW00014755,56.0
2025-02-04,USW00014755,99.0
2025-02-05,USW00014755,33.0
2025-02-06,USW00014755,0.0
2025-02-07,USW00014755,74.0
2025-02-08,USW00014755,56.0
2025-02-09,USW00014755,165.0
2025-02-10,USW00014755,56.0
2025-02-11,USW00014755,36.0
2025-02-12,USW00014755,51.0
2025-02-13,USW00014755,38.0
2025-02-14,USW00014755,76.0
2025-02-16,USW00014755,53.0
2025-02-17,USW00014755,274.0
2025-02-18,USW00014755,18.0
2025-02-19,USW00014755,0.0
2025-02-20,USW00014755,0.0
2025-02-21,USW00014755,10.0
2025-02-25,USW00014755,10.0
2025-02-26,USW00014755,127.0
2025-02-27,USW00014755,10.0
2025-02-28,USW00014755,48.0
2025-03-01,USW00014755,46.0
2025-03-02,USW00014755,89.0
2025-03-03,USW00014755,0.0
2025-03-04,USW00014755,20.0
2025-03-05,USW00014755,51.0
2025-03-07,USW00014755,18.0
2025-03-08,USW00014755,33.0
2025-03-09,USW00014755,15.0
2025-03-10,USW00014755,66.0
2025-03-11,USW00014755,18.0
2025-03-12,USW00014755,0.0
2025-03-13,USW00014755,5.0
2025-03-14,USW00014755,0.0
2025-03-15,USW00014755,0.0
2025-03-16,USW00014755,0.0
2025-03-17,USW00014755,0.0
2025-03-18,USW00014755,15.0
2025-03-19,USW00014755,0.0
2025-03-20,USW00014755,0.0
2025-03-21,USW00014755,81.0
2025-03-22,USW00014755,38.0
2025-03-23,USW00014755,81.0
2025-03-24,USW00014755,15.0
2025-03-25,USW00014755,69.0
