DATE,Station_ID,NAME,Season,TMIN,TMAX,PRCP,SNOW,SNWD,LATITUDE,LONGITUDE,ELEVATION,STATION_NAME
2025-03-26,US1NHBK0001,US1NHBK0001,Spring,,,0.0,0.0,51.0,43.48,-71.55,207.3,TILTON NORTHFIELD 3.3 NE
2025-03-27,US1NHBK0001,US1NHBK0001,Spring,,,0.0,0.0,,43.48,-71.55,207.3,TILTON NORTHFIELD 3.3 NE
2025-03-28,US1NHBK0001,US1NHBK0001,Spring,,,0.0,0.0,,43.48,-71.55,207.3,TILTON NORTHFIELD 3.3 NE
2025-03-29,US1NHBK0001,US1NHBK0001,Spring,,,6.1,0.0,,43.48,-71.55,207.3,TILTON NORTHFIELD 3.3 NE
2025-03-30,US1NHBK0001,US1NHBK0001,Spring,,,12.4,,,43.48,-71.55,207.3,TILTON NORTHFIELD 3.3 NE
2025-03-31,US1NHBK0001,US1NHBK0001,Spring,,,8.1,,,43.48,-71.55,207.3,TILTON NORTHFIELD 3.3 NE
2025-04-01,US1NHBK0001,US1NHBK0001,Spring,,,2.0,,,43.48,-71.55,207.3,TILTON NORTHFIELD 3.3 NE
2025-04-02,US1NHBK0001,US1NHBK0001,Spring,,,0.0,0.0,,43.48,-71.55,207.3,TILTON NORTHFIELD 3.3 NE
2025-04-03,US1NHBK0001,US1NHBK0001,Spring,,,10.9,8.0,,43.48,-71.55,207.3,TILTON NORTHFIELD 3.3 NE
2025-04-04,US1NHBK0001,US1NHBK0001,Spring,,,4.6,,,43.48,-71.55,207.3,TILTON NORTHFIELD 3.3 NE
2025-04-05,US1NHBK0001,US1NHBK0001,Spring,,,0.0,0.0,,43.48,-71.55,207.3,TILTON NORTHFIELD 3.3 NE
2025-04-06,US1NHBK0001,US1NHBK0001,Spring,,,11.2,,,43.48,-71.55,207.3,TILTON NORTHFIELD 3.3 NE
2025-04-07,US1NHBK0001,US1NHBK0001,Spring,,,0.3,0.0,,43.48,-71.55,207.3,TILTON NORTHFIELD 3.3 NE
2025-04-08,US1NHBK0001,US1NHBK0001,Spring,,,0.3,3.0,,43.48,-71.55,207.3,TILTON NORTHFIELD 3.3 NE
2025-04-09,US1NHBK0001,US1NHBK0001,Spring,,,3.0,,,43.48,-71.55,207.3,TILTON NORTHFIELD 3.3 NE
2025-04-10,US1NHBK0001,US1NHBK0001,Spring,,,0.0,0.0,,43.48,-71.55,207.3,TILTON NORTHFIELD 3.3 NE
2025-04-11,US1NHBK0001,US1NHBK0001,Spring,,,0.8,,,43.48,-71.55,207.3,TILTON NORTHFIELD 3.3 NE
2025-04-12,US1NHBK0001,US1NHBK0001,Spring,,,6.4,81.0,,43.48,-71.55,207.3,TILTON NORTHFIELD 3.3 NE
2025-04-13,US1NHBK0001,US1NHBK0001,Spring,,,1.8,25.0,,43.48,-71.55,207.3,TILTON NORTHFIELD 3.3 NE
2025-04-14,US1NHBK0001,US1NHBK0001,Spring,,,0.0,0.0,,43.48,-71.55,207.3,TILTON NORTHFIELD 3.3 NE
2025-04-15,US1NHBK0001,US1NHBK0001,Spring,,,5.6,,,43.48,-71.55,207.3,TILTON NORTHFIELD 3.3 NE
2025-04-16,US1NHBK0001,US1NHBK0001,Spring,,,0.0,0.0,,43.48,-71.55,207.3,TILTON NORTHFIELD 3.3 NE
2025-04-17,US1NHBK0001,US1NHBK0001,Spring,,,0.0,0.0,,43.48,-71.55,207.3,TILTON NORTHFIELD 3.3 NE
2025-04-18,US1NHBK0001,US1NHBK0001,Spring,,,0.0,0.0,,43.48,-71.55,207.3,TILTON NORTHFIELD 3.3 NE
2025-04-19,US1NHBK0001,US1NHBK0001,Spring,,,0.0,,,43.48,-71.55,207.3,TILTON NORTHFIELD 3.3 NE
2025-04-20,US1NHBK0001,US1NHBK0001,Spring,,,0.0,,,43.48,-71.55,207.3,TILTON NORTHFIELD 3.3 NE
2025-04-21,US1NHBK0001,US1NHBK0001,Spring,,,0.0,0.0,,43.48,-71.55,207.3,TILTON NORTHFIELD 3.3 NE
2025-04-22,US1NHBK0001,US1NHBK0001,Spring,,,4.1,,,43.48,-71.55,207.3,TILTON NORTHFIELD 3.3 NE
2025-03-26,US1NHBK0002,US1NHBK0002,Spring,,,0.0,0.0,38.0,43.4356,-71.5069,214.0,BELMONT 1.7 SW
2025-03-27,US1NHBK0002,US1NHBK0002,Spring,,,0.0,0.0,0.0,43.4356,-71.5069,214.0,BELMONT 1.7 SW
2025-03-29,US1NHBK0002,US1NHBK0002,Spring,,,3.3,0.0,0.0,43.4356,-71.5069,214.0,BELMONT 1.7 SW
2025-03-30,US1NHBK0002,US1NHBK0002,Spring,,,10.2,0.0,0.0,43.4356,-71.5069,214.0,BELMONT 1.7 SW
2025-03-31,US1NHBK0002,US1NHBK0002,Spring,,,8.9,0.0,0.0,43.4356,-71.5069,214.0,BELMONT 1.7 SW
2025-04-01,US1NHBK0002,US1NHBK0002,Spring,,,2.0,0.0,0.0,43.4356,-71.5069,214.0,BELMONT 1.7 SW
2025-04-03,US1NHBK0002,US1NHBK0002,Spring,,,9.9,8.0,0.0,43.4356,-71.5069,214.0,BELMONT 1.7 SW
2025-04-04,US1NHBK0002,US1NHBK0002,Spring,,,4.8,0.0,0.0,43.4356,-71.5069,214.0,BELMONT 1.7 SW
2025-04-05,US1NHBK0002,US1NHBK0002,Spring,,,0.0,0.0,0.0,43.4356,-71.5069,214.0,BELMONT 1.7 SW
2025-04-06,US1NHBK0002,US1NHBK0002,Spring,,,9.7,0.0,0.0,43.4356,-71.5069,214.0,BELMONT 1.7 SW
2025-04-07,US1NHBK0002,US1NHBK0002,Spring,,,4.6,0.0,0.0,43.4356,-71.5069,214.0,BELMONT 1.7 SW
2025-04-08,US1NHBK0002,US1NHBK0002,Spring,,,0.3,0.0,0.0,43.4356,-71.5069,214.0,BELMONT 1.7 SW
2025-04-09,US1NHBK0002,US1NHBK0002,Spring,,,2.8,0.0,0.0,43.4356,-71.5069,214.0,BELMONT 1.7 SW
2025-04-11,US1NHBK0002,US1NHBK0002,Spring,,,0.8,0.0,0.0,43.4356,-71.5069,214.0,BELMONT 1.7 SW
2025-04-12,US1NHBK0002,US1NHBK0002,Spring,,,1.5,18.0,13.0,43.4356,-71.5069,214.0,BELMONT 1.7 SW
2025-04-13,US1NHBK0002,US1NHBK0002,Spring,,,9.7,69.0,0.0,43.4356,-71.5069,214.0,BELMONT 1.7 SW
2025-04-14,US1NHBK0002,US1NHBK0002,Spring,,,0.0,0.0,0.0,43.4356,-71.5069,214.0,BELMONT 1.7 SW
2025-04-15,US1NHBK0002,US1NHBK0002,Spring,,,6.6,0.0,0.0,43.4356,-71.5069,214.0,BELMONT 1.7 SW
2025-04-16,US1NHBK0002,US1NHBK0002,Spring,,,0.3,0.0,0.0,43.4356,-71.5069,214.0,BELMONT 1.7 SW
2025-04-19,US1NHBK0002,US1NHBK0002,Spring,,,0.0,0.0,0.0,43.4356,-71.5069,214.0,BELMONT 1.7 SW
2025-04-20,US1NHBK0002,US1NHBK0002,Spring,,,0.3,0.0,0.0,43.4356,-71.5069,214.0,BELMONT 1.7 SW
2025-04-21,US1NHBK0002,US1NHBK0002,Spring,,,0.0,0.0,0.0,43.4356,-71.5069,214.0,BELMONT 1.7 SW
2025-04-22,US1NHBK0002,US1NHBK0002,Spring,,,3.3,0.0,0.0,43.4356,-71.5069,214.0,BELMONT 1.7 SW
2025-03-26,US1NHBK0009,US1NHBK0009,Spring,,,0.0,0.0,89.0,43.6224,-71.5351,206.3,MEREDITH 2.9 SSW
2025-03-27,US1NHBK0009,US1NHBK0009,Spring,,,0.0,0.0,0.0,43.6224,-71.5351,206.3,MEREDITH 2.9 SSW
2025-03-28,US1NHBK0009,US1NHBK0009,Spring,,,0.0,0.0,0.0,43.6224,-71.5351,206.3,MEREDITH 2.9 SSW
2025-03-29,US1NHBK0009,US1NHBK0009,Spring,,,9.9,18.0,13.0,43.6224,-71.5351,206.3,MEREDITH 2.9 SSW
2025-03-30,US1NHBK0009,US1NHBK0009,Spring,,,10.2,3.0,13.0,43.6224,-71.5351,206.3,MEREDITH 2.9 SSW
2025-03-31,US1NHBK0009,US1NHBK0009,Spring,,,10.4,0.0,0.0,43.6224,-71.5351,206.3,MEREDITH 2.9 SSW
2025-04-01,US1NHBK0009,US1NHBK0009,Spring,,,4.3,0.0,0.0,43.6224,-71.5351,206.3,MEREDITH 2.9 SSW
2025-04-02,US1NHBK0009,US1NHBK0009,Spring,,,0.0,0.0,0.0,43.6224,-71.5351,206.3,MEREDITH 2.9 SSW
2025-04-03,US1NHBK0009,US1NHBK0009,Spring,,,11.2,5.0,0.0,43.6224,-71.5351,206.3,MEREDITH 2.9 SSW
2025-04-04,US1NHBK0009,US1NHBK0009,Spring,,,5.8,0.0,0.0,43.6224,-71.5351,206.3,MEREDITH 2.9 SSW
2025-04-05,US1NHBK0009,US1NHBK0009,Spring,,,0.0,0.0,0.0,43.6224,-71.5351,206.3,MEREDITH 2.9 SSW
2025-04-06,US1NHBK0009,US1NHBK0009,Spring,,,13.0,0.0,0.0,43.6224,-71.5351,206.3,MEREDITH 2.9 SSW
2025-04-07,US1NHBK0009,US1NHBK0009,Spring,,,0.0,0.0,0.0,43.6224,-71.5351,206.3,MEREDITH 2.9 SSW
2025-04-08,US1NHBK0009,US1NHBK0009,Spring,,,0.0,0.0,0.0,43.6224,-71.5351,206.3,MEREDITH 2.9 SSW
2025-04-09,US1NHBK0009,US1NHBK0009,Spring,,,2.0,0.0,0.0,43.6224,-71.5351,206.3,MEREDITH 2.9 SSW
2025-04-10,US1NHBK0009,US1NHBK0009,Spring,,,0.0,0.0,0.0,43.6224,-71.5351,206.3,MEREDITH 2.9 SSW
2025-04-11,US1NHBK0009,US1NHBK0009,Spring,,,0.5,0.0,0.0,43.6224,-71.5351,206.3,MEREDITH 2.9 SSW
2025-04-12,US1NHBK0009,US1NHBK0009,Spring,,,1.3,15.0,13.0,43.6224,-71.5351,206.3,MEREDITH 2.9 SSW
2025-04-13,US1NHBK0009,US1NHBK0009,Spring,,,11.4,5.0,0.0,43.6224,-71.5351,206.3,MEREDITH 2.9 SSW
2025-04-14,US1NHBK0009,US1NHBK0009,Spring,,,0.0,0.0,0.0,43.6224,-71.5351,206.3,MEREDITH 2.9 SSW
2025-04-15,US1NHBK0009,US1NHBK0009,Spring,,,3.8,0.0,0.0,43.6224,-71.5351,206.3,MEREDITH 2.9 SSW
2025-04-16,US1NHBK0009,US1NHBK0009,Spring,,,0.0,0.0,0.0,43.6224,-71.5351,206.3,MEREDITH 2.9 SSW
2025-04-17,US1NHBK0009,US1NHBK0009,Spring,,,0.0,0.0,0.0,43.6224,-71.5351,206.3,MEREDITH 2.9 SSW
2025-04-18,US1NHBK0009,US1NHBK0009,Spring,,,0.0,0.0,0.0,43.6224,-71.5351,206.3,MEREDITH 2.9 SSW
2025-04-19,US1NHBK0009,US1NHBK0009,Spring,,,0.8,0.0,0.0,43.6224,-71.5351,206.3,MEREDITH 2.9 SSW
2025-04-20,US1NHBK0009,US1NHBK0009,Spring,,,0.0,0.0,0.0,43.6224,-71.5351,206.3,MEREDITH 2.9 SSW
2025-04-21,US1NHBK0009,US1NHBK0009,Spring,,,0.0,0.0,0.0,43.6224,-71.5351,206.3,MEREDITH 2.9 SSW
2025-04-22,US1NHBK0009,US1NHBK0009,Spring,,,2.0,,,43.6224,-71.5351,206.3,MEREDITH 2.9 SSW
2025-03-26,US1NHBK0010,US1NHBK0010,Spring,,,0.0,0.0,,43.5287,-71.4791,151.2,LACONIA 2.8 S
2025-03-27,US1NHBK0010,US1NHBK0010,Spring,,,0.0,0.0,,43.5287,-71.4791,151.2,LACONIA 2.8 S
2025-03-28,US1NHBK0010,US1NHBK0010,Spring,,,0.0,0.0,,43.5287,-71.4791,151.2,LACONIA 2.8 S
2025-03-29,US1NHBK0010,US1NHBK0010,Spring,,,4.6,,,43.5287,-71.4791,151.2,LACONIA 2.8 S
2025-03-30,US1NHBK0010,US1NHBK0010,Spring,,,11.4,,,43.5287,-71.4791,151.2,LACONIA 2.8 S
2025-03-31,US1NHBK0010,US1NHBK0010,Spring,,,5.8,,,43.5287,-71.4791,151.2,LACONIA 2.8 S
2025-04-01,US1NHBK0010,US1NHBK0010,Spring,,,2.8,,,43.5287,-71.4791,151.2,LACONIA 2.8 S
2025-04-02,US1NHBK0010,US1NHBK0010,Spring,,,0.0,0.0,,43.5287,-71.4791,151.2,LACONIA 2.8 S
2025-04-03,US1NHBK0010,US1NHBK0010,Spring,,,3.0,,,43.5287,-71.4791,151.2,LACONIA 2.8 S
2025-04-04,US1NHBK0010,US1NHBK0010,Spring,,,8.9,,,43.5287,-71.4791,151.2,LACONIA 2.8 S
2025-04-05,US1NHBK0010,US1NHBK0010,Spring,,,0.0,0.0,,43.5287,-71.4791,151.2,LACONIA 2.8 S
2025-04-06,US1NHBK0010,US1NHBK0010,Spring,,,8.4,,,43.5287,-71.4791,151.2,LACONIA 2.8 S
2025-04-07,US1NHBK0010,US1NHBK0010,Spring,,,2.3,,,43.5287,-71.4791,151.2,LACONIA 2.8 S
2025-04-08,US1NHBK0010,US1NHBK0010,Spring,,,0.0,0.0,,43.5287,-71.4791,151.2,LACONIA 2.8 S
2025-04-09,US1NHBK0010,US1NHBK0010,Spring,,,2.3,,,43.5287,-71.4791,151.2,LACONIA 2.8 S
2025-04-10,US1NHBK0010,US1NHBK0010,Spring,,,0.0,0.0,,43.5287,-71.4791,151.2,LACONIA 2.8 S
2025-04-11,US1NHBK0010,US1NHBK0010,Spring,,,0.5,,,43.5287,-71.4791,151.2,LACONIA 2.8 S
2025-04-12,US1NHBK0010,US1NHBK0010,Spring,,,0.5,,,43.5287,-71.4791,151.2,LACONIA 2.8 S
2025-04-13,US1NHBK0010,US1NHBK0010,Spring,,,10.9,,,43.5287,-71.4791,151.2,LACONIA 2.8 S
2025-04-14,US1NHBK0010,US1NHBK0010,Spring,,,0.0,0.0,,43.5287,-71.4791,151.2,LACONIA 2.8 S
2025-04-15,US1NHBK0010,US1NHBK0010,Spring,,,4.6,,,43.5287,-71.4791,151.2,LACONIA 2.8 S
2025-04-16,US1NHBK0010,US1NHBK0010,Spring,,,2.3,,,43.5287,-71.4791,151.2,LACONIA 2.8 S
2025-04-17,US1NHBK0010,US1NHBK0010,Spring,,,0.0,0.0,,43.5287,-71.4791,151.2,LACONIA 2.8 S
2025-04-18,US1NHBK0010,US1NHBK0010,Spring,,,0.0,0.0,,43.5287,-71.4791,151.2,LACONIA 2.8 S
2025-04-19,US1NHBK0010,US1NHBK0010,Spring,,,0.0,0.0,,43.5287,-71.4791,151.2,LACONIA 2.8 S
2025-04-20,US1NHBK0010,US1NHBK0010,Spring,,,0.5,,,43.5287,-71.4791,151.2,LACONIA 2.8 S
2025-04-21,US1NHBK0010,US1NHBK0010,Spring,,,0.0,0.0,,43.5287,-71.4791,151.2,LACONIA 2.8 S
2025-04-22,US1NHBK0010,US1NHBK0010,Spring,,,3.0,,,43.5287,-71.4791,151.2,LACONIA 2.8 S
2025-03-29,US1NHBK0012,US1NHBK0012,Spring,,,10.7,,,43.6758,-71.5267,234.4,CENTER HARBOR 3.7 SW
2025-03-30,US1NHBK0012,US1NHBK0012,Spring,,,10.4,,,43.6758,-71.5267,234.4,CENTER HARBOR 3.7 SW
2025-03-31,US1NHBK0012,US1NHBK0012,Spring,,,10.7,,,43.6758,-71.5267,234.4,CENTER HARBOR 3.7 SW
2025-04-06,US1NHBK0018,US1NHBK0018,Spring,,,,,0.0,43.664,-71.6427,204.2,NEW HAMPTON 4.1 N
2025-04-08,US1NHBK0018,US1NHBK0018,Spring,,,,,0.0,43.664,-71.6427,204.2,NEW HAMPTON 4.1 N
2025-04-09,US1NHBK0018,US1NHBK0018,Spring,,,3.8,0.0,,43.664,-71.6427,204.2,NEW HAMPTON 4.1 N
2025-04-11,US1NHBK0018,US1NHBK0018,Spring,,,0.5,0.0,,43.664,-71.6427,204.2,NEW HAMPTON 4.1 N
2025-04-14,US1NHBK0018,US1NHBK0018,Spring,,,0.0,0.0,,43.664,-71.6427,204.2,NEW HAMPTON 4.1 N
2025-04-15,US1NHBK0018,US1NHBK0018,Spring,,,3.8,0.0,,43.664,-71.6427,204.2,NEW HAMPTON 4.1 N
2025-04-16,US1NHBK0018,US1NHBK0018,Spring,,,0.0,0.0,,43.664,-71.6427,204.2,NEW HAMPTON 4.1 N
2025-04-17,US1NHBK0018,US1NHBK0018,Spring,,,0.3,0.0,,43.664,-71.6427,204.2,NEW HAMPTON 4.1 N
2025-04-18,US1NHBK0018,US1NHBK0018,Spring,,,0.0,0.0,,43.664,-71.6427,204.2,NEW HAMPTON 4.1 N
2025-04-19,US1NHBK0018,US1NHBK0018,Spring,,,0.3,0.0,,43.664,-71.6427,204.2,NEW HAMPTON 4.1 N
2025-04-20,US1NHBK0018,US1NHBK0018,Spring,,,0.0,0.0,,43.664,-71.6427,204.2,NEW HAMPTON 4.1 N
2025-04-21,US1NHBK0018,US1NHBK0018,Spring,,,0.0,0.0,,43.664,-71.6427,204.2,NEW HAMPTON 4.1 N
2025-03-26,US1NHBK0026,US1NHBK0026,Spring,,,0.0,0.0,,43.6984,-71.4693,273.4,MEREDITH 3.3 NNE
2025-03-27,US1NHBK0026,US1NHBK0026,Spring,,,0.0,0.0,,43.6984,-71.4693,273.4,MEREDITH 3.3 NNE
2025-03-28,US1NHBK0026,US1NHBK0026,Spring,,,0.0,0.0,,43.6984,-71.4693,273.4,MEREDITH 3.3 NNE
2025-03-29,US1NHBK0026,US1NHBK0026,Spring,,,13.0,66.0,,43.6984,-71.4693,273.4,MEREDITH 3.3 NNE
2025-03-30,US1NHBK0026,US1NHBK0026,Spring,,,8.9,13.0,,43.6984,-71.4693,273.4,MEREDITH 3.3 NNE
2025-03-31,US1NHBK0026,US1NHBK0026,Spring,,,8.9,0.0,,43.6984,-71.4693,273.4,MEREDITH 3.3 NNE
2025-04-01,US1NHBK0026,US1NHBK0026,Spring,,,2.3,0.0,0.0,43.6984,-71.4693,273.4,MEREDITH 3.3 NNE
2025-04-02,US1NHBK0026,US1NHBK0026,Spring,,,0.0,0.0,0.0,43.6984,-71.4693,273.4,MEREDITH 3.3 NNE
2025-04-03,US1NHBK0026,US1NHBK0026,Spring,,,10.9,5.0,0.0,43.6984,-71.4693,273.4,MEREDITH 3.3 NNE
2025-04-04,US1NHBK0026,US1NHBK0026,Spring,,,6.1,0.0,0.0,43.6984,-71.4693,273.4,MEREDITH 3.3 NNE
2025-04-05,US1NHBK0026,US1NHBK0026,Spring,,,0.0,0.0,0.0,43.6984,-71.4693,273.4,MEREDITH 3.3 NNE
2025-04-06,US1NHBK0026,US1NHBK0026,Spring,,,11.9,0.0,0.0,43.6984,-71.4693,273.4,MEREDITH 3.3 NNE
2025-04-07,US1NHBK0026,US1NHBK0026,Spring,,,0.5,0.0,0.0,43.6984,-71.4693,273.4,MEREDITH 3.3 NNE
2025-04-08,US1NHBK0026,US1NHBK0026,Spring,,,0.0,0.0,0.0,43.6984,-71.4693,273.4,MEREDITH 3.3 NNE
2025-04-09,US1NHBK0026,US1NHBK0026,Spring,,,2.8,10.0,0.0,43.6984,-71.4693,273.4,MEREDITH 3.3 NNE
2025-04-10,US1NHBK0026,US1NHBK0026,Spring,,,0.0,0.0,0.0,43.6984,-71.4693,273.4,MEREDITH 3.3 NNE
2025-04-11,US1NHBK0026,US1NHBK0026,Spring,,,0.5,0.0,0.0,43.6984,-71.4693,273.4,MEREDITH 3.3 NNE
2025-04-12,US1NHBK0026,US1NHBK0026,Spring,,,1.3,13.0,13.0,43.6984,-71.4693,273.4,MEREDITH 3.3 NNE
2025-04-13,US1NHBK0026,US1NHBK0026,Spring,,,6.1,38.0,0.0,43.6984,-71.4693,273.4,MEREDITH 3.3 NNE
2025-04-14,US1NHBK0026,US1NHBK0026,Spring,,,0.0,0.0,0.0,43.6984,-71.4693,273.4,MEREDITH 3.3 NNE
2025-04-15,US1NHBK0026,US1NHBK0026,Spring,,,3.3,0.0,0.0,43.6984,-71.4693,273.4,MEREDITH 3.3 NNE
2025-04-16,US1NHBK0026,US1NHBK0026,Spring,,,0.0,0.0,0.0,43.6984,-71.4693,273.4,MEREDITH 3.3 NNE
2025-04-17,US1NHBK0026,US1NHBK0026,Spring,,,0.0,0.0,0.0,43.6984,-71.4693,273.4,MEREDITH 3.3 NNE
2025-04-18,US1NHBK0026,US1NHBK0026,Spring,,,0.0,0.0,0.0,43.6984,-71.4693,273.4,MEREDITH 3.3 NNE
2025-04-19,US1NHBK0026,US1NHBK0026,Spring,,,0.3,0.0,0.0,43.6984,-71.4693,273.4,MEREDITH 3.3 NNE
2025-04-20,US1NHBK0026,US1NHBK0026,Spring,,,0.0,0.0,0.0,43.6984,-71.4693,273.4,MEREDITH 3.3 NNE
2025-04-21,US1NHBK0026,US1NHBK0026,Spring,,,0.0,0.0,0.0,43.6984,-71.4693,273.4,MEREDITH 3.3 NNE
2025-04-22,US1NHBK0026,US1NHBK0026,Spring,,,3.0,0.0,0.0,43.6984,-71.4693,273.4,MEREDITH 3.3 NNE
2025-03-26,US1NHBK0034,US1NHBK0034,Spring,,,0.0,0.0,0.0,43.5306,-71.466,151.5,LACONIA 2.8 SSE
2025-03-27,US1NHBK0034,US1NHBK0034,Spring,,,0.0,0.0,0.0,43.5306,-71.466,151.5,LACONIA 2.8 SSE
2025-03-28,US1NHBK0034,US1NHBK0034,Spring,,,0.0,0.0,0.0,43.5306,-71.466,151.5,LACONIA 2.8 SSE
2025-03-29,US1NHBK0034,US1NHBK0034,Spring,,,8.6,10.0,13.0,43.5306,-71.466,151.5,LACONIA 2.8 SSE
2025-03-30,US1NHBK0034,US1NHBK0034,Spring,,,7.6,10.0,10.0,43.5306,-71.466,151.5,LACONIA 2.8 SSE
2025-03-31,US1NHBK0034,US1NHBK0034,Spring,,,5.1,0.0,0.0,43.5306,-71.466,151.5,LACONIA 2.8 SSE
2025-04-01,US1NHBK0034,US1NHBK0034,Spring,,,2.5,0.0,0.0,43.5306,-71.466,151.5,LACONIA 2.8 SSE
2025-04-02,US1NHBK0034,US1NHBK0034,Spring,,,0.3,0.0,0.0,43.5306,-71.466,151.5,LACONIA 2.8 SSE
2025-04-03,US1NHBK0034,US1NHBK0034,Spring,,,8.4,3.0,3.0,43.5306,-71.466,151.5,LACONIA 2.8 SSE
2025-04-04,US1NHBK0034,US1NHBK0034,Spring,,,5.3,0.0,0.0,43.5306,-71.466,151.5,LACONIA 2.8 SSE
2025-04-05,US1NHBK0034,US1NHBK0034,Spring,,,0.0,0.0,0.0,43.5306,-71.466,151.5,LACONIA 2.8 SSE
2025-04-06,US1NHBK0034,US1NHBK0034,Spring,,,7.9,0.0,0.0,43.5306,-71.466,151.5,LACONIA 2.8 SSE
2025-04-07,US1NHBK0034,US1NHBK0034,Spring,,,2.3,0.0,0.0,43.5306,-71.466,151.5,LACONIA 2.8 SSE
2025-04-08,US1NHBK0034,US1NHBK0034,Spring,,,0.5,0.0,0.0,43.5306,-71.466,151.5,LACONIA 2.8 SSE
2025-04-09,US1NHBK0034,US1NHBK0034,Spring,,,3.0,0.0,0.0,43.5306,-71.466,151.5,LACONIA 2.8 SSE
2025-04-10,US1NHBK0034,US1NHBK0034,Spring,,,0.3,0.0,0.0,43.5306,-71.466,151.5,LACONIA 2.8 SSE
2025-04-11,US1NHBK0034,US1NHBK0034,Spring,,,1.0,0.0,0.0,43.5306,-71.466,151.5,LACONIA 2.8 SSE
2025-04-13,US1NHBK0034,US1NHBK0034,Spring,,,13.2,0.0,0.0,43.5306,-71.466,151.5,LACONIA 2.8 SSE
2025-04-14,US1NHBK0034,US1NHBK0034,Spring,,,0.5,0.0,0.0,43.5306,-71.466,151.5,LACONIA 2.8 SSE
2025-04-15,US1NHBK0034,US1NHBK0034,Spring,,,5.6,0.0,0.0,43.5306,-71.466,151.5,LACONIA 2.8 SSE
2025-04-16,US1NHBK0034,US1NHBK0034,Spring,,,0.5,0.0,0.0,43.5306,-71.466,151.5,LACONIA 2.8 SSE
2025-04-17,US1NHBK0034,US1NHBK0034,Spring,,,0.3,0.0,0.0,43.5306,-71.466,151.5,LACONIA 2.8 SSE
2025-04-18,US1NHBK0034,US1NHBK0034,Spring,,,0.0,0.0,0.0,43.5306,-71.466,151.5,LACONIA 2.8 SSE
2025-04-19,US1NHBK0034,US1NHBK0034,Spring,,,0.5,0.0,0.0,43.5306,-71.466,151.5,LACONIA 2.8 SSE
2025-04-20,US1NHBK0034,US1NHBK0034,Spring,,,0.3,0.0,0.0,43.5306,-71.466,151.5,LACONIA 2.8 SSE
2025-04-21,US1NHBK0034,US1NHBK0034,Spring,,,0.0,0.0,0.0,43.5306,-71.466,151.5,LACONIA 2.8 SSE
2025-03-26,US1NHCH0002,US1NHCH0002,Spring,,,0.0,0.0,,42.8988,-72.5235,120.7,WEST CHESTERFIELD 0.3 WNW
2025-03-27,US1NHCH0002,US1NHCH0002,Spring,,,0.0,0.0,,42.8988,-72.5235,120.7,WEST CHESTERFIELD 0.3 WNW
2025-03-28,US1NHCH0002,US1NHCH0002,Spring,,,0.0,0.0,,42.8988,-72.5235,120.7,WEST CHESTERFIELD 0.3 WNW
2025-03-29,US1NHCH0002,US1NHCH0002,Spring,,,6.1,,,42.8988,-72.5235,120.7,WEST CHESTERFIELD 0.3 WNW
2025-03-30,US1NHCH0002,US1NHCH0002,Spring,,,14.2,,,42.8988,-72.5235,120.7,WEST CHESTERFIELD 0.3 WNW
2025-03-31,US1NHCH0002,US1NHCH0002,Spring,,,2.8,,,42.8988,-72.5235,120.7,WEST CHESTERFIELD 0.3 WNW
2025-04-01,US1NHCH0002,US1NHCH0002,Spring,,,3.6,0.0,,42.8988,-72.5235,120.7,WEST CHESTERFIELD 0.3 WNW
2025-04-05,US1NHCH0002,US1NHCH0002,Spring,,,0.0,0.0,,42.8988,-72.5235,120.7,WEST CHESTERFIELD 0.3 WNW
2025-04-06,US1NHCH0002,US1NHCH0002,Spring,,,12.2,,,42.8988,-72.5235,120.7,WEST CHESTERFIELD 0.3 WNW
2025-04-09,US1NHCH0002,US1NHCH0002,Spring,,,0.8,,,42.8988,-72.5235,120.7,WEST CHESTERFIELD 0.3 WNW
2025-04-10,US1NHCH0002,US1NHCH0002,Spring,,,0.0,0.0,,42.8988,-72.5235,120.7,WEST CHESTERFIELD 0.3 WNW
2025-04-11,US1NHCH0002,US1NHCH0002,Spring,,,4.6,0.0,,42.8988,-72.5235,120.7,WEST CHESTERFIELD 0.3 WNW
2025-04-12,US1NHCH0002,US1NHCH0002,Spring,,,5.1,18.0,,42.8988,-72.5235,120.7,WEST CHESTERFIELD 0.3 WNW
2025-04-13,US1NHCH0002,US1NHCH0002,Spring,,,9.4,,,42.8988,-72.5235,120.7,WEST CHESTERFIELD 0.3 WNW
2025-04-14,US1NHCH0002,US1NHCH0002,Spring,,,0.0,0.0,,42.8988,-72.5235,120.7,WEST CHESTERFIELD 0.3 WNW
2025-04-15,US1NHCH0002,US1NHCH0002,Spring,,,3.0,,,42.8988,-72.5235,120.7,WEST CHESTERFIELD 0.3 WNW
2025-04-16,US1NHCH0002,US1NHCH0002,Spring,,,0.5,,,42.8988,-72.5235,120.7,WEST CHESTERFIELD 0.3 WNW
2025-04-17,US1NHCH0002,US1NHCH0002,Spring,,,0.0,0.0,,42.8988,-72.5235,120.7,WEST CHESTERFIELD 0.3 WNW
2025-04-18,US1NHCH0002,US1NHCH0002,Spring,,,0.0,0.0,,42.8988,-72.5235,120.7,WEST CHESTERFIELD 0.3 WNW
2025-04-19,US1NHCH0002,US1NHCH0002,Spring,,,0.0,0.0,,42.8988,-72.5235,120.7,WEST CHESTERFIELD 0.3 WNW
2025-04-20,US1NHCH0002,US1NHCH0002,Spring,,,4.8,,,42.8988,-72.5235,120.7,WEST CHESTERFIELD 0.3 WNW
2025-04-21,US1NHCH0002,US1NHCH0002,Spring,,,0.0,0.0,,42.8988,-72.5235,120.7,WEST CHESTERFIELD 0.3 WNW
2025-04-22,US1NHCH0002,US1NHCH0002,Spring,,,2.5,,,42.8988,-72.5235,120.7,WEST CHESTERFIELD 0.3 WNW
2025-03-26,US1NHCH0020,US1NHCH0020,Spring,,,0.0,0.0,,42.731,-71.952,363.3,RINDGE 3.2 ESE
2025-03-27,US1NHCH0020,US1NHCH0020,Spring,,,0.0,0.0,,42.731,-71.952,363.3,RINDGE 3.2 ESE
2025-03-29,US1NHCH0020,US1NHCH0020,Spring,,,2.8,,,42.731,-71.952,363.3,RINDGE 3.2 ESE
2025-03-30,US1NHCH0020,US1NHCH0020,Spring,,,6.4,,,42.731,-71.952,363.3,RINDGE 3.2 ESE
2025-03-31,US1NHCH0020,US1NHCH0020,Spring,,,1.3,,,42.731,-71.952,363.3,RINDGE 3.2 ESE
2025-04-01,US1NHCH0020,US1NHCH0020,Spring,,,17.0,,,42.731,-71.952,363.3,RINDGE 3.2 ESE
2025-04-02,US1NHCH0020,US1NHCH0020,Spring,,,0.0,0.0,,42.731,-71.952,363.3,RINDGE 3.2 ESE
2025-04-03,US1NHCH0020,US1NHCH0020,Spring,,,11.9,,,42.731,-71.952,363.3,RINDGE 3.2 ESE
2025-04-04,US1NHCH0020,US1NHCH0020,Spring,,,6.9,,,42.731,-71.952,363.3,RINDGE 3.2 ESE
2025-04-05,US1NHCH0020,US1NHCH0020,Spring,,,0.0,0.0,,42.731,-71.952,363.3,RINDGE 3.2 ESE
2025-04-06,US1NHCH0020,US1NHCH0020,Spring,,,15.7,,,42.731,-71.952,363.3,RINDGE 3.2 ESE
2025-04-07,US1NHCH0020,US1NHCH0020,Spring,,,5.3,0.0,,42.731,-71.952,363.3,RINDGE 3.2 ESE
2025-04-08,US1NHCH0020,US1NHCH0020,Spring,,,4.3,0.0,,42.731,-71.952,363.3,RINDGE 3.2 ESE
2025-04-09,US1NHCH0020,US1NHCH0020,Spring,,,2.3,23.0,,42.731,-71.952,363.3,RINDGE 3.2 ESE
2025-04-10,US1NHCH0020,US1NHCH0020,Spring,,,0.0,0.0,,42.731,-71.952,363.3,RINDGE 3.2 ESE
2025-04-11,US1NHCH0020,US1NHCH0020,Spring,,,3.8,33.0,,42.731,-71.952,363.3,RINDGE 3.2 ESE
2025-04-12,US1NHCH0020,US1NHCH0020,Spring,,,5.8,51.0,,42.731,-71.952,363.3,RINDGE 3.2 ESE
2025-04-13,US1NHCH0020,US1NHCH0020,Spring,,,13.5,119.0,,42.731,-71.952,363.3,RINDGE 3.2 ESE
2025-04-14,US1NHCH0020,US1NHCH0020,Spring,,,0.0,0.0,,42.731,-71.952,363.3,RINDGE 3.2 ESE
2025-04-15,US1NHCH0020,US1NHCH0020,Spring,,,4.6,,,42.731,-71.952,363.3,RINDGE 3.2 ESE
2025-04-16,US1NHCH0020,US1NHCH0020,Spring,,,2.5,,,42.731,-71.952,363.3,RINDGE 3.2 ESE
2025-04-17,US1NHCH0020,US1NHCH0020,Spring,,,0.0,0.0,,42.731,-71.952,363.3,RINDGE 3.2 ESE
2025-04-18,US1NHCH0020,US1NHCH0020,Spring,,,0.0,0.0,,42.731,-71.952,363.3,RINDGE 3.2 ESE
2025-04-19,US1NHCH0020,US1NHCH0020,Spring,,,0.0,0.0,,42.731,-71.952,363.3,RINDGE 3.2 ESE
2025-04-20,US1NHCH0020,US1NHCH0020,Spring,,,1.8,,,42.731,-71.952,363.3,RINDGE 3.2 ESE
2025-04-21,US1NHCH0020,US1NHCH0020,Spring,,,0.0,0.0,,42.731,-71.952,363.3,RINDGE 3.2 ESE
2025-04-22,US1NHCH0020,US1NHCH0020,Spring,,,4.1,,,42.731,-71.952,363.3,RINDGE 3.2 ESE
2025-03-26,US1NHCH0021,US1NHCH0021,Spring,,,0.0,0.0,,42.9313,-72.2682,148.7,KEENE 2.0 SE
2025-03-27,US1NHCH0021,US1NHCH0021,Spring,,,0.0,0.0,,42.9313,-72.2682,148.7,KEENE 2.0 SE
2025-03-28,US1NHCH0021,US1NHCH0021,Spring,,,0.0,0.0,,42.9313,-72.2682,148.7,KEENE 2.0 SE
2025-03-29,US1NHCH0021,US1NHCH0021,Spring,,,6.4,0.0,,42.9313,-72.2682,148.7,KEENE 2.0 SE
2025-03-30,US1NHCH0021,US1NHCH0021,Spring,,,11.4,0.0,,42.9313,-72.2682,148.7,KEENE 2.0 SE
2025-03-31,US1NHCH0021,US1NHCH0021,Spring,,,2.5,0.0,,42.9313,-72.2682,148.7,KEENE 2.0 SE
2025-04-04,US1NHCH0021,US1NHCH0021,Spring,,,,,0.0,42.9313,-72.2682,148.7,KEENE 2.0 SE
2025-04-05,US1NHCH0021,US1NHCH0021,Spring,,,0.0,0.0,,42.9313,-72.2682,148.7,KEENE 2.0 SE
2025-04-06,US1NHCH0021,US1NHCH0021,Spring,,,10.4,0.0,,42.9313,-72.2682,148.7,KEENE 2.0 SE
2025-04-07,US1NHCH0021,US1NHCH0021,Spring,,,3.8,0.0,,42.9313,-72.2682,148.7,KEENE 2.0 SE
2025-04-08,US1NHCH0021,US1NHCH0021,Spring,,,2.0,0.0,,42.9313,-72.2682,148.7,KEENE 2.0 SE
2025-04-09,US1NHCH0021,US1NHCH0021,Spring,,,0.5,0.0,,42.9313,-72.2682,148.7,KEENE 2.0 SE
2025-04-10,US1NHCH0021,US1NHCH0021,Spring,,,0.0,0.0,,42.9313,-72.2682,148.7,KEENE 2.0 SE
2025-04-11,US1NHCH0021,US1NHCH0021,Spring,,,4.6,,,42.9313,-72.2682,148.7,KEENE 2.0 SE
2025-04-12,US1NHCH0021,US1NHCH0021,Spring,,,2.8,,,42.9313,-72.2682,148.7,KEENE 2.0 SE
2025-04-13,US1NHCH0021,US1NHCH0021,Spring,,,6.4,,,42.9313,-72.2682,148.7,KEENE 2.0 SE
2025-04-14,US1NHCH0021,US1NHCH0021,Spring,,,0.0,0.0,,42.9313,-72.2682,148.7,KEENE 2.0 SE
2025-04-15,US1NHCH0021,US1NHCH0021,Spring,,,4.3,0.0,,42.9313,-72.2682,148.7,KEENE 2.0 SE
2025-04-16,US1NHCH0021,US1NHCH0021,Spring,,,1.3,0.0,,42.9313,-72.2682,148.7,KEENE 2.0 SE
2025-04-17,US1NHCH0021,US1NHCH0021,Spring,,,0.0,0.0,,42.9313,-72.2682,148.7,KEENE 2.0 SE
2025-04-18,US1NHCH0021,US1NHCH0021,Spring,,,0.0,0.0,,42.9313,-72.2682,148.7,KEENE 2.0 SE
2025-04-19,US1NHCH0021,US1NHCH0021,Spring,,,0.0,0.0,,42.9313,-72.2682,148.7,KEENE 2.0 SE
2025-04-20,US1NHCH0021,US1NHCH0021,Spring,,,3.6,0.0,,42.9313,-72.2682,148.7,KEENE 2.0 SE
2025-04-21,US1NHCH0021,US1NHCH0021,Spring,,,0.0,0.0,,42.9313,-72.2682,148.7,KEENE 2.0 SE
2025-04-22,US1NHCH0021,US1NHCH0021,Spring,,,3.0,0.0,,42.9313,-72.2682,148.7,KEENE 2.0 SE
2025-03-26,US1NHCH0024,US1NHCH0024,Spring,,,0.0,0.0,,42.984,-72.314,158.8,KEENE 2.5 NNW
2025-03-27,US1NHCH0024,US1NHCH0024,Spring,,,0.0,0.0,,42.984,-72.314,158.8,KEENE 2.5 NNW
2025-03-28,US1NHCH0024,US1NHCH0024,Spring,,,0.0,0.0,,42.984,-72.314,158.8,KEENE 2.5 NNW
2025-03-29,US1NHCH0024,US1NHCH0024,Spring,,,8.4,,,42.984,-72.314,158.8,KEENE 2.5 NNW
2025-03-30,US1NHCH0024,US1NHCH0024,Spring,,,13.7,,,42.984,-72.314,158.8,KEENE 2.5 NNW
2025-03-31,US1NHCH0024,US1NHCH0024,Spring,,,1.8,,,42.984,-72.314,158.8,KEENE 2.5 NNW
2025-04-01,US1NHCH0024,US1NHCH0024,Spring,,,4.8,,,42.984,-72.314,158.8,KEENE 2.5 NNW
2025-04-02,US1NHCH0024,US1NHCH0024,Spring,,,0.0,0.0,,42.984,-72.314,158.8,KEENE 2.5 NNW
2025-04-03,US1NHCH0024,US1NHCH0024,Spring,,,19.8,,,42.984,-72.314,158.8,KEENE 2.5 NNW
2025-04-04,US1NHCH0024,US1NHCH0024,Spring,,,7.6,,,42.984,-72.314,158.8,KEENE 2.5 NNW
2025-04-05,US1NHCH0024,US1NHCH0024,Spring,,,0.0,0.0,,42.984,-72.314,158.8,KEENE 2.5 NNW
2025-04-06,US1NHCH0024,US1NHCH0024,Spring,,,14.2,,,42.984,-72.314,158.8,KEENE 2.5 NNW
2025-04-07,US1NHCH0024,US1NHCH0024,Spring,,,0.8,0.0,,42.984,-72.314,158.8,KEENE 2.5 NNW
2025-04-08,US1NHCH0024,US1NHCH0024,Spring,,,1.3,,,42.984,-72.314,158.8,KEENE 2.5 NNW
2025-04-09,US1NHCH0024,US1NHCH0024,Spring,,,0.5,,,42.984,-72.314,158.8,KEENE 2.5 NNW
2025-04-10,US1NHCH0024,US1NHCH0024,Spring,,,0.0,0.0,,42.984,-72.314,158.8,KEENE 2.5 NNW
2025-04-11,US1NHCH0024,US1NHCH0024,Spring,,,4.6,5.0,,42.984,-72.314,158.8,KEENE 2.5 NNW
2025-04-12,US1NHCH0024,US1NHCH0024,Spring,,,8.6,51.0,,42.984,-72.314,158.8,KEENE 2.5 NNW
2025-04-13,US1NHCH0024,US1NHCH0024,Spring,,,0.0,0.0,,42.984,-72.314,158.8,KEENE 2.5 NNW
2025-04-14,US1NHCH0024,US1NHCH0024,Spring,,,0.0,0.0,,42.984,-72.314,158.8,KEENE 2.5 NNW
2025-04-15,US1NHCH0024,US1NHCH0024,Spring,,,4.6,,,42.984,-72.314,158.8,KEENE 2.5 NNW
2025-04-16,US1NHCH0024,US1NHCH0024,Spring,,,1.3,,,42.984,-72.314,158.8,KEENE 2.5 NNW
2025-04-17,US1NHCH0024,US1NHCH0024,Spring,,,0.0,0.0,,42.984,-72.314,158.8,KEENE 2.5 NNW
2025-04-18,US1NHCH0024,US1NHCH0024,Spring,,,0.0,0.0,,42.984,-72.314,158.8,KEENE 2.5 NNW
2025-04-19,US1NHCH0024,US1NHCH0024,Spring,,,0.0,0.0,,42.984,-72.314,158.8,KEENE 2.5 NNW
2025-04-20,US1NHCH0024,US1NHCH0024,Spring,,,5.1,,,42.984,-72.314,158.8,KEENE 2.5 NNW
2025-04-21,US1NHCH0024,US1NHCH0024,Spring,,,0.0,0.0,,42.984,-72.314,158.8,KEENE 2.5 NNW
2025-04-22,US1NHCH0024,US1NHCH0024,Spring,,,3.3,,,42.984,-72.314,158.8,KEENE 2.5 NNW
2025-03-26,US1NHCH0026,US1NHCH0026,Spring,,,0.0,0.0,,42.9293,-72.2728,145.1,KEENE 1.9 SE
2025-03-27,US1NHCH0026,US1NHCH0026,Spring,,,0.0,0.0,,42.9293,-72.2728,145.1,KEENE 1.9 SE
2025-03-29,US1NHCH0026,US1NHCH0026,Spring,,,6.9,,,42.9293,-72.2728,145.1,KEENE 1.9 SE
2025-03-30,US1NHCH0026,US1NHCH0026,Spring,,,11.9,,,42.9293,-72.2728,145.1,KEENE 1.9 SE
2025-03-31,US1NHCH0026,US1NHCH0026,Spring,,,3.3,,,42.9293,-72.2728,145.1,KEENE 1.9 SE
2025-04-01,US1NHCH0026,US1NHCH0026,Spring,,,4.3,,,42.9293,-72.2728,145.1,KEENE 1.9 SE
2025-04-03,US1NHCH0026,US1NHCH0026,Spring,,,18.0,,,42.9293,-72.2728,145.1,KEENE 1.9 SE
2025-04-04,US1NHCH0026,US1NHCH0026,Spring,,,8.1,,,42.9293,-72.2728,145.1,KEENE 1.9 SE
2025-04-05,US1NHCH0026,US1NHCH0026,Spring,,,0.0,0.0,,42.9293,-72.2728,145.1,KEENE 1.9 SE
2025-04-06,US1NHCH0026,US1NHCH0026,Spring,,,10.4,,,42.9293,-72.2728,145.1,KEENE 1.9 SE
2025-04-07,US1NHCH0026,US1NHCH0026,Spring,,,5.3,,,42.9293,-72.2728,145.1,KEENE 1.9 SE
2025-04-08,US1NHCH0026,US1NHCH0026,Spring,,,2.8,,,42.9293,-72.2728,145.1,KEENE 1.9 SE
2025-04-09,US1NHCH0026,US1NHCH0026,Spring,,,1.3,,,42.9293,-72.2728,145.1,KEENE 1.9 SE
2025-04-10,US1NHCH0026,US1NHCH0026,Spring,,,0.0,0.0,,42.9293,-72.2728,145.1,KEENE 1.9 SE
2025-04-12,US1NHCH0026,US1NHCH0026,Spring,,,4.3,,,42.9293,-72.2728,145.1,KEENE 1.9 SE
2025-04-13,US1NHCH0026,US1NHCH0026,Spring,,,5.1,,,42.9293,-72.2728,145.1,KEENE 1.9 SE
2025-04-14,US1NHCH0026,US1NHCH0026,Spring,,,0.0,0.0,,42.9293,-72.2728,145.1,KEENE 1.9 SE
2025-04-15,US1NHCH0026,US1NHCH0026,Spring,,,5.1,,,42.9293,-72.2728,145.1,KEENE 1.9 SE
2025-04-16,US1NHCH0026,US1NHCH0026,Spring,,,1.0,,,42.9293,-72.2728,145.1,KEENE 1.9 SE
2025-04-17,US1NHCH0026,US1NHCH0026,Spring,,,0.0,,,42.9293,-72.2728,145.1,KEENE 1.9 SE
2025-04-18,US1NHCH0026,US1NHCH0026,Spring,,,0.0,0.0,,42.9293,-72.2728,145.1,KEENE 1.9 SE
2025-04-19,US1NHCH0026,US1NHCH0026,Spring,,,0.0,0.0,,42.9293,-72.2728,145.1,KEENE 1.9 SE
2025-04-20,US1NHCH0026,US1NHCH0026,Spring,,,6.1,,,42.9293,-72.2728,145.1,KEENE 1.9 SE
2025-04-21,US1NHCH0026,US1NHCH0026,Spring,,,0.0,0.0,,42.9293,-72.2728,145.1,KEENE 1.9 SE
2025-04-22,US1NHCH0026,US1NHCH0026,Spring,,,3.8,,,42.9293,-72.2728,145.1,KEENE 1.9 SE
2025-03-26,US1NHCH0031,US1NHCH0031,Spring,,,0.0,0.0,,42.8202,-72.5093,114.0,HINSDALE 2.5 NNW
2025-03-27,US1NHCH0031,US1NHCH0031,Spring,,,0.0,0.0,,42.8202,-72.5093,114.0,HINSDALE 2.5 NNW
2025-03-28,US1NHCH0031,US1NHCH0031,Spring,,,0.0,0.0,,42.8202,-72.5093,114.0,HINSDALE 2.5 NNW
2025-03-29,US1NHCH0031,US1NHCH0031,Spring,,,3.3,,,42.8202,-72.5093,114.0,HINSDALE 2.5 NNW
2025-03-30,US1NHCH0031,US1NHCH0031,Spring,,,8.9,,,42.8202,-72.5093,114.0,HINSDALE 2.5 NNW
2025-03-31,US1NHCH0031,US1NHCH0031,Spring,,,3.8,,,42.8202,-72.5093,114.0,HINSDALE 2.5 NNW
2025-04-01,US1NHCH0031,US1NHCH0031,Spring,,,3.3,,,42.8202,-72.5093,114.0,HINSDALE 2.5 NNW
2025-04-02,US1NHCH0031,US1NHCH0031,Spring,,,0.0,0.0,,42.8202,-72.5093,114.0,HINSDALE 2.5 NNW
2025-04-03,US1NHCH0031,US1NHCH0031,Spring,,,15.2,,,42.8202,-72.5093,114.0,HINSDALE 2.5 NNW
2025-04-04,US1NHCH0031,US1NHCH0031,Spring,,,6.6,,,42.8202,-72.5093,114.0,HINSDALE 2.5 NNW
2025-04-05,US1NHCH0031,US1NHCH0031,Spring,,,0.0,0.0,,42.8202,-72.5093,114.0,HINSDALE 2.5 NNW
2025-04-06,US1NHCH0031,US1NHCH0031,Spring,,,15.0,,,42.8202,-72.5093,114.0,HINSDALE 2.5 NNW
2025-04-07,US1NHCH0031,US1NHCH0031,Spring,,,3.3,,,42.8202,-72.5093,114.0,HINSDALE 2.5 NNW
2025-04-08,US1NHCH0031,US1NHCH0031,Spring,,,4.3,,,42.8202,-72.5093,114.0,HINSDALE 2.5 NNW
2025-04-09,US1NHCH0031,US1NHCH0031,Spring,,,0.8,,,42.8202,-72.5093,114.0,HINSDALE 2.5 NNW
2025-04-10,US1NHCH0031,US1NHCH0031,Spring,,,0.0,0.0,,42.8202,-72.5093,114.0,HINSDALE 2.5 NNW
2025-04-11,US1NHCH0031,US1NHCH0031,Spring,,,3.6,3.0,3.0,42.8202,-72.5093,114.0,HINSDALE 2.5 NNW
2025-04-12,US1NHCH0031,US1NHCH0031,Spring,,,11.2,43.0,43.0,42.8202,-72.5093,114.0,HINSDALE 2.5 NNW
2025-04-13,US1NHCH0031,US1NHCH0031,Spring,,,3.6,,,42.8202,-72.5093,114.0,HINSDALE 2.5 NNW
2025-04-14,US1NHCH0031,US1NHCH0031,Spring,,,0.0,0.0,,42.8202,-72.5093,114.0,HINSDALE 2.5 NNW
2025-04-15,US1NHCH0031,US1NHCH0031,Spring,,,2.3,,,42.8202,-72.5093,114.0,HINSDALE 2.5 NNW
2025-04-16,US1NHCH0031,US1NHCH0031,Spring,,,1.3,,,42.8202,-72.5093,114.0,HINSDALE 2.5 NNW
2025-04-17,US1NHCH0031,US1NHCH0031,Spring,,,0.0,,,42.8202,-72.5093,114.0,HINSDALE 2.5 NNW
2025-04-18,US1NHCH0031,US1NHCH0031,Spring,,,0.0,0.0,,42.8202,-72.5093,114.0,HINSDALE 2.5 NNW
2025-04-19,US1NHCH0031,US1NHCH0031,Spring,,,0.0,0.0,,42.8202,-72.5093,114.0,HINSDALE 2.5 NNW
2025-04-20,US1NHCH0031,US1NHCH0031,Spring,,,2.0,,,42.8202,-72.5093,114.0,HINSDALE 2.5 NNW
2025-04-21,US1NHCH0031,US1NHCH0031,Spring,,,0.0,0.0,,42.8202,-72.5093,114.0,HINSDALE 2.5 NNW
2025-04-22,US1NHCH0031,US1NHCH0031,Spring,,,2.3,,,42.8202,-72.5093,114.0,HINSDALE 2.5 NNW
2025-03-26,US1NHCH0032,US1NHCH0032,Spring,,,0.0,0.0,,42.9384,-72.3163,155.1,KEENE 1.2 SW
2025-03-29,US1NHCH0032,US1NHCH0032,Spring,,,7.1,,,42.9384,-72.3163,155.1,KEENE 1.2 SW
2025-03-30,US1NHCH0032,US1NHCH0032,Spring,,,13.2,,,42.9384,-72.3163,155.1,KEENE 1.2 SW
2025-03-31,US1NHCH0032,US1NHCH0032,Spring,,,2.3,,,42.9384,-72.3163,155.1,KEENE 1.2 SW
2025-04-01,US1NHCH0032,US1NHCH0032,Spring,,,4.6,,,42.9384,-72.3163,155.1,KEENE 1.2 SW
2025-04-02,US1NHCH0032,US1NHCH0032,Spring,,,0.0,0.0,,42.9384,-72.3163,155.1,KEENE 1.2 SW
2025-04-03,US1NHCH0032,US1NHCH0032,Spring,,,19.6,,,42.9384,-72.3163,155.1,KEENE 1.2 SW
2025-04-05,US1NHCH0032,US1NHCH0032,Spring,,,0.0,0.0,,42.9384,-72.3163,155.1,KEENE 1.2 SW
2025-04-06,US1NHCH0032,US1NHCH0032,Spring,,,15.0,,,42.9384,-72.3163,155.1,KEENE 1.2 SW
2025-04-12,US1NHCH0032,US1NHCH0032,Spring,,,11.2,,,42.9384,-72.3163,155.1,KEENE 1.2 SW
2025-04-13,US1NHCH0032,US1NHCH0032,Spring,,,0.3,,,42.9384,-72.3163,155.1,KEENE 1.2 SW
2025-04-14,US1NHCH0032,US1NHCH0032,Spring,,,0.0,0.0,,42.9384,-72.3163,155.1,KEENE 1.2 SW
2025-04-15,US1NHCH0032,US1NHCH0032,Spring,,,4.1,,,42.9384,-72.3163,155.1,KEENE 1.2 SW
2025-04-16,US1NHCH0032,US1NHCH0032,Spring,,,1.5,,,42.9384,-72.3163,155.1,KEENE 1.2 SW
2025-04-17,US1NHCH0032,US1NHCH0032,Spring,,,0.0,0.0,,42.9384,-72.3163,155.1,KEENE 1.2 SW
2025-04-18,US1NHCH0032,US1NHCH0032,Spring,,,0.0,0.0,,42.9384,-72.3163,155.1,KEENE 1.2 SW
2025-04-19,US1NHCH0032,US1NHCH0032,Spring,,,0.0,0.0,,42.9384,-72.3163,155.1,KEENE 1.2 SW
2025-04-20,US1NHCH0032,US1NHCH0032,Spring,,,4.1,,,42.9384,-72.3163,155.1,KEENE 1.2 SW
2025-03-26,US1NHCR0015,US1NHCR0015,Spring,,,17.0,0.0,145.0,44.1907,-71.226,355.4,JACKSON 3.7 NW
2025-03-27,US1NHCR0015,US1NHCR0015,Spring,,,1.0,0.0,127.0,44.1907,-71.226,355.4,JACKSON 3.7 NW
2025-03-28,US1NHCR0015,US1NHCR0015,Spring,,,0.0,0.0,89.0,44.1907,-71.226,355.4,JACKSON 3.7 NW
2025-03-29,US1NHCR0015,US1NHCR0015,Spring,,,13.2,152.0,272.0,44.1907,-71.226,355.4,JACKSON 3.7 NW
2025-03-30,US1NHCR0015,US1NHCR0015,Spring,,,8.4,0.0,279.0,44.1907,-71.226,355.4,JACKSON 3.7 NW
2025-03-31,US1NHCR0015,US1NHCR0015,Spring,,,9.9,0.0,246.0,44.1907,-71.226,355.4,JACKSON 3.7 NW
2025-04-01,US1NHCR0015,US1NHCR0015,Spring,,,3.3,0.0,216.0,44.1907,-71.226,355.4,JACKSON 3.7 NW
2025-04-02,US1NHCR0015,US1NHCR0015,Spring,,,0.0,0.0,191.0,44.1907,-71.226,355.4,JACKSON 3.7 NW
2025-04-03,US1NHCR0015,US1NHCR0015,Spring,,,20.1,25.0,216.0,44.1907,-71.226,355.4,JACKSON 3.7 NW
2025-04-04,US1NHCR0015,US1NHCR0015,Spring,,,0.5,0.0,198.0,44.1907,-71.226,355.4,JACKSON 3.7 NW
2025-04-05,US1NHCR0015,US1NHCR0015,Spring,,,0.0,0.0,170.0,44.1907,-71.226,355.4,JACKSON 3.7 NW
2025-04-06,US1NHCR0015,US1NHCR0015,Spring,,,8.6,0.0,183.0,44.1907,-71.226,355.4,JACKSON 3.7 NW
2025-04-07,US1NHCR0015,US1NHCR0015,Spring,,,0.0,0.0,140.0,44.1907,-71.226,355.4,JACKSON 3.7 NW
2025-04-08,US1NHCR0015,US1NHCR0015,Spring,,,0.0,0.0,132.0,44.1907,-71.226,355.4,JACKSON 3.7 NW
2025-04-09,US1NHCR0015,US1NHCR0015,Spring,,,2.3,0.0,132.0,44.1907,-71.226,355.4,JACKSON 3.7 NW
2025-04-10,US1NHCR0015,US1NHCR0015,Spring,,,0.0,0.0,127.0,44.1907,-71.226,355.4,JACKSON 3.7 NW
2025-04-11,US1NHCR0015,US1NHCR0015,Spring,,,0.5,0.0,119.0,44.1907,-71.226,355.4,JACKSON 3.7 NW
2025-04-12,US1NHCR0015,US1NHCR0015,Spring,,,2.3,5.0,107.0,44.1907,-71.226,355.4,JACKSON 3.7 NW
2025-04-15,US1NHCR0015,US1NHCR0015,Spring,,,1.0,0.0,61.0,44.1907,-71.226,355.4,JACKSON 3.7 NW
2025-04-16,US1NHCR0015,US1NHCR0015,Spring,,,0.0,0.0,38.0,44.1907,-71.226,355.4,JACKSON 3.7 NW
2025-04-17,US1NHCR0015,US1NHCR0015,Spring,,,0.3,0.0,18.0,44.1907,-71.226,355.4,JACKSON 3.7 NW
2025-04-18,US1NHCR0015,US1NHCR0015,Spring,,,0.0,0.0,0.0,44.1907,-71.226,355.4,JACKSON 3.7 NW
2025-04-19,US1NHCR0015,US1NHCR0015,Spring,,,1.3,0.0,0.0,44.1907,-71.226,355.4,JACKSON 3.7 NW
2025-03-26,US1NHCR0034,US1NHCR0034,Spring,,,0.0,0.0,,43.6392,-71.0521,196.6,WAKEFIELD 6.0 NNW
2025-03-27,US1NHCR0034,US1NHCR0034,Spring,,,0.0,0.0,,43.6392,-71.0521,196.6,WAKEFIELD 6.0 NNW
2025-03-28,US1NHCR0034,US1NHCR0034,Spring,,,0.0,0.0,,43.6392,-71.0521,196.6,WAKEFIELD 6.0 NNW
2025-03-29,US1NHCR0034,US1NHCR0034,Spring,,,7.6,41.0,,43.6392,-71.0521,196.6,WAKEFIELD 6.0 NNW
2025-03-30,US1NHCR0034,US1NHCR0034,Spring,,,8.9,38.0,76.0,43.6392,-71.0521,196.6,WAKEFIELD 6.0 NNW
2025-03-31,US1NHCR0034,US1NHCR0034,Spring,,,6.6,0.0,,43.6392,-71.0521,196.6,WAKEFIELD 6.0 NNW
2025-04-01,US1NHCR0034,US1NHCR0034,Spring,,,2.3,0.0,,43.6392,-71.0521,196.6,WAKEFIELD 6.0 NNW
2025-04-02,US1NHCR0034,US1NHCR0034,Spring,,,0.0,0.0,,43.6392,-71.0521,196.6,WAKEFIELD 6.0 NNW
2025-04-03,US1NHCR0034,US1NHCR0034,Spring,,,9.4,5.0,,43.6392,-71.0521,196.6,WAKEFIELD 6.0 NNW
2025-04-04,US1NHCR0034,US1NHCR0034,Spring,,,6.4,0.0,,43.6392,-71.0521,196.6,WAKEFIELD 6.0 NNW
2025-04-06,US1NHCR0034,US1NHCR0034,Spring,,,9.7,0.0,,43.6392,-71.0521,196.6,WAKEFIELD 6.0 NNW
2025-04-07,US1NHCR0034,US1NHCR0034,Spring,,,0.8,0.0,,43.6392,-71.0521,196.6,WAKEFIELD 6.0 NNW
2025-04-08,US1NHCR0034,US1NHCR0034,Spring,,,0.0,0.0,,43.6392,-71.0521,196.6,WAKEFIELD 6.0 NNW
2025-04-09,US1NHCR0034,US1NHCR0034,Spring,,,1.8,0.0,,43.6392,-71.0521,196.6,WAKEFIELD 6.0 NNW
2025-04-10,US1NHCR0034,US1NHCR0034,Spring,,,0.0,0.0,,43.6392,-71.0521,196.6,WAKEFIELD 6.0 NNW
2025-04-11,US1NHCR0034,US1NHCR0034,Spring,,,0.8,0.0,,43.6392,-71.0521,196.6,WAKEFIELD 6.0 NNW
2025-04-12,US1NHCR0034,US1NHCR0034,Spring,,,3.0,30.0,,43.6392,-71.0521,196.6,WAKEFIELD 6.0 NNW
2025-04-13,US1NHCR0034,US1NHCR0034,Spring,,,9.4,30.0,,43.6392,-71.0521,196.6,WAKEFIELD 6.0 NNW
2025-04-14,US1NHCR0034,US1NHCR0034,Spring,,,0.3,0.0,,43.6392,-71.0521,196.6,WAKEFIELD 6.0 NNW
2025-04-15,US1NHCR0034,US1NHCR0034,Spring,,,4.6,0.0,,43.6392,-71.0521,196.6,WAKEFIELD 6.0 NNW
2025-04-16,US1NHCR0034,US1NHCR0034,Spring,,,0.0,0.0,,43.6392,-71.0521,196.6,WAKEFIELD 6.0 NNW
2025-04-17,US1NHCR0034,US1NHCR0034,Spring,,,0.0,0.0,,43.6392,-71.0521,196.6,WAKEFIELD 6.0 NNW
2025-04-18,US1NHCR0034,US1NHCR0034,Spring,,,0.0,0.0,,43.6392,-71.0521,196.6,WAKEFIELD 6.0 NNW
2025-04-19,US1NHCR0034,US1NHCR0034,Spring,,,0.0,0.0,,43.6392,-71.0521,196.6,WAKEFIELD 6.0 NNW
2025-04-20,US1NHCR0034,US1NHCR0034,Spring,,,0.0,0.0,,43.6392,-71.0521,196.6,WAKEFIELD 6.0 NNW
2025-04-21,US1NHCR0034,US1NHCR0034,Spring,,,0.0,0.0,,43.6392,-71.0521,196.6,WAKEFIELD 6.0 NNW
2025-04-22,US1NHCR0034,US1NHCR0034,Spring,,,2.5,0.0,,43.6392,-71.0521,196.6,WAKEFIELD 6.0 NNW
2025-03-26,US1NHCR0041,US1NHCR0041,Spring,,,0.0,0.0,,43.9265,-71.2156,201.2,ALBANY 2.8 SW
2025-03-27,US1NHCR0041,US1NHCR0041,Spring,,,0.0,0.0,,43.9265,-71.2156,201.2,ALBANY 2.8 SW
2025-03-28,US1NHCR0041,US1NHCR0041,Spring,,,0.0,0.0,,43.9265,-71.2156,201.2,ALBANY 2.8 SW
2025-03-29,US1NHCR0041,US1NHCR0041,Spring,,,14.7,147.0,,43.9265,-71.2156,201.2,ALBANY 2.8 SW
2025-03-30,US1NHCR0041,US1NHCR0041,Spring,,,7.6,,,43.9265,-71.2156,201.2,ALBANY 2.8 SW
2025-03-31,US1NHCR0041,US1NHCR0041,Spring,,,5.3,,,43.9265,-71.2156,201.2,ALBANY 2.8 SW
2025-04-01,US1NHCR0041,US1NHCR0041,Spring,,,0.0,0.0,38.0,43.9265,-71.2156,201.2,ALBANY 2.8 SW
2025-04-02,US1NHCR0041,US1NHCR0041,Spring,,,0.0,0.0,25.0,43.9265,-71.2156,201.2,ALBANY 2.8 SW
2025-04-03,US1NHCR0041,US1NHCR0041,Spring,,,16.3,38.0,38.0,43.9265,-71.2156,201.2,ALBANY 2.8 SW
2025-04-04,US1NHCR0041,US1NHCR0041,Spring,,,5.6,,,43.9265,-71.2156,201.2,ALBANY 2.8 SW
2025-04-06,US1NHCR0041,US1NHCR0041,Spring,,,8.9,,,43.9265,-71.2156,201.2,ALBANY 2.8 SW
2025-04-07,US1NHCR0041,US1NHCR0041,Spring,,,0.3,,,43.9265,-71.2156,201.2,ALBANY 2.8 SW
2025-04-08,US1NHCR0041,US1NHCR0041,Spring,,,0.0,0.0,,43.9265,-71.2156,201.2,ALBANY 2.8 SW
2025-04-09,US1NHCR0041,US1NHCR0041,Spring,,,0.0,0.0,,43.9265,-71.2156,201.2,ALBANY 2.8 SW
2025-04-10,US1NHCR0041,US1NHCR0041,Spring,,,0.0,0.0,,43.9265,-71.2156,201.2,ALBANY 2.8 SW
2025-04-11,US1NHCR0041,US1NHCR0041,Spring,,,0.8,,,43.9265,-71.2156,201.2,ALBANY 2.8 SW
2025-04-12,US1NHCR0041,US1NHCR0041,Spring,,,5.1,10.0,13.0,43.9265,-71.2156,201.2,ALBANY 2.8 SW
2025-04-13,US1NHCR0041,US1NHCR0041,Spring,,,7.4,,,43.9265,-71.2156,201.2,ALBANY 2.8 SW
2025-04-14,US1NHCR0041,US1NHCR0041,Spring,,,0.3,,,43.9265,-71.2156,201.2,ALBANY 2.8 SW
2025-04-15,US1NHCR0041,US1NHCR0041,Spring,,,2.3,,,43.9265,-71.2156,201.2,ALBANY 2.8 SW
2025-04-16,US1NHCR0041,US1NHCR0041,Spring,,,0.0,,,43.9265,-71.2156,201.2,ALBANY 2.8 SW
2025-04-17,US1NHCR0041,US1NHCR0041,Spring,,,0.0,0.0,,43.9265,-71.2156,201.2,ALBANY 2.8 SW
2025-04-18,US1NHCR0041,US1NHCR0041,Spring,,,0.0,0.0,,43.9265,-71.2156,201.2,ALBANY 2.8 SW
2025-04-19,US1NHCR0041,US1NHCR0041,Spring,,,0.0,0.0,,43.9265,-71.2156,201.2,ALBANY 2.8 SW
2025-04-20,US1NHCR0041,US1NHCR0041,Spring,,,0.0,0.0,,43.9265,-71.2156,201.2,ALBANY 2.8 SW
2025-04-21,US1NHCR0041,US1NHCR0041,Spring,,,0.0,0.0,,43.9265,-71.2156,201.2,ALBANY 2.8 SW
2025-04-22,US1NHCR0041,US1NHCR0041,Spring,,,0.8,,,43.9265,-71.2156,201.2,ALBANY 2.8 SW
2025-03-26,US1NHCR0046,US1NHCR0046,Spring,,,0.0,0.0,,44.0296,-71.1166,171.0,NORTH CONWAY 1.8 SSE
2025-03-27,US1NHCR0046,US1NHCR0046,Spring,,,0.0,0.0,,44.0296,-71.1166,171.0,NORTH CONWAY 1.8 SSE
2025-03-28,US1NHCR0046,US1NHCR0046,Spring,,,0.0,0.0,,44.0296,-71.1166,171.0,NORTH CONWAY 1.8 SSE
2025-03-29,US1NHCR0046,US1NHCR0046,Spring,,,13.0,127.0,152.0,44.0296,-71.1166,171.0,NORTH CONWAY 1.8 SSE
2025-03-30,US1NHCR0046,US1NHCR0046,Spring,,,5.6,,,44.0296,-71.1166,171.0,NORTH CONWAY 1.8 SSE
2025-04-01,US1NHCR0046,US1NHCR0046,Spring,,,10.4,,,44.0296,-71.1166,171.0,NORTH CONWAY 1.8 SSE
2025-04-02,US1NHCR0046,US1NHCR0046,Spring,,,0.0,0.0,,44.0296,-71.1166,171.0,NORTH CONWAY 1.8 SSE
2025-04-03,US1NHCR0046,US1NHCR0046,Spring,,,17.8,13.0,25.0,44.0296,-71.1166,171.0,NORTH CONWAY 1.8 SSE
2025-04-04,US1NHCR0046,US1NHCR0046,Spring,,,0.0,,,44.0296,-71.1166,171.0,NORTH CONWAY 1.8 SSE
2025-04-05,US1NHCR0046,US1NHCR0046,Spring,,,0.0,0.0,,44.0296,-71.1166,171.0,NORTH CONWAY 1.8 SSE
2025-04-06,US1NHCR0046,US1NHCR0046,Spring,,,6.9,,,44.0296,-71.1166,171.0,NORTH CONWAY 1.8 SSE
2025-04-07,US1NHCR0046,US1NHCR0046,Spring,,,0.0,0.0,,44.0296,-71.1166,171.0,NORTH CONWAY 1.8 SSE
2025-04-08,US1NHCR0046,US1NHCR0046,Spring,,,0.0,0.0,,44.0296,-71.1166,171.0,NORTH CONWAY 1.8 SSE
2025-04-09,US1NHCR0046,US1NHCR0046,Spring,,,2.8,,,44.0296,-71.1166,171.0,NORTH CONWAY 1.8 SSE
2025-04-10,US1NHCR0046,US1NHCR0046,Spring,,,0.0,0.0,,44.0296,-71.1166,171.0,NORTH CONWAY 1.8 SSE
2025-04-11,US1NHCR0046,US1NHCR0046,Spring,,,0.0,,,44.0296,-71.1166,171.0,NORTH CONWAY 1.8 SSE
2025-04-12,US1NHCR0046,US1NHCR0046,Spring,,,9.4,,,44.0296,-71.1166,171.0,NORTH CONWAY 1.8 SSE
2025-04-15,US1NHCR0046,US1NHCR0046,Spring,,,0.0,0.0,,44.0296,-71.1166,171.0,NORTH CONWAY 1.8 SSE
2025-04-16,US1NHCR0046,US1NHCR0046,Spring,,,0.0,,,44.0296,-71.1166,171.0,NORTH CONWAY 1.8 SSE
2025-04-17,US1NHCR0046,US1NHCR0046,Spring,,,0.0,0.0,,44.0296,-71.1166,171.0,NORTH CONWAY 1.8 SSE
2025-04-18,US1NHCR0046,US1NHCR0046,Spring,,,0.0,0.0,,44.0296,-71.1166,171.0,NORTH CONWAY 1.8 SSE
2025-04-19,US1NHCR0046,US1NHCR0046,Spring,,,0.3,,,44.0296,-71.1166,171.0,NORTH CONWAY 1.8 SSE
2025-04-20,US1NHCR0046,US1NHCR0046,Spring,,,0.0,0.0,,44.0296,-71.1166,171.0,NORTH CONWAY 1.8 SSE
2025-04-21,US1NHCR0046,US1NHCR0046,Spring,,,0.0,0.0,,44.0296,-71.1166,171.0,NORTH CONWAY 1.8 SSE
2025-04-22,US1NHCR0046,US1NHCR0046,Spring,,,0.5,,,44.0296,-71.1166,171.0,NORTH CONWAY 1.8 SSE
2025-03-26,US1NHCR0050,US1NHCR0050,Spring,,,0.0,0.0,89.0,43.5732,-71.1894,216.1,WOLFEBORO 1.5 SE
2025-03-27,US1NHCR0050,US1NHCR0050,Spring,,,0.0,0.0,25.0,43.5732,-71.1894,216.1,WOLFEBORO 1.5 SE
2025-03-28,US1NHCR0050,US1NHCR0050,Spring,,,0.0,0.0,0.0,43.5732,-71.1894,216.1,WOLFEBORO 1.5 SE
2025-03-29,US1NHCR0050,US1NHCR0050,Spring,,,8.4,28.0,28.0,43.5732,-71.1894,216.1,WOLFEBORO 1.5 SE
2025-03-30,US1NHCR0050,US1NHCR0050,Spring,,,9.9,13.0,38.0,43.5732,-71.1894,216.1,WOLFEBORO 1.5 SE
2025-03-31,US1NHCR0050,US1NHCR0050,Spring,,,4.6,0.0,25.0,43.5732,-71.1894,216.1,WOLFEBORO 1.5 SE
2025-04-01,US1NHCR0050,US1NHCR0050,Spring,,,2.0,0.0,0.0,43.5732,-71.1894,216.1,WOLFEBORO 1.5 SE
2025-04-02,US1NHCR0050,US1NHCR0050,Spring,,,0.0,0.0,0.0,43.5732,-71.1894,216.1,WOLFEBORO 1.5 SE
2025-04-03,US1NHCR0050,US1NHCR0050,Spring,,,8.9,15.0,13.0,43.5732,-71.1894,216.1,WOLFEBORO 1.5 SE
2025-04-04,US1NHCR0050,US1NHCR0050,Spring,,,5.3,,,43.5732,-71.1894,216.1,WOLFEBORO 1.5 SE
2025-04-05,US1NHCR0050,US1NHCR0050,Spring,,,0.0,0.0,,43.5732,-71.1894,216.1,WOLFEBORO 1.5 SE
2025-04-06,US1NHCR0050,US1NHCR0050,Spring,,,9.7,0.0,0.0,43.5732,-71.1894,216.1,WOLFEBORO 1.5 SE
2025-04-07,US1NHCR0050,US1NHCR0050,Spring,,,1.3,0.0,,43.5732,-71.1894,216.1,WOLFEBORO 1.5 SE
2025-04-08,US1NHCR0050,US1NHCR0050,Spring,,,0.0,0.0,,43.5732,-71.1894,216.1,WOLFEBORO 1.5 SE
2025-04-09,US1NHCR0050,US1NHCR0050,Spring,,,2.5,8.0,0.0,43.5732,-71.1894,216.1,WOLFEBORO 1.5 SE
2025-04-10,US1NHCR0050,US1NHCR0050,Spring,,,0.0,0.0,,43.5732,-71.1894,216.1,WOLFEBORO 1.5 SE
2025-04-11,US1NHCR0050,US1NHCR0050,Spring,,,1.3,0.0,0.0,43.5732,-71.1894,216.1,WOLFEBORO 1.5 SE
2025-04-12,US1NHCR0050,US1NHCR0050,Spring,,,2.8,36.0,36.0,43.5732,-71.1894,216.1,WOLFEBORO 1.5 SE
2025-04-13,US1NHCR0050,US1NHCR0050,Spring,,,8.4,66.0,13.0,43.5732,-71.1894,216.1,WOLFEBORO 1.5 SE
2025-04-14,US1NHCR0050,US1NHCR0050,Spring,,,0.0,0.0,,43.5732,-71.1894,216.1,WOLFEBORO 1.5 SE
2025-04-15,US1NHCR0050,US1NHCR0050,Spring,,,5.8,,,43.5732,-71.1894,216.1,WOLFEBORO 1.5 SE
2025-04-16,US1NHCR0050,US1NHCR0050,Spring,,,0.0,,,43.5732,-71.1894,216.1,WOLFEBORO 1.5 SE
2025-04-17,US1NHCR0050,US1NHCR0050,Spring,,,0.0,0.0,,43.5732,-71.1894,216.1,WOLFEBORO 1.5 SE
2025-04-18,US1NHCR0050,US1NHCR0050,Spring,,,0.0,0.0,,43.5732,-71.1894,216.1,WOLFEBORO 1.5 SE
2025-04-19,US1NHCR0050,US1NHCR0050,Spring,,,0.0,0.0,,43.5732,-71.1894,216.1,WOLFEBORO 1.5 SE
2025-04-20,US1NHCR0050,US1NHCR0050,Spring,,,0.0,,,43.5732,-71.1894,216.1,WOLFEBORO 1.5 SE
2025-04-21,US1NHCR0050,US1NHCR0050,Spring,,,0.0,0.0,,43.5732,-71.1894,216.1,WOLFEBORO 1.5 SE
2025-04-22,US1NHCR0050,US1NHCR0050,Spring,,,1.8,,,43.5732,-71.1894,216.1,WOLFEBORO 1.5 SE
2025-03-26,US1NHCS0007,US1NHCS0007,Spring,,,0.3,0.0,0.0,44.4961,-71.5764,260.9,LANCASTER 0.5 N
2025-03-27,US1NHCS0007,US1NHCS0007,Spring,,,0.0,0.0,0.0,44.4961,-71.5764,260.9,LANCASTER 0.5 N
2025-03-28,US1NHCS0007,US1NHCS0007,Spring,,,0.0,0.0,0.0,44.4961,-71.5764,260.9,LANCASTER 0.5 N
2025-03-29,US1NHCS0007,US1NHCS0007,Spring,,,11.4,122.0,127.0,44.4961,-71.5764,260.9,LANCASTER 0.5 N
2025-03-30,US1NHCS0007,US1NHCS0007,Spring,,,4.8,51.0,127.0,44.4961,-71.5764,260.9,LANCASTER 0.5 N
2025-03-31,US1NHCS0007,US1NHCS0007,Spring,,,13.2,,102.0,44.4961,-71.5764,260.9,LANCASTER 0.5 N
2025-04-01,US1NHCS0007,US1NHCS0007,Spring,,,9.9,,0.0,44.4961,-71.5764,260.9,LANCASTER 0.5 N
2025-04-02,US1NHCS0007,US1NHCS0007,Spring,,,0.0,0.0,,44.4961,-71.5764,260.9,LANCASTER 0.5 N
2025-04-03,US1NHCS0007,US1NHCS0007,Spring,,,4.3,0.0,0.0,44.4961,-71.5764,260.9,LANCASTER 0.5 N
2025-04-04,US1NHCS0007,US1NHCS0007,Spring,,,16.0,,0.0,44.4961,-71.5764,260.9,LANCASTER 0.5 N
2025-04-05,US1NHCS0007,US1NHCS0007,Spring,,,0.0,0.0,,44.4961,-71.5764,260.9,LANCASTER 0.5 N
2025-04-01,US1NHCS0019,US1NHCS0019,Spring,,,,,51.0,44.3377,-71.4646,526.7,CARROLL 4.6 NE
2025-04-02,US1NHCS0019,US1NHCS0019,Spring,,,0.0,0.0,,44.3377,-71.4646,526.7,CARROLL 4.6 NE
2025-04-03,US1NHCS0019,US1NHCS0019,Spring,,,6.1,5.0,,44.3377,-71.4646,526.7,CARROLL 4.6 NE
2025-04-04,US1NHCS0019,US1NHCS0019,Spring,,,11.4,0.0,,44.3377,-71.4646,526.7,CARROLL 4.6 NE
2025-04-05,US1NHCS0019,US1NHCS0019,Spring,,,0.0,0.0,,44.3377,-71.4646,526.7,CARROLL 4.6 NE
2025-04-06,US1NHCS0019,US1NHCS0019,Spring,,,7.9,0.0,,44.3377,-71.4646,526.7,CARROLL 4.6 NE
2025-04-07,US1NHCS0019,US1NHCS0019,Spring,,,0.3,0.0,,44.3377,-71.4646,526.7,CARROLL 4.6 NE
2025-04-08,US1NHCS0019,US1NHCS0019,Spring,,,0.5,0.0,,44.3377,-71.4646,526.7,CARROLL 4.6 NE
2025-04-09,US1NHCS0019,US1NHCS0019,Spring,,,14.5,208.0,,44.3377,-71.4646,526.7,CARROLL 4.6 NE
2025-04-10,US1NHCS0019,US1NHCS0019,Spring,,,0.0,0.0,,44.3377,-71.4646,526.7,CARROLL 4.6 NE
2025-04-11,US1NHCS0019,US1NHCS0019,Spring,,,0.5,8.0,,44.3377,-71.4646,526.7,CARROLL 4.6 NE
2025-04-12,US1NHCS0019,US1NHCS0019,Spring,,,0.8,3.0,,44.3377,-71.4646,526.7,CARROLL 4.6 NE
2025-04-13,US1NHCS0019,US1NHCS0019,Spring,,,2.0,0.0,,44.3377,-71.4646,526.7,CARROLL 4.6 NE
2025-04-14,US1NHCS0019,US1NHCS0019,Spring,,,0.5,0.0,,44.3377,-71.4646,526.7,CARROLL 4.6 NE
2025-04-15,US1NHCS0019,US1NHCS0019,Spring,,,0.5,0.0,,44.3377,-71.4646,526.7,CARROLL 4.6 NE
2025-04-16,US1NHCS0019,US1NHCS0019,Spring,,,4.6,0.0,,44.3377,-71.4646,526.7,CARROLL 4.6 NE
2025-04-17,US1NHCS0019,US1NHCS0019,Spring,,,0.5,3.0,,44.3377,-71.4646,526.7,CARROLL 4.6 NE
2025-04-18,US1NHCS0019,US1NHCS0019,Spring,,,0.0,0.0,,44.3377,-71.4646,526.7,CARROLL 4.6 NE
2025-04-19,US1NHCS0019,US1NHCS0019,Spring,,,2.3,0.0,,44.3377,-71.4646,526.7,CARROLL 4.6 NE
2025-04-20,US1NHCS0019,US1NHCS0019,Spring,,,3.0,0.0,,44.3377,-71.4646,526.7,CARROLL 4.6 NE
2025-04-21,US1NHCS0019,US1NHCS0019,Spring,,,0.0,0.0,,44.3377,-71.4646,526.7,CARROLL 4.6 NE
2025-04-22,US1NHCS0019,US1NHCS0019,Spring,,,3.0,0.0,,44.3377,-71.4646,526.7,CARROLL 4.6 NE
2025-04-08,US1NHCS0021,US1NHCS0021,Spring,,,0.0,0.0,,44.3861,-71.1686,240.8,GORHAM 1.0 ESE
2025-04-09,US1NHCS0021,US1NHCS0021,Spring,,,0.0,0.0,,44.3861,-71.1686,240.8,GORHAM 1.0 ESE
2025-04-10,US1NHCS0021,US1NHCS0021,Spring,,,0.0,0.0,,44.3861,-71.1686,240.8,GORHAM 1.0 ESE
2025-04-11,US1NHCS0021,US1NHCS0021,Spring,,,0.0,0.0,,44.3861,-71.1686,240.8,GORHAM 1.0 ESE
2025-04-12,US1NHCS0021,US1NHCS0021,Spring,,,0.0,,,44.3861,-71.1686,240.8,GORHAM 1.0 ESE
2025-04-13,US1NHCS0021,US1NHCS0021,Spring,,,8.9,,,44.3861,-71.1686,240.8,GORHAM 1.0 ESE
2025-04-14,US1NHCS0021,US1NHCS0021,Spring,,,0.0,0.0,,44.3861,-71.1686,240.8,GORHAM 1.0 ESE
2025-04-15,US1NHCS0021,US1NHCS0021,Spring,,,0.0,0.0,,44.3861,-71.1686,240.8,GORHAM 1.0 ESE
2025-04-16,US1NHCS0021,US1NHCS0021,Spring,,,5.1,,,44.3861,-71.1686,240.8,GORHAM 1.0 ESE
2025-03-26,US1NHCS0022,US1NHCS0022,Spring,,,0.0,0.0,,44.3903,-71.488,338.0,JEFFERSON 2.1 SSW
2025-04-05,US1NHCS0022,US1NHCS0022,Spring,,,0.0,0.0,,44.3903,-71.488,338.0,JEFFERSON 2.1 SSW
2025-04-06,US1NHCS0022,US1NHCS0022,Spring,,,6.4,,,44.3903,-71.488,338.0,JEFFERSON 2.1 SSW
2025-04-08,US1NHCS0022,US1NHCS0022,Spring,,,0.0,0.0,,44.3903,-71.488,338.0,JEFFERSON 2.1 SSW
2025-04-13,US1NHCS0022,US1NHCS0022,Spring,,,0.8,,,44.3903,-71.488,338.0,JEFFERSON 2.1 SSW
2025-04-14,US1NHCS0022,US1NHCS0022,Spring,,,0.3,,,44.3903,-71.488,338.0,JEFFERSON 2.1 SSW
2025-04-15,US1NHCS0022,US1NHCS0022,Spring,,,0.0,0.0,,44.3903,-71.488,338.0,JEFFERSON 2.1 SSW
2025-04-16,US1NHCS0022,US1NHCS0022,Spring,,,3.0,,,44.3903,-71.488,338.0,JEFFERSON 2.1 SSW
2025-04-17,US1NHCS0022,US1NHCS0022,Spring,,,0.0,0.0,,44.3903,-71.488,338.0,JEFFERSON 2.1 SSW
2025-04-18,US1NHCS0022,US1NHCS0022,Spring,,,0.0,0.0,,44.3903,-71.488,338.0,JEFFERSON 2.1 SSW
2025-04-19,US1NHCS0022,US1NHCS0022,Spring,,,2.0,,,44.3903,-71.488,338.0,JEFFERSON 2.1 SSW
2025-04-20,US1NHCS0022,US1NHCS0022,Spring,,,4.8,,,44.3903,-71.488,338.0,JEFFERSON 2.1 SSW
2025-04-21,US1NHCS0022,US1NHCS0022,Spring,,,0.0,0.0,,44.3903,-71.488,338.0,JEFFERSON 2.1 SSW
2025-04-22,US1NHCS0022,US1NHCS0022,Spring,,,1.5,,,44.3903,-71.488,338.0,JEFFERSON 2.1 SSW
2025-03-26,US1NHGR0001,US1NHGR0001,Spring,,,0.0,0.0,76.0,43.5949,-71.7414,153.0,BRISTOL 0.4 SSE
2025-03-27,US1NHGR0001,US1NHGR0001,Spring,,,0.0,0.0,13.0,43.5949,-71.7414,153.0,BRISTOL 0.4 SSE
2025-03-28,US1NHGR0001,US1NHGR0001,Spring,,,0.0,0.0,0.0,43.5949,-71.7414,153.0,BRISTOL 0.4 SSE
2025-03-29,US1NHGR0001,US1NHGR0001,Spring,,,10.4,8.0,8.0,43.5949,-71.7414,153.0,BRISTOL 0.4 SSE
2025-03-30,US1NHGR0001,US1NHGR0001,Spring,,,12.2,10.0,13.0,43.5949,-71.7414,153.0,BRISTOL 0.4 SSE
2025-03-31,US1NHGR0001,US1NHGR0001,Spring,,,8.6,0.0,0.0,43.5949,-71.7414,153.0,BRISTOL 0.4 SSE
2025-04-01,US1NHGR0001,US1NHGR0001,Spring,,,3.0,0.0,0.0,43.5949,-71.7414,153.0,BRISTOL 0.4 SSE
2025-04-02,US1NHGR0001,US1NHGR0001,Spring,,,0.0,0.0,0.0,43.5949,-71.7414,153.0,BRISTOL 0.4 SSE
2025-04-03,US1NHGR0001,US1NHGR0001,Spring,,,10.4,3.0,3.0,43.5949,-71.7414,153.0,BRISTOL 0.4 SSE
2025-04-04,US1NHGR0001,US1NHGR0001,Spring,,,5.8,0.0,0.0,43.5949,-71.7414,153.0,BRISTOL 0.4 SSE
2025-04-05,US1NHGR0001,US1NHGR0001,Spring,,,0.0,0.0,0.0,43.5949,-71.7414,153.0,BRISTOL 0.4 SSE
2025-04-06,US1NHGR0001,US1NHGR0001,Spring,,,11.7,0.0,0.0,43.5949,-71.7414,153.0,BRISTOL 0.4 SSE
2025-04-07,US1NHGR0001,US1NHGR0001,Spring,,,1.3,0.0,0.0,43.5949,-71.7414,153.0,BRISTOL 0.4 SSE
2025-04-08,US1NHGR0001,US1NHGR0001,Spring,,,0.0,0.0,0.0,43.5949,-71.7414,153.0,BRISTOL 0.4 SSE
2025-04-09,US1NHGR0001,US1NHGR0001,Spring,,,3.6,53.0,0.0,43.5949,-71.7414,153.0,BRISTOL 0.4 SSE
2025-04-10,US1NHGR0001,US1NHGR0001,Spring,,,0.0,0.0,0.0,43.5949,-71.7414,153.0,BRISTOL 0.4 SSE
2025-04-11,US1NHGR0001,US1NHGR0001,Spring,,,0.5,0.0,0.0,43.5949,-71.7414,153.0,BRISTOL 0.4 SSE
2025-04-12,US1NHGR0001,US1NHGR0001,Spring,,,1.8,8.0,13.0,43.5949,-71.7414,153.0,BRISTOL 0.4 SSE
2025-04-13,US1NHGR0001,US1NHGR0001,Spring,,,8.9,58.0,0.0,43.5949,-71.7414,153.0,BRISTOL 0.4 SSE
2025-04-14,US1NHGR0001,US1NHGR0001,Spring,,,0.0,0.0,0.0,43.5949,-71.7414,153.0,BRISTOL 0.4 SSE
2025-04-15,US1NHGR0001,US1NHGR0001,Spring,,,3.6,0.0,0.0,43.5949,-71.7414,153.0,BRISTOL 0.4 SSE
2025-04-16,US1NHGR0001,US1NHGR0001,Spring,,,0.0,0.0,0.0,43.5949,-71.7414,153.0,BRISTOL 0.4 SSE
2025-04-17,US1NHGR0001,US1NHGR0001,Spring,,,0.0,0.0,0.0,43.5949,-71.7414,153.0,BRISTOL 0.4 SSE
2025-04-18,US1NHGR0001,US1NHGR0001,Spring,,,0.0,0.0,0.0,43.5949,-71.7414,153.0,BRISTOL 0.4 SSE
2025-04-19,US1NHGR0001,US1NHGR0001,Spring,,,0.0,0.0,0.0,43.5949,-71.7414,153.0,BRISTOL 0.4 SSE
2025-04-20,US1NHGR0001,US1NHGR0001,Spring,,,0.3,0.0,0.0,43.5949,-71.7414,153.0,BRISTOL 0.4 SSE
2025-04-21,US1NHGR0001,US1NHGR0001,Spring,,,0.0,0.0,0.0,43.5949,-71.7414,153.0,BRISTOL 0.4 SSE
2025-04-22,US1NHGR0001,US1NHGR0001,Spring,,,4.8,0.0,0.0,43.5949,-71.7414,153.0,BRISTOL 0.4 SSE
2025-03-26,US1NHGR0011,US1NHGR0011,Spring,,,0.0,0.0,,43.7603,-71.6889,186.8,PLYMOUTH 1.6 NNE
2025-03-27,US1NHGR0011,US1NHGR0011,Spring,,,0.0,,,43.7603,-71.6889,186.8,PLYMOUTH 1.6 NNE
2025-03-28,US1NHGR0011,US1NHGR0011,Spring,,,0.0,0.0,,43.7603,-71.6889,186.8,PLYMOUTH 1.6 NNE
2025-03-29,US1NHGR0011,US1NHGR0011,Spring,,,10.2,46.0,,43.7603,-71.6889,186.8,PLYMOUTH 1.6 NNE
2025-03-30,US1NHGR0011,US1NHGR0011,Spring,,,10.7,,,43.7603,-71.6889,186.8,PLYMOUTH 1.6 NNE
2025-03-31,US1NHGR0011,US1NHGR0011,Spring,,,10.2,,,43.7603,-71.6889,186.8,PLYMOUTH 1.6 NNE
2025-04-01,US1NHGR0011,US1NHGR0011,Spring,,,4.1,,,43.7603,-71.6889,186.8,PLYMOUTH 1.6 NNE
2025-04-02,US1NHGR0011,US1NHGR0011,Spring,,,0.0,0.0,,43.7603,-71.6889,186.8,PLYMOUTH 1.6 NNE
2025-04-03,US1NHGR0011,US1NHGR0011,Spring,,,18.8,,,43.7603,-71.6889,186.8,PLYMOUTH 1.6 NNE
2025-04-04,US1NHGR0011,US1NHGR0011,Spring,,,1.8,,,43.7603,-71.6889,186.8,PLYMOUTH 1.6 NNE
2025-04-05,US1NHGR0011,US1NHGR0011,Spring,,,0.0,0.0,,43.7603,-71.6889,186.8,PLYMOUTH 1.6 NNE
2025-04-06,US1NHGR0011,US1NHGR0011,Spring,,,13.0,,,43.7603,-71.6889,186.8,PLYMOUTH 1.6 NNE
2025-04-07,US1NHGR0011,US1NHGR0011,Spring,,,0.0,0.0,,43.7603,-71.6889,186.8,PLYMOUTH 1.6 NNE
2025-04-09,US1NHGR0011,US1NHGR0011,Spring,,,3.3,,,43.7603,-71.6889,186.8,PLYMOUTH 1.6 NNE
2025-04-10,US1NHGR0011,US1NHGR0011,Spring,,,0.0,0.0,,43.7603,-71.6889,186.8,PLYMOUTH 1.6 NNE
2025-04-11,US1NHGR0011,US1NHGR0011,Spring,,,0.3,,,43.7603,-71.6889,186.8,PLYMOUTH 1.6 NNE
2025-04-12,US1NHGR0011,US1NHGR0011,Spring,,,3.0,,,43.7603,-71.6889,186.8,PLYMOUTH 1.6 NNE
2025-04-13,US1NHGR0011,US1NHGR0011,Spring,,,6.9,,,43.7603,-71.6889,186.8,PLYMOUTH 1.6 NNE
2025-04-14,US1NHGR0011,US1NHGR0011,Spring,,,0.0,0.0,,43.7603,-71.6889,186.8,PLYMOUTH 1.6 NNE
2025-04-15,US1NHGR0011,US1NHGR0011,Spring,,,2.5,,,43.7603,-71.6889,186.8,PLYMOUTH 1.6 NNE
2025-04-16,US1NHGR0011,US1NHGR0011,Spring,,,0.3,,,43.7603,-71.6889,186.8,PLYMOUTH 1.6 NNE
2025-04-17,US1NHGR0011,US1NHGR0011,Spring,,,0.0,0.0,,43.7603,-71.6889,186.8,PLYMOUTH 1.6 NNE
2025-04-19,US1NHGR0011,US1NHGR0011,Spring,,,0.8,,,43.7603,-71.6889,186.8,PLYMOUTH 1.6 NNE
2025-04-20,US1NHGR0011,US1NHGR0011,Spring,,,0.0,,,43.7603,-71.6889,186.8,PLYMOUTH 1.6 NNE
2025-04-21,US1NHGR0011,US1NHGR0011,Spring,,,0.0,0.0,,43.7603,-71.6889,186.8,PLYMOUTH 1.6 NNE
2025-04-22,US1NHGR0011,US1NHGR0011,Spring,,,2.5,,,43.7603,-71.6889,186.8,PLYMOUTH 1.6 NNE
2025-03-26,US1NHGR0046,US1NHGR0046,Spring,,,0.0,,,43.7296,-71.6421,360.3,ASHLAND 2.4 NNW
2025-03-27,US1NHGR0046,US1NHGR0046,Spring,,,0.0,0.0,,43.7296,-71.6421,360.3,ASHLAND 2.4 NNW
2025-03-28,US1NHGR0046,US1NHGR0046,Spring,,,0.0,,,43.7296,-71.6421,360.3,ASHLAND 2.4 NNW
2025-03-29,US1NHGR0046,US1NHGR0046,Spring,,,9.7,51.0,,43.7296,-71.6421,360.3,ASHLAND 2.4 NNW
2025-03-30,US1NHGR0046,US1NHGR0046,Spring,,,13.5,,,43.7296,-71.6421,360.3,ASHLAND 2.4 NNW
2025-03-31,US1NHGR0046,US1NHGR0046,Spring,,,11.4,,,43.7296,-71.6421,360.3,ASHLAND 2.4 NNW
2025-04-01,US1NHGR0046,US1NHGR0046,Spring,,,4.8,,,43.7296,-71.6421,360.3,ASHLAND 2.4 NNW
2025-04-02,US1NHGR0046,US1NHGR0046,Spring,,,0.0,0.0,,43.7296,-71.6421,360.3,ASHLAND 2.4 NNW
2025-04-03,US1NHGR0046,US1NHGR0046,Spring,,,11.7,13.0,,43.7296,-71.6421,360.3,ASHLAND 2.4 NNW
2025-04-04,US1NHGR0046,US1NHGR0046,Spring,,,8.4,,,43.7296,-71.6421,360.3,ASHLAND 2.4 NNW
2025-04-05,US1NHGR0046,US1NHGR0046,Spring,,,0.0,0.0,,43.7296,-71.6421,360.3,ASHLAND 2.4 NNW
2025-04-06,US1NHGR0046,US1NHGR0046,Spring,,,11.2,,,43.7296,-71.6421,360.3,ASHLAND 2.4 NNW
2025-04-07,US1NHGR0046,US1NHGR0046,Spring,,,1.5,,,43.7296,-71.6421,360.3,ASHLAND 2.4 NNW
2025-04-08,US1NHGR0046,US1NHGR0046,Spring,,,0.0,,,43.7296,-71.6421,360.3,ASHLAND 2.4 NNW
2025-04-09,US1NHGR0046,US1NHGR0046,Spring,,,5.1,51.0,,43.7296,-71.6421,360.3,ASHLAND 2.4 NNW
2025-04-10,US1NHGR0046,US1NHGR0046,Spring,,,0.3,,,43.7296,-71.6421,360.3,ASHLAND 2.4 NNW
2025-04-11,US1NHGR0046,US1NHGR0046,Spring,,,0.3,0.0,,43.7296,-71.6421,360.3,ASHLAND 2.4 NNW
2025-04-12,US1NHGR0046,US1NHGR0046,Spring,,,0.5,5.0,,43.7296,-71.6421,360.3,ASHLAND 2.4 NNW
2025-04-13,US1NHGR0046,US1NHGR0046,Spring,,,14.5,,,43.7296,-71.6421,360.3,ASHLAND 2.4 NNW
2025-04-14,US1NHGR0046,US1NHGR0046,Spring,,,0.0,,,43.7296,-71.6421,360.3,ASHLAND 2.4 NNW
2025-04-15,US1NHGR0046,US1NHGR0046,Spring,,,4.6,,,43.7296,-71.6421,360.3,ASHLAND 2.4 NNW
2025-04-16,US1NHGR0046,US1NHGR0046,Spring,,,0.0,,,43.7296,-71.6421,360.3,ASHLAND 2.4 NNW
2025-04-17,US1NHGR0046,US1NHGR0046,Spring,,,0.0,,,43.7296,-71.6421,360.3,ASHLAND 2.4 NNW
2025-04-18,US1NHGR0046,US1NHGR0046,Spring,,,0.0,0.0,,43.7296,-71.6421,360.3,ASHLAND 2.4 NNW
2025-04-19,US1NHGR0046,US1NHGR0046,Spring,,,0.8,,,43.7296,-71.6421,360.3,ASHLAND 2.4 NNW
2025-04-20,US1NHGR0046,US1NHGR0046,Spring,,,0.0,0.0,,43.7296,-71.6421,360.3,ASHLAND 2.4 NNW
2025-04-21,US1NHGR0046,US1NHGR0046,Spring,,,0.0,0.0,,43.7296,-71.6421,360.3,ASHLAND 2.4 NNW
2025-04-22,US1NHGR0046,US1NHGR0046,Spring,,,3.0,,,43.7296,-71.6421,360.3,ASHLAND 2.4 NNW
2025-03-26,US1NHGR0047,US1NHGR0047,Spring,,,0.0,0.0,,44.3185,-71.9109,338.6,LITTLETON 7.3 W
2025-03-27,US1NHGR0047,US1NHGR0047,Spring,,,0.8,8.0,,44.3185,-71.9109,338.6,LITTLETON 7.3 W
2025-03-28,US1NHGR0047,US1NHGR0047,Spring,,,0.0,0.0,,44.3185,-71.9109,338.6,LITTLETON 7.3 W
2025-03-29,US1NHGR0047,US1NHGR0047,Spring,,,16.5,152.0,,44.3185,-71.9109,338.6,LITTLETON 7.3 W
2025-03-30,US1NHGR0047,US1NHGR0047,Spring,,,9.1,8.0,,44.3185,-71.9109,338.6,LITTLETON 7.3 W
2025-03-31,US1NHGR0047,US1NHGR0047,Spring,,,14.7,0.0,,44.3185,-71.9109,338.6,LITTLETON 7.3 W
2025-04-01,US1NHGR0047,US1NHGR0047,Spring,,,6.9,0.0,0.0,44.3185,-71.9109,338.6,LITTLETON 7.3 W
2025-04-02,US1NHGR0047,US1NHGR0047,Spring,,,0.0,0.0,0.0,44.3185,-71.9109,338.6,LITTLETON 7.3 W
2025-04-03,US1NHGR0047,US1NHGR0047,Spring,,,6.4,5.0,0.0,44.3185,-71.9109,338.6,LITTLETON 7.3 W
2025-04-04,US1NHGR0047,US1NHGR0047,Spring,,,8.9,0.0,0.0,44.3185,-71.9109,338.6,LITTLETON 7.3 W
2025-04-05,US1NHGR0047,US1NHGR0047,Spring,,,0.0,0.0,0.0,44.3185,-71.9109,338.6,LITTLETON 7.3 W
2025-04-06,US1NHGR0047,US1NHGR0047,Spring,,,5.3,0.0,0.0,44.3185,-71.9109,338.6,LITTLETON 7.3 W
2025-04-07,US1NHGR0047,US1NHGR0047,Spring,,,0.0,0.0,0.0,44.3185,-71.9109,338.6,LITTLETON 7.3 W
2025-04-08,US1NHGR0047,US1NHGR0047,Spring,,,0.0,0.0,0.0,44.3185,-71.9109,338.6,LITTLETON 7.3 W
2025-04-09,US1NHGR0047,US1NHGR0047,Spring,,,6.1,51.0,51.0,44.3185,-71.9109,338.6,LITTLETON 7.3 W
2025-04-10,US1NHGR0047,US1NHGR0047,Spring,,,0.0,0.0,13.0,44.3185,-71.9109,338.6,LITTLETON 7.3 W
2025-04-11,US1NHGR0047,US1NHGR0047,Spring,,,1.8,0.0,0.0,44.3185,-71.9109,338.6,LITTLETON 7.3 W
2025-04-12,US1NHGR0047,US1NHGR0047,Spring,,,0.3,0.0,0.0,44.3185,-71.9109,338.6,LITTLETON 7.3 W
2025-04-13,US1NHGR0047,US1NHGR0047,Spring,,,2.5,0.0,0.0,44.3185,-71.9109,338.6,LITTLETON 7.3 W
2025-04-14,US1NHGR0047,US1NHGR0047,Spring,,,0.0,0.0,0.0,44.3185,-71.9109,338.6,LITTLETON 7.3 W
2025-04-15,US1NHGR0047,US1NHGR0047,Spring,,,1.0,0.0,0.0,44.3185,-71.9109,338.6,LITTLETON 7.3 W
2025-04-16,US1NHGR0047,US1NHGR0047,Spring,,,0.0,0.0,0.0,44.3185,-71.9109,338.6,LITTLETON 7.3 W
2025-04-17,US1NHGR0047,US1NHGR0047,Spring,,,0.0,0.0,0.0,44.3185,-71.9109,338.6,LITTLETON 7.3 W
2025-04-18,US1NHGR0047,US1NHGR0047,Spring,,,0.0,0.0,0.0,44.3185,-71.9109,338.6,LITTLETON 7.3 W
2025-04-19,US1NHGR0047,US1NHGR0047,Spring,,,1.5,0.0,0.0,44.3185,-71.9109,338.6,LITTLETON 7.3 W
2025-04-20,US1NHGR0047,US1NHGR0047,Spring,,,1.3,0.0,0.0,44.3185,-71.9109,338.6,LITTLETON 7.3 W
2025-04-21,US1NHGR0047,US1NHGR0047,Spring,,,0.0,0.0,0.0,44.3185,-71.9109,338.6,LITTLETON 7.3 W
2025-04-22,US1NHGR0047,US1NHGR0047,Spring,,,0.8,0.0,0.0,44.3185,-71.9109,338.6,LITTLETON 7.3 W
2025-03-28,US1NHGR0051,US1NHGR0051,Spring,,,0.0,0.0,,43.8309,-71.6296,234.1,CAMPTON 1.6 SSE
2025-03-30,US1NHGR0051,US1NHGR0051,Spring,,,21.1,,,43.8309,-71.6296,234.1,CAMPTON 1.6 SSE
2025-03-31,US1NHGR0051,US1NHGR0051,Spring,,,11.9,,,43.8309,-71.6296,234.1,CAMPTON 1.6 SSE
2025-04-01,US1NHGR0051,US1NHGR0051,Spring,,,2.8,,,43.8309,-71.6296,234.1,CAMPTON 1.6 SSE
2025-04-03,US1NHGR0051,US1NHGR0051,Spring,,,9.1,,,43.8309,-71.6296,234.1,CAMPTON 1.6 SSE
2025-04-04,US1NHGR0051,US1NHGR0051,Spring,,,9.1,,,43.8309,-71.6296,234.1,CAMPTON 1.6 SSE
2025-04-05,US1NHGR0051,US1NHGR0051,Spring,,,0.0,0.0,,43.8309,-71.6296,234.1,CAMPTON 1.6 SSE
2025-04-06,US1NHGR0051,US1NHGR0051,Spring,,,9.9,,,43.8309,-71.6296,234.1,CAMPTON 1.6 SSE
2025-04-07,US1NHGR0051,US1NHGR0051,Spring,,,0.5,,,43.8309,-71.6296,234.1,CAMPTON 1.6 SSE
2025-04-08,US1NHGR0051,US1NHGR0051,Spring,,,0.0,0.0,,43.8309,-71.6296,234.1,CAMPTON 1.6 SSE
2025-04-09,US1NHGR0051,US1NHGR0051,Spring,,,4.8,,,43.8309,-71.6296,234.1,CAMPTON 1.6 SSE
2025-04-11,US1NHGR0051,US1NHGR0051,Spring,,,0.0,,,43.8309,-71.6296,234.1,CAMPTON 1.6 SSE
2025-04-12,US1NHGR0051,US1NHGR0051,Spring,,,3.0,,,43.8309,-71.6296,234.1,CAMPTON 1.6 SSE
2025-04-13,US1NHGR0051,US1NHGR0051,Spring,,,6.4,,,43.8309,-71.6296,234.1,CAMPTON 1.6 SSE
2025-04-15,US1NHGR0051,US1NHGR0051,Spring,,,3.0,,,43.8309,-71.6296,234.1,CAMPTON 1.6 SSE
2025-04-16,US1NHGR0051,US1NHGR0051,Spring,,,0.3,,,43.8309,-71.6296,234.1,CAMPTON 1.6 SSE
2025-04-17,US1NHGR0051,US1NHGR0051,Spring,,,0.0,0.0,,43.8309,-71.6296,234.1,CAMPTON 1.6 SSE
2025-04-19,US1NHGR0051,US1NHGR0051,Spring,,,0.5,,,43.8309,-71.6296,234.1,CAMPTON 1.6 SSE
2025-04-22,US1NHGR0051,US1NHGR0051,Spring,,,2.8,,,43.8309,-71.6296,234.1,CAMPTON 1.6 SSE
2025-03-26,US1NHGR0052,US1NHGR0052,Spring,,,0.0,0.0,,43.751,-72.2106,198.4,HANOVER 4.8 NE
2025-03-27,US1NHGR0052,US1NHGR0052,Spring,,,,0.0,,43.751,-72.2106,198.4,HANOVER 4.8 NE
2025-03-28,US1NHGR0052,US1NHGR0052,Spring,,,0.0,0.0,,43.751,-72.2106,198.4,HANOVER 4.8 NE
2025-03-29,US1NHGR0052,US1NHGR0052,Spring,,,8.9,20.0,,43.751,-72.2106,198.4,HANOVER 4.8 NE
2025-03-30,US1NHGR0052,US1NHGR0052,Spring,,,9.7,,,43.751,-72.2106,198.4,HANOVER 4.8 NE
2025-03-31,US1NHGR0052,US1NHGR0052,Spring,,,4.8,,,43.751,-72.2106,198.4,HANOVER 4.8 NE
2025-04-01,US1NHGR0052,US1NHGR0052,Spring,,,5.3,,,43.751,-72.2106,198.4,HANOVER 4.8 NE
2025-04-03,US1NHGR0052,US1NHGR0052,Spring,,,6.4,,,43.751,-72.2106,198.4,HANOVER 4.8 NE
2025-04-04,US1NHGR0052,US1NHGR0052,Spring,,,8.6,,,43.751,-72.2106,198.4,HANOVER 4.8 NE
2025-04-05,US1NHGR0052,US1NHGR0052,Spring,,,0.0,0.0,,43.751,-72.2106,198.4,HANOVER 4.8 NE
2025-04-06,US1NHGR0052,US1NHGR0052,Spring,,,9.7,,,43.751,-72.2106,198.4,HANOVER 4.8 NE
2025-04-07,US1NHGR0052,US1NHGR0052,Spring,,,0.0,0.0,,43.751,-72.2106,198.4,HANOVER 4.8 NE
2025-04-08,US1NHGR0052,US1NHGR0052,Spring,,,0.0,0.0,,43.751,-72.2106,198.4,HANOVER 4.8 NE
2025-04-09,US1NHGR0052,US1NHGR0052,Spring,,,1.5,,,43.751,-72.2106,198.4,HANOVER 4.8 NE
2025-04-10,US1NHGR0052,US1NHGR0052,Spring,,,0.0,0.0,,43.751,-72.2106,198.4,HANOVER 4.8 NE
2025-04-11,US1NHGR0052,US1NHGR0052,Spring,,,2.5,,,43.751,-72.2106,198.4,HANOVER 4.8 NE
2025-04-13,US1NHGR0052,US1NHGR0052,Spring,,,10.9,25.0,,43.751,-72.2106,198.4,HANOVER 4.8 NE
2025-04-15,US1NHGR0052,US1NHGR0052,Spring,,,1.8,,,43.751,-72.2106,198.4,HANOVER 4.8 NE
2025-04-16,US1NHGR0052,US1NHGR0052,Spring,,,0.0,0.0,,43.751,-72.2106,198.4,HANOVER 4.8 NE
2025-04-17,US1NHGR0052,US1NHGR0052,Spring,,,0.0,0.0,,43.751,-72.2106,198.4,HANOVER 4.8 NE
2025-04-18,US1NHGR0052,US1NHGR0052,Spring,,,0.0,0.0,,43.751,-72.2106,198.4,HANOVER 4.8 NE
2025-04-19,US1NHGR0052,US1NHGR0052,Spring,,,0.0,0.0,,43.751,-72.2106,198.4,HANOVER 4.8 NE
2025-04-20,US1NHGR0052,US1NHGR0052,Spring,,,0.0,0.0,,43.751,-72.2106,198.4,HANOVER 4.8 NE
2025-04-21,US1NHGR0052,US1NHGR0052,Spring,,,0.0,0.0,,43.751,-72.2106,198.4,HANOVER 4.8 NE
2025-04-22,US1NHGR0052,US1NHGR0052,Spring,,,2.0,,,43.751,-72.2106,198.4,HANOVER 4.8 NE
2025-03-26,US1NHGR0057,US1NHGR0057,Spring,,,0.0,0.0,,44.3126,-71.7563,318.5,LITTLETON 0.4 ENE
2025-03-27,US1NHGR0057,US1NHGR0057,Spring,,,0.0,0.0,,44.3126,-71.7563,318.5,LITTLETON 0.4 ENE
2025-03-28,US1NHGR0057,US1NHGR0057,Spring,,,0.0,0.0,,44.3126,-71.7563,318.5,LITTLETON 0.4 ENE
2025-03-31,US1NHGR0057,US1NHGR0057,Spring,,,,,53.0,44.3126,-71.7563,318.5,LITTLETON 0.4 ENE
2025-04-02,US1NHGR0057,US1NHGR0057,Spring,,,0.0,0.0,,44.3126,-71.7563,318.5,LITTLETON 0.4 ENE
2025-04-03,US1NHGR0057,US1NHGR0057,Spring,,,8.4,,,44.3126,-71.7563,318.5,LITTLETON 0.4 ENE
2025-04-05,US1NHGR0057,US1NHGR0057,Spring,,,0.0,0.0,,44.3126,-71.7563,318.5,LITTLETON 0.4 ENE
2025-04-07,US1NHGR0057,US1NHGR0057,Spring,,,,,0.0,44.3126,-71.7563,318.5,LITTLETON 0.4 ENE
2025-04-08,US1NHGR0057,US1NHGR0057,Spring,,,0.0,0.0,,44.3126,-71.7563,318.5,LITTLETON 0.4 ENE
2025-04-09,US1NHGR0057,US1NHGR0057,Spring,,,3.8,,,44.3126,-71.7563,318.5,LITTLETON 0.4 ENE
2025-04-11,US1NHGR0057,US1NHGR0057,Spring,,,0.0,0.0,,44.3126,-71.7563,318.5,LITTLETON 0.4 ENE
2025-04-15,US1NHGR0057,US1NHGR0057,Spring,,,0.0,0.0,,44.3126,-71.7563,318.5,LITTLETON 0.4 ENE
2025-04-17,US1NHGR0057,US1NHGR0057,Spring,,,0.0,0.0,,44.3126,-71.7563,318.5,LITTLETON 0.4 ENE
2025-04-20,US1NHGR0057,US1NHGR0057,Spring,,,0.0,0.0,,44.3126,-71.7563,318.5,LITTLETON 0.4 ENE
2025-04-21,US1NHGR0057,US1NHGR0057,Spring,,,0.0,0.0,,44.3126,-71.7563,318.5,LITTLETON 0.4 ENE
2025-04-22,US1NHGR0058,US1NHGR0058,Spring,,,1.0,,,43.6358,-72.2322,232.9,LEBANON 1.1 E
2025-03-26,US1NHGR0059,US1NHGR0059,Spring,,,0.0,0.0,,43.7501,-72.1992,312.4,HANOVER 5.2 NE
2025-03-27,US1NHGR0059,US1NHGR0059,Spring,,,0.0,0.0,,43.7501,-72.1992,312.4,HANOVER 5.2 NE
2025-03-28,US1NHGR0059,US1NHGR0059,Spring,,,0.0,0.0,,43.7501,-72.1992,312.4,HANOVER 5.2 NE
2025-03-29,US1NHGR0059,US1NHGR0059,Spring,,,12.4,20.0,,43.7501,-72.1992,312.4,HANOVER 5.2 NE
2025-03-30,US1NHGR0059,US1NHGR0059,Spring,,,13.0,8.0,,43.7501,-72.1992,312.4,HANOVER 5.2 NE
2025-03-31,US1NHGR0059,US1NHGR0059,Spring,,,5.1,0.0,,43.7501,-72.1992,312.4,HANOVER 5.2 NE
2025-04-01,US1NHGR0059,US1NHGR0059,Spring,,,4.3,0.0,,43.7501,-72.1992,312.4,HANOVER 5.2 NE
2025-04-02,US1NHGR0059,US1NHGR0059,Spring,,,0.0,0.0,,43.7501,-72.1992,312.4,HANOVER 5.2 NE
2025-04-03,US1NHGR0059,US1NHGR0059,Spring,,,12.7,5.0,,43.7501,-72.1992,312.4,HANOVER 5.2 NE
2025-04-04,US1NHGR0059,US1NHGR0059,Spring,,,4.3,0.0,,43.7501,-72.1992,312.4,HANOVER 5.2 NE
2025-04-05,US1NHGR0059,US1NHGR0059,Spring,,,0.0,0.0,,43.7501,-72.1992,312.4,HANOVER 5.2 NE
2025-04-06,US1NHGR0059,US1NHGR0059,Spring,,,9.4,0.0,,43.7501,-72.1992,312.4,HANOVER 5.2 NE
2025-04-07,US1NHGR0059,US1NHGR0059,Spring,,,0.0,0.0,,43.7501,-72.1992,312.4,HANOVER 5.2 NE
2025-04-08,US1NHGR0059,US1NHGR0059,Spring,,,0.3,5.0,,43.7501,-72.1992,312.4,HANOVER 5.2 NE
2025-04-09,US1NHGR0059,US1NHGR0059,Spring,,,1.5,0.0,,43.7501,-72.1992,312.4,HANOVER 5.2 NE
2025-04-10,US1NHGR0059,US1NHGR0059,Spring,,,0.0,0.0,,43.7501,-72.1992,312.4,HANOVER 5.2 NE
2025-04-11,US1NHGR0059,US1NHGR0059,Spring,,,1.3,0.0,,43.7501,-72.1992,312.4,HANOVER 5.2 NE
2025-04-12,US1NHGR0059,US1NHGR0059,Spring,,,3.0,13.0,,43.7501,-72.1992,312.4,HANOVER 5.2 NE
2025-04-13,US1NHGR0059,US1NHGR0059,Spring,,,7.4,0.0,,43.7501,-72.1992,312.4,HANOVER 5.2 NE
2025-04-14,US1NHGR0059,US1NHGR0059,Spring,,,0.3,,,43.7501,-72.1992,312.4,HANOVER 5.2 NE
2025-04-15,US1NHGR0059,US1NHGR0059,Spring,,,1.5,,,43.7501,-72.1992,312.4,HANOVER 5.2 NE
2025-04-16,US1NHGR0059,US1NHGR0059,Spring,,,0.3,,,43.7501,-72.1992,312.4,HANOVER 5.2 NE
2025-04-17,US1NHGR0059,US1NHGR0059,Spring,,,0.0,0.0,,43.7501,-72.1992,312.4,HANOVER 5.2 NE
2025-04-18,US1NHGR0059,US1NHGR0059,Spring,,,0.0,0.0,,43.7501,-72.1992,312.4,HANOVER 5.2 NE
2025-04-19,US1NHGR0059,US1NHGR0059,Spring,,,0.0,0.0,,43.7501,-72.1992,312.4,HANOVER 5.2 NE
2025-04-20,US1NHGR0059,US1NHGR0059,Spring,,,0.5,,,43.7501,-72.1992,312.4,HANOVER 5.2 NE
2025-04-21,US1NHGR0059,US1NHGR0059,Spring,,,0.0,0.0,,43.7501,-72.1992,312.4,HANOVER 5.2 NE
2025-04-22,US1NHGR0059,US1NHGR0059,Spring,,,1.3,,,43.7501,-72.1992,312.4,HANOVER 5.2 NE
2025-03-26,US1NHHL0019,US1NHHL0019,Spring,,,0.0,0.0,,42.7123,-71.6976,138.1,BROOKLINE 2.1 SW
2025-03-27,US1NHHL0019,US1NHHL0019,Spring,,,0.0,0.0,,42.7123,-71.6976,138.1,BROOKLINE 2.1 SW
2025-03-28,US1NHHL0019,US1NHHL0019,Spring,,,0.0,0.0,,42.7123,-71.6976,138.1,BROOKLINE 2.1 SW
2025-03-30,US1NHHL0019,US1NHHL0019,Spring,,,,,0.0,42.7123,-71.6976,138.1,BROOKLINE 2.1 SW
2025-03-31,US1NHHL0019,US1NHHL0019,Spring,,,3.0,0.0,,42.7123,-71.6976,138.1,BROOKLINE 2.1 SW
2025-04-01,US1NHHL0019,US1NHHL0019,Spring,,,8.9,0.0,,42.7123,-71.6976,138.1,BROOKLINE 2.1 SW
2025-04-02,US1NHHL0019,US1NHHL0019,Spring,,,0.0,0.0,,42.7123,-71.6976,138.1,BROOKLINE 2.1 SW
2025-04-04,US1NHHL0019,US1NHHL0019,Spring,,,,,0.0,42.7123,-71.6976,138.1,BROOKLINE 2.1 SW
2025-04-05,US1NHHL0019,US1NHHL0019,Spring,,,0.0,0.0,,42.7123,-71.6976,138.1,BROOKLINE 2.1 SW
2025-04-08,US1NHHL0019,US1NHHL0019,Spring,,,,,0.0,42.7123,-71.6976,138.1,BROOKLINE 2.1 SW
2025-04-09,US1NHHL0019,US1NHHL0019,Spring,,,2.5,0.0,,42.7123,-71.6976,138.1,BROOKLINE 2.1 SW
2025-04-10,US1NHHL0019,US1NHHL0019,Spring,,,0.0,0.0,,42.7123,-71.6976,138.1,BROOKLINE 2.1 SW
2025-04-13,US1NHHL0019,US1NHHL0019,Spring,,,,,25.0,42.7123,-71.6976,138.1,BROOKLINE 2.1 SW
2025-04-14,US1NHHL0019,US1NHHL0019,Spring,,,0.0,0.0,,42.7123,-71.6976,138.1,BROOKLINE 2.1 SW
2025-04-15,US1NHHL0019,US1NHHL0019,Spring,,,0.5,0.0,,42.7123,-71.6976,138.1,BROOKLINE 2.1 SW
2025-04-16,US1NHHL0019,US1NHHL0019,Spring,,,1.5,0.0,,42.7123,-71.6976,138.1,BROOKLINE 2.1 SW
2025-04-17,US1NHHL0019,US1NHHL0019,Spring,,,0.0,0.0,,42.7123,-71.6976,138.1,BROOKLINE 2.1 SW
2025-04-18,US1NHHL0019,US1NHHL0019,Spring,,,0.0,0.0,,42.7123,-71.6976,138.1,BROOKLINE 2.1 SW
2025-04-20,US1NHHL0019,US1NHHL0019,Spring,,,0.0,0.0,,42.7123,-71.6976,138.1,BROOKLINE 2.1 SW
2025-04-21,US1NHHL0019,US1NHHL0019,Spring,,,0.0,0.0,,42.7123,-71.6976,138.1,BROOKLINE 2.1 SW
2025-04-22,US1NHHL0019,US1NHHL0019,Spring,,,4.3,0.0,,42.7123,-71.6976,138.1,BROOKLINE 2.1 SW
2025-03-26,US1NHHL0025,US1NHHL0025,Spring,,,0.0,0.0,,42.9141,-71.6102,93.0,AMHERST 3.7 NNE
2025-03-27,US1NHHL0025,US1NHHL0025,Spring,,,0.0,0.0,,42.9141,-71.6102,93.0,AMHERST 3.7 NNE
2025-03-28,US1NHHL0025,US1NHHL0025,Spring,,,0.0,0.0,,42.9141,-71.6102,93.0,AMHERST 3.7 NNE
2025-03-29,US1NHHL0025,US1NHHL0025,Spring,,,7.6,,,42.9141,-71.6102,93.0,AMHERST 3.7 NNE
2025-03-30,US1NHHL0025,US1NHHL0025,Spring,,,12.7,,,42.9141,-71.6102,93.0,AMHERST 3.7 NNE
2025-03-31,US1NHHL0025,US1NHHL0025,Spring,,,2.5,,,42.9141,-71.6102,93.0,AMHERST 3.7 NNE
2025-04-01,US1NHHL0025,US1NHHL0025,Spring,,,10.4,,,42.9141,-71.6102,93.0,AMHERST 3.7 NNE
2025-04-02,US1NHHL0025,US1NHHL0025,Spring,,,0.0,0.0,,42.9141,-71.6102,93.0,AMHERST 3.7 NNE
2025-04-05,US1NHHL0025,US1NHHL0025,Spring,,,0.0,0.0,,42.9141,-71.6102,93.0,AMHERST 3.7 NNE
2025-04-07,US1NHHL0025,US1NHHL0025,Spring,,,19.6,,,42.9141,-71.6102,93.0,AMHERST 3.7 NNE
2025-04-08,US1NHHL0025,US1NHHL0025,Spring,,,2.8,,,42.9141,-71.6102,93.0,AMHERST 3.7 NNE
2025-04-09,US1NHHL0025,US1NHHL0025,Spring,,,1.0,,,42.9141,-71.6102,93.0,AMHERST 3.7 NNE
2025-04-10,US1NHHL0025,US1NHHL0025,Spring,,,0.0,0.0,,42.9141,-71.6102,93.0,AMHERST 3.7 NNE
2025-04-11,US1NHHL0025,US1NHHL0025,Spring,,,3.3,,,42.9141,-71.6102,93.0,AMHERST 3.7 NNE
2025-04-14,US1NHHL0025,US1NHHL0025,Spring,,,0.0,0.0,,42.9141,-71.6102,93.0,AMHERST 3.7 NNE
2025-04-15,US1NHHL0025,US1NHHL0025,Spring,,,1.0,,,42.9141,-71.6102,93.0,AMHERST 3.7 NNE
2025-04-17,US1NHHL0025,US1NHHL0025,Spring,,,0.0,0.0,,42.9141,-71.6102,93.0,AMHERST 3.7 NNE
2025-04-18,US1NHHL0025,US1NHHL0025,Spring,,,0.0,0.0,,42.9141,-71.6102,93.0,AMHERST 3.7 NNE
2025-04-19,US1NHHL0025,US1NHHL0025,Spring,,,0.0,0.0,,42.9141,-71.6102,93.0,AMHERST 3.7 NNE
2025-04-20,US1NHHL0025,US1NHHL0025,Spring,,,1.3,,,42.9141,-71.6102,93.0,AMHERST 3.7 NNE
2025-04-21,US1NHHL0025,US1NHHL0025,Spring,,,0.0,0.0,,42.9141,-71.6102,93.0,AMHERST 3.7 NNE
2025-04-22,US1NHHL0025,US1NHHL0025,Spring,,,3.3,,,42.9141,-71.6102,93.0,AMHERST 3.7 NNE
2025-03-26,US1NHHL0048,US1NHHL0048,Spring,,,0.0,0.0,,42.7767,-71.7799,296.3,GREENVILLE 1.1 ENE
2025-03-27,US1NHHL0048,US1NHHL0048,Spring,,,0.0,0.0,,42.7767,-71.7799,296.3,GREENVILLE 1.1 ENE
2025-03-28,US1NHHL0048,US1NHHL0048,Spring,,,0.0,0.0,,42.7767,-71.7799,296.3,GREENVILLE 1.1 ENE
2025-03-29,US1NHHL0048,US1NHHL0048,Spring,,,4.1,,,42.7767,-71.7799,296.3,GREENVILLE 1.1 ENE
2025-03-30,US1NHHL0048,US1NHHL0048,Spring,,,7.6,,,42.7767,-71.7799,296.3,GREENVILLE 1.1 ENE
2025-03-31,US1NHHL0048,US1NHHL0048,Spring,,,2.5,,,42.7767,-71.7799,296.3,GREENVILLE 1.1 ENE
2025-04-01,US1NHHL0048,US1NHHL0048,Spring,,,9.1,,,42.7767,-71.7799,296.3,GREENVILLE 1.1 ENE
2025-04-02,US1NHHL0048,US1NHHL0048,Spring,,,0.0,0.0,,42.7767,-71.7799,296.3,GREENVILLE 1.1 ENE
2025-04-03,US1NHHL0048,US1NHHL0048,Spring,,,12.2,,,42.7767,-71.7799,296.3,GREENVILLE 1.1 ENE
2025-04-04,US1NHHL0048,US1NHHL0048,Spring,,,8.4,,,42.7767,-71.7799,296.3,GREENVILLE 1.1 ENE
2025-04-05,US1NHHL0048,US1NHHL0048,Spring,,,0.0,0.0,,42.7767,-71.7799,296.3,GREENVILLE 1.1 ENE
2025-04-06,US1NHHL0048,US1NHHL0048,Spring,,,17.5,,,42.7767,-71.7799,296.3,GREENVILLE 1.1 ENE
2025-04-07,US1NHHL0048,US1NHHL0048,Spring,,,2.3,18.0,25.0,42.7767,-71.7799,296.3,GREENVILLE 1.1 ENE
2025-04-08,US1NHHL0048,US1NHHL0048,Spring,,,4.8,13.0,13.0,42.7767,-71.7799,296.3,GREENVILLE 1.1 ENE
2025-04-09,US1NHHL0048,US1NHHL0048,Spring,,,1.5,13.0,,42.7767,-71.7799,296.3,GREENVILLE 1.1 ENE
2025-04-10,US1NHHL0048,US1NHHL0048,Spring,,,0.0,0.0,,42.7767,-71.7799,296.3,GREENVILLE 1.1 ENE
2025-04-11,US1NHHL0048,US1NHHL0048,Spring,,,4.6,36.0,,42.7767,-71.7799,296.3,GREENVILLE 1.1 ENE
2025-04-12,US1NHHL0048,US1NHHL0048,Spring,,,19.1,206.0,203.0,42.7767,-71.7799,296.3,GREENVILLE 1.1 ENE
2025-04-13,US1NHHL0048,US1NHHL0048,Spring,,,5.1,13.0,114.0,42.7767,-71.7799,296.3,GREENVILLE 1.1 ENE
2025-04-14,US1NHHL0048,US1NHHL0048,Spring,,,0.0,0.0,38.0,42.7767,-71.7799,296.3,GREENVILLE 1.1 ENE
2025-04-15,US1NHHL0048,US1NHHL0048,Spring,,,0.3,,,42.7767,-71.7799,296.3,GREENVILLE 1.1 ENE
2025-04-16,US1NHHL0048,US1NHHL0048,Spring,,,4.6,,,42.7767,-71.7799,296.3,GREENVILLE 1.1 ENE
2025-04-17,US1NHHL0048,US1NHHL0048,Spring,,,0.0,0.0,,42.7767,-71.7799,296.3,GREENVILLE 1.1 ENE
2025-04-18,US1NHHL0048,US1NHHL0048,Spring,,,0.0,0.0,,42.7767,-71.7799,296.3,GREENVILLE 1.1 ENE
2025-04-19,US1NHHL0048,US1NHHL0048,Spring,,,0.0,0.0,,42.7767,-71.7799,296.3,GREENVILLE 1.1 ENE
2025-04-20,US1NHHL0048,US1NHHL0048,Spring,,,0.0,0.0,,42.7767,-71.7799,296.3,GREENVILLE 1.1 ENE
2025-04-21,US1NHHL0048,US1NHHL0048,Spring,,,0.0,0.0,,42.7767,-71.7799,296.3,GREENVILLE 1.1 ENE
2025-04-22,US1NHHL0048,US1NHHL0048,Spring,,,3.0,,,42.7767,-71.7799,296.3,GREENVILLE 1.1 ENE
2025-03-26,US1NHHL0049,US1NHHL0049,Spring,,,0.0,0.0,,42.8762,-71.6828,159.4,MONT VERNON 1.3 SSW
2025-03-28,US1NHHL0049,US1NHHL0049,Spring,,,0.0,0.0,,42.8762,-71.6828,159.4,MONT VERNON 1.3 SSW
2025-03-29,US1NHHL0049,US1NHHL0049,Spring,,,5.8,,,42.8762,-71.6828,159.4,MONT VERNON 1.3 SSW
2025-03-30,US1NHHL0049,US1NHHL0049,Spring,,,9.7,,,42.8762,-71.6828,159.4,MONT VERNON 1.3 SSW
2025-03-31,US1NHHL0049,US1NHHL0049,Spring,,,1.3,,,42.8762,-71.6828,159.4,MONT VERNON 1.3 SSW
2025-04-01,US1NHHL0049,US1NHHL0049,Spring,,,8.9,,,42.8762,-71.6828,159.4,MONT VERNON 1.3 SSW
2025-04-02,US1NHHL0049,US1NHHL0049,Spring,,,0.0,0.0,,42.8762,-71.6828,159.4,MONT VERNON 1.3 SSW
2025-04-03,US1NHHL0049,US1NHHL0049,Spring,,,16.0,,,42.8762,-71.6828,159.4,MONT VERNON 1.3 SSW
2025-04-04,US1NHHL0049,US1NHHL0049,Spring,,,8.4,,,42.8762,-71.6828,159.4,MONT VERNON 1.3 SSW
2025-04-05,US1NHHL0049,US1NHHL0049,Spring,,,0.0,0.0,,42.8762,-71.6828,159.4,MONT VERNON 1.3 SSW
2025-04-06,US1NHHL0049,US1NHHL0049,Spring,,,13.7,,,42.8762,-71.6828,159.4,MONT VERNON 1.3 SSW
2025-04-07,US1NHHL0049,US1NHHL0049,Spring,,,2.0,0.0,,42.8762,-71.6828,159.4,MONT VERNON 1.3 SSW
2025-04-08,US1NHHL0049,US1NHHL0049,Spring,,,3.8,,,42.8762,-71.6828,159.4,MONT VERNON 1.3 SSW
2025-04-09,US1NHHL0049,US1NHHL0049,Spring,,,0.0,0.0,,42.8762,-71.6828,159.4,MONT VERNON 1.3 SSW
2025-04-10,US1NHHL0049,US1NHHL0049,Spring,,,0.0,0.0,,42.8762,-71.6828,159.4,MONT VERNON 1.3 SSW
2025-04-11,US1NHHL0049,US1NHHL0049,Spring,,,3.8,13.0,13.0,42.8762,-71.6828,159.4,MONT VERNON 1.3 SSW
2025-04-12,US1NHHL0049,US1NHHL0049,Spring,,,6.4,38.0,38.0,42.8762,-71.6828,159.4,MONT VERNON 1.3 SSW
2025-04-13,US1NHHL0049,US1NHHL0049,Spring,,,7.1,,25.0,42.8762,-71.6828,159.4,MONT VERNON 1.3 SSW
2025-04-14,US1NHHL0049,US1NHHL0049,Spring,,,0.5,,0.0,42.8762,-71.6828,159.4,MONT VERNON 1.3 SSW
2025-04-15,US1NHHL0049,US1NHHL0049,Spring,,,0.5,,,42.8762,-71.6828,159.4,MONT VERNON 1.3 SSW
2025-04-16,US1NHHL0049,US1NHHL0049,Spring,,,1.0,,0.0,42.8762,-71.6828,159.4,MONT VERNON 1.3 SSW
2025-04-17,US1NHHL0049,US1NHHL0049,Spring,,,0.0,0.0,,42.8762,-71.6828,159.4,MONT VERNON 1.3 SSW
2025-04-18,US1NHHL0049,US1NHHL0049,Spring,,,0.0,0.0,,42.8762,-71.6828,159.4,MONT VERNON 1.3 SSW
2025-04-19,US1NHHL0049,US1NHHL0049,Spring,,,0.0,0.0,,42.8762,-71.6828,159.4,MONT VERNON 1.3 SSW
2025-04-20,US1NHHL0049,US1NHHL0049,Spring,,,2.0,,,42.8762,-71.6828,159.4,MONT VERNON 1.3 SSW
2025-04-21,US1NHHL0049,US1NHHL0049,Spring,,,0.0,0.0,,42.8762,-71.6828,159.4,MONT VERNON 1.3 SSW
2025-04-22,US1NHHL0049,US1NHHL0049,Spring,,,3.0,,,42.8762,-71.6828,159.4,MONT VERNON 1.3 SSW
2025-03-29,US1NHHL0068,US1NHHL0068,Spring,,,3.0,,,42.7167,-71.7249,186.5,MASON 2.9 SE
2025-03-31,US1NHHL0068,US1NHHL0068,Spring,,,10.7,,,42.7167,-71.7249,186.5,MASON 2.9 SE
2025-04-01,US1NHHL0068,US1NHHL0068,Spring,,,10.2,,,42.7167,-71.7249,186.5,MASON 2.9 SE
2025-04-03,US1NHHL0068,US1NHHL0068,Spring,,,13.7,,,42.7167,-71.7249,186.5,MASON 2.9 SE
2025-04-04,US1NHHL0068,US1NHHL0068,Spring,,,4.6,,,42.7167,-71.7249,186.5,MASON 2.9 SE
2025-04-06,US1NHHL0068,US1NHHL0068,Spring,,,14.7,,,42.7167,-71.7249,186.5,MASON 2.9 SE
2025-04-07,US1NHHL0068,US1NHHL0068,Spring,,,3.8,,,42.7167,-71.7249,186.5,MASON 2.9 SE
2025-04-15,US1NHHL0068,US1NHHL0068,Spring,,,1.3,,,42.7167,-71.7249,186.5,MASON 2.9 SE
2025-04-16,US1NHHL0068,US1NHHL0068,Spring,,,1.8,,,42.7167,-71.7249,186.5,MASON 2.9 SE
2025-04-20,US1NHHL0077,US1NHHL0077,Spring,,,2.0,,,43.0322,-71.7367,213.1,WEARE 4.3 S
2025-04-21,US1NHHL0077,US1NHHL0077,Spring,,,0.0,0.0,,43.0322,-71.7367,213.1,WEARE 4.3 S
2025-03-26,US1NHHL0096,US1NHHL0096,Spring,,,0.0,0.0,,42.9744,-71.4447,100.0,MANCHESTER 0.6 S
2025-03-27,US1NHHL0096,US1NHHL0096,Spring,,,0.0,0.0,,42.9744,-71.4447,100.0,MANCHESTER 0.6 S
2025-03-28,US1NHHL0096,US1NHHL0096,Spring,,,0.0,0.0,,42.9744,-71.4447,100.0,MANCHESTER 0.6 S
2025-03-29,US1NHHL0096,US1NHHL0096,Spring,,,4.3,0.0,,42.9744,-71.4447,100.0,MANCHESTER 0.6 S
2025-03-31,US1NHHL0096,US1NHHL0096,Spring,,,,,0.0,42.9744,-71.4447,100.0,MANCHESTER 0.6 S
2025-04-01,US1NHHL0096,US1NHHL0096,Spring,,,11.9,0.0,,42.9744,-71.4447,100.0,MANCHESTER 0.6 S
2025-04-02,US1NHHL0096,US1NHHL0096,Spring,,,0.0,0.0,,42.9744,-71.4447,100.0,MANCHESTER 0.6 S
2025-04-03,US1NHHL0096,US1NHHL0096,Spring,,,17.5,0.0,,42.9744,-71.4447,100.0,MANCHESTER 0.6 S
2025-04-04,US1NHHL0096,US1NHHL0096,Spring,,,6.9,0.0,,42.9744,-71.4447,100.0,MANCHESTER 0.6 S
2025-04-05,US1NHHL0096,US1NHHL0096,Spring,,,0.0,0.0,,42.9744,-71.4447,100.0,MANCHESTER 0.6 S
2025-04-06,US1NHHL0096,US1NHHL0096,Spring,,,8.6,0.0,,42.9744,-71.4447,100.0,MANCHESTER 0.6 S
2025-04-07,US1NHHL0096,US1NHHL0096,Spring,,,6.1,0.0,,42.9744,-71.4447,100.0,MANCHESTER 0.6 S
2025-04-08,US1NHHL0096,US1NHHL0096,Spring,,,1.8,0.0,,42.9744,-71.4447,100.0,MANCHESTER 0.6 S
2025-04-09,US1NHHL0096,US1NHHL0096,Spring,,,2.3,0.0,,42.9744,-71.4447,100.0,MANCHESTER 0.6 S
2025-04-10,US1NHHL0096,US1NHHL0096,Spring,,,0.0,0.0,,42.9744,-71.4447,100.0,MANCHESTER 0.6 S
2025-04-11,US1NHHL0096,US1NHHL0096,Spring,,,2.0,0.0,,42.9744,-71.4447,100.0,MANCHESTER 0.6 S
2025-04-12,US1NHHL0096,US1NHHL0096,Spring,,,7.6,25.0,25.0,42.9744,-71.4447,100.0,MANCHESTER 0.6 S
2025-04-13,US1NHHL0096,US1NHHL0096,Spring,,,5.8,0.0,0.0,42.9744,-71.4447,100.0,MANCHESTER 0.6 S
2025-04-14,US1NHHL0096,US1NHHL0096,Spring,,,0.0,0.0,,42.9744,-71.4447,100.0,MANCHESTER 0.6 S
2025-04-15,US1NHHL0096,US1NHHL0096,Spring,,,1.8,0.0,,42.9744,-71.4447,100.0,MANCHESTER 0.6 S
2025-04-16,US1NHHL0096,US1NHHL0096,Spring,,,2.8,0.0,,42.9744,-71.4447,100.0,MANCHESTER 0.6 S
2025-04-17,US1NHHL0096,US1NHHL0096,Spring,,,0.0,0.0,,42.9744,-71.4447,100.0,MANCHESTER 0.6 S
2025-04-18,US1NHHL0096,US1NHHL0096,Spring,,,0.0,0.0,,42.9744,-71.4447,100.0,MANCHESTER 0.6 S
2025-04-19,US1NHHL0096,US1NHHL0096,Spring,,,0.0,0.0,,42.9744,-71.4447,100.0,MANCHESTER 0.6 S
2025-04-20,US1NHHL0096,US1NHHL0096,Spring,,,2.5,0.0,,42.9744,-71.4447,100.0,MANCHESTER 0.6 S
2025-04-21,US1NHHL0096,US1NHHL0096,Spring,,,0.0,0.0,,42.9744,-71.4447,100.0,MANCHESTER 0.6 S
2025-04-22,US1NHHL0096,US1NHHL0096,Spring,,,3.0,0.0,,42.9744,-71.4447,100.0,MANCHESTER 0.6 S
2025-03-26,US1NHHL0100,US1NHHL0100,Spring,,,0.0,0.0,,42.7119,-71.6908,107.6,BROOKLINE 2.3 SW
2025-03-27,US1NHHL0100,US1NHHL0100,Spring,,,0.0,0.0,,42.7119,-71.6908,107.6,BROOKLINE 2.3 SW
2025-03-28,US1NHHL0100,US1NHHL0100,Spring,,,0.0,0.0,,42.7119,-71.6908,107.6,BROOKLINE 2.3 SW
2025-03-29,US1NHHL0100,US1NHHL0100,Spring,,,2.3,0.0,,42.7119,-71.6908,107.6,BROOKLINE 2.3 SW
2025-03-30,US1NHHL0100,US1NHHL0100,Spring,,,5.1,0.0,,42.7119,-71.6908,107.6,BROOKLINE 2.3 SW
2025-03-31,US1NHHL0100,US1NHHL0100,Spring,,,2.0,0.0,,42.7119,-71.6908,107.6,BROOKLINE 2.3 SW
2025-04-01,US1NHHL0100,US1NHHL0100,Spring,,,9.1,0.0,,42.7119,-71.6908,107.6,BROOKLINE 2.3 SW
2025-04-02,US1NHHL0100,US1NHHL0100,Spring,,,0.0,0.0,,42.7119,-71.6908,107.6,BROOKLINE 2.3 SW
2025-04-03,US1NHHL0100,US1NHHL0100,Spring,,,11.4,0.0,,42.7119,-71.6908,107.6,BROOKLINE 2.3 SW
2025-04-04,US1NHHL0100,US1NHHL0100,Spring,,,5.8,0.0,,42.7119,-71.6908,107.6,BROOKLINE 2.3 SW
2025-04-05,US1NHHL0100,US1NHHL0100,Spring,,,0.0,0.0,,42.7119,-71.6908,107.6,BROOKLINE 2.3 SW
2025-04-06,US1NHHL0100,US1NHHL0100,Spring,,,13.5,0.0,,42.7119,-71.6908,107.6,BROOKLINE 2.3 SW
2025-04-07,US1NHHL0100,US1NHHL0100,Spring,,,5.6,3.0,,42.7119,-71.6908,107.6,BROOKLINE 2.3 SW
2025-04-08,US1NHHL0100,US1NHHL0100,Spring,,,4.8,0.0,,42.7119,-71.6908,107.6,BROOKLINE 2.3 SW
2025-04-09,US1NHHL0100,US1NHHL0100,Spring,,,1.8,0.0,,42.7119,-71.6908,107.6,BROOKLINE 2.3 SW
2025-04-10,US1NHHL0100,US1NHHL0100,Spring,,,0.0,0.0,,42.7119,-71.6908,107.6,BROOKLINE 2.3 SW
2025-04-11,US1NHHL0100,US1NHHL0100,Spring,,,4.1,13.0,,42.7119,-71.6908,107.6,BROOKLINE 2.3 SW
2025-04-12,US1NHHL0100,US1NHHL0100,Spring,,,14.5,89.0,,42.7119,-71.6908,107.6,BROOKLINE 2.3 SW
2025-04-13,US1NHHL0100,US1NHHL0100,Spring,,,3.8,13.0,,42.7119,-71.6908,107.6,BROOKLINE 2.3 SW
2025-04-14,US1NHHL0100,US1NHHL0100,Spring,,,0.3,0.0,,42.7119,-71.6908,107.6,BROOKLINE 2.3 SW
2025-04-15,US1NHHL0100,US1NHHL0100,Spring,,,0.5,0.0,,42.7119,-71.6908,107.6,BROOKLINE 2.3 SW
2025-04-16,US1NHHL0100,US1NHHL0100,Spring,,,1.0,0.0,,42.7119,-71.6908,107.6,BROOKLINE 2.3 SW
2025-04-17,US1NHHL0100,US1NHHL0100,Spring,,,0.0,0.0,,42.7119,-71.6908,107.6,BROOKLINE 2.3 SW
2025-04-18,US1NHHL0100,US1NHHL0100,Spring,,,0.0,0.0,,42.7119,-71.6908,107.6,BROOKLINE 2.3 SW
2025-04-19,US1NHHL0100,US1NHHL0100,Spring,,,0.0,0.0,,42.7119,-71.6908,107.6,BROOKLINE 2.3 SW
2025-04-20,US1NHHL0100,US1NHHL0100,Spring,,,0.0,0.0,,42.7119,-71.6908,107.6,BROOKLINE 2.3 SW
2025-04-21,US1NHHL0100,US1NHHL0100,Spring,,,0.0,0.0,,42.7119,-71.6908,107.6,BROOKLINE 2.3 SW
2025-04-22,US1NHHL0100,US1NHHL0100,Spring,,,4.3,0.0,,42.7119,-71.6908,107.6,BROOKLINE 2.3 SW
2025-03-26,US1NHHL0103,US1NHHL0103,Spring,,,0.0,0.0,,42.826,-71.8292,272.8,TEMPLE 1.2 ENE
2025-03-27,US1NHHL0103,US1NHHL0103,Spring,,,0.0,0.0,,42.826,-71.8292,272.8,TEMPLE 1.2 ENE
2025-03-28,US1NHHL0103,US1NHHL0103,Spring,,,0.0,0.0,,42.826,-71.8292,272.8,TEMPLE 1.2 ENE
2025-03-29,US1NHHL0103,US1NHHL0103,Spring,,,3.8,,,42.826,-71.8292,272.8,TEMPLE 1.2 ENE
2025-03-30,US1NHHL0103,US1NHHL0103,Spring,,,12.2,,,42.826,-71.8292,272.8,TEMPLE 1.2 ENE
2025-03-31,US1NHHL0103,US1NHHL0103,Spring,,,3.3,,,42.826,-71.8292,272.8,TEMPLE 1.2 ENE
2025-04-01,US1NHHL0103,US1NHHL0103,Spring,,,9.9,,,42.826,-71.8292,272.8,TEMPLE 1.2 ENE
2025-04-02,US1NHHL0103,US1NHHL0103,Spring,,,0.0,0.0,,42.826,-71.8292,272.8,TEMPLE 1.2 ENE
2025-04-03,US1NHHL0103,US1NHHL0103,Spring,,,14.7,,,42.826,-71.8292,272.8,TEMPLE 1.2 ENE
2025-04-05,US1NHHL0103,US1NHHL0103,Spring,,,0.0,0.0,,42.826,-71.8292,272.8,TEMPLE 1.2 ENE
2025-04-06,US1NHHL0103,US1NHHL0103,Spring,,,14.5,,,42.826,-71.8292,272.8,TEMPLE 1.2 ENE
2025-04-07,US1NHHL0103,US1NHHL0103,Spring,,,5.6,0.0,0.0,42.826,-71.8292,272.8,TEMPLE 1.2 ENE
2025-04-08,US1NHHL0103,US1NHHL0103,Spring,,,4.6,,,42.826,-71.8292,272.8,TEMPLE 1.2 ENE
2025-04-09,US1NHHL0103,US1NHHL0103,Spring,,,2.3,,,42.826,-71.8292,272.8,TEMPLE 1.2 ENE
2025-04-11,US1NHHL0103,US1NHHL0103,Spring,,,4.1,0.0,0.0,42.826,-71.8292,272.8,TEMPLE 1.2 ENE
2025-04-12,US1NHHL0103,US1NHHL0103,Spring,,,9.9,127.0,127.0,42.826,-71.8292,272.8,TEMPLE 1.2 ENE
2025-04-13,US1NHHL0103,US1NHHL0103,Spring,,,13.5,89.0,,42.826,-71.8292,272.8,TEMPLE 1.2 ENE
2025-04-14,US1NHHL0103,US1NHHL0103,Spring,,,0.0,0.0,,42.826,-71.8292,272.8,TEMPLE 1.2 ENE
2025-04-15,US1NHHL0103,US1NHHL0103,Spring,,,0.5,,,42.826,-71.8292,272.8,TEMPLE 1.2 ENE
2025-04-16,US1NHHL0103,US1NHHL0103,Spring,,,4.1,,,42.826,-71.8292,272.8,TEMPLE 1.2 ENE
2025-04-17,US1NHHL0103,US1NHHL0103,Spring,,,0.0,0.0,,42.826,-71.8292,272.8,TEMPLE 1.2 ENE
2025-04-20,US1NHHL0103,US1NHHL0103,Spring,,,2.5,,,42.826,-71.8292,272.8,TEMPLE 1.2 ENE
2025-04-21,US1NHHL0103,US1NHHL0103,Spring,,,0.0,0.0,,42.826,-71.8292,272.8,TEMPLE 1.2 ENE
2025-04-22,US1NHHL0103,US1NHHL0103,Spring,,,2.5,,,42.826,-71.8292,272.8,TEMPLE 1.2 ENE
2025-03-26,US1NHHL0108,US1NHHL0108,Spring,,,,,13.0,43.0764,-72.0002,319.7,ANTRIM 4.1 NW
2025-03-27,US1NHHL0108,US1NHHL0108,Spring,,,,,0.0,43.0764,-72.0002,319.7,ANTRIM 4.1 NW
2025-03-29,US1NHHL0108,US1NHHL0108,Spring,,,6.1,,,43.0764,-72.0002,319.7,ANTRIM 4.1 NW
2025-03-30,US1NHHL0108,US1NHHL0108,Spring,,,3.6,,,43.0764,-72.0002,319.7,ANTRIM 4.1 NW
2025-03-31,US1NHHL0108,US1NHHL0108,Spring,,,5.8,,,43.0764,-72.0002,319.7,ANTRIM 4.1 NW
2025-04-01,US1NHHL0108,US1NHHL0108,Spring,,,3.3,,,43.0764,-72.0002,319.7,ANTRIM 4.1 NW
2025-04-03,US1NHHL0108,US1NHHL0108,Spring,,,14.2,,,43.0764,-72.0002,319.7,ANTRIM 4.1 NW
2025-04-04,US1NHHL0108,US1NHHL0108,Spring,,,9.4,,,43.0764,-72.0002,319.7,ANTRIM 4.1 NW
2025-04-06,US1NHHL0108,US1NHHL0108,Spring,,,10.4,,,43.0764,-72.0002,319.7,ANTRIM 4.1 NW
2025-04-07,US1NHHL0108,US1NHHL0108,Spring,,,,3.0,,43.0764,-72.0002,319.7,ANTRIM 4.1 NW
2025-04-08,US1NHHL0108,US1NHHL0108,Spring,,,,8.0,,43.0764,-72.0002,319.7,ANTRIM 4.1 NW
2025-04-09,US1NHHL0108,US1NHHL0108,Spring,,,1.0,,,43.0764,-72.0002,319.7,ANTRIM 4.1 NW
2025-04-11,US1NHHL0108,US1NHHL0108,Spring,,,,5.0,,43.0764,-72.0002,319.7,ANTRIM 4.1 NW
2025-04-12,US1NHHL0108,US1NHHL0108,Spring,,,,48.0,,43.0764,-72.0002,319.7,ANTRIM 4.1 NW
2025-04-13,US1NHHL0108,US1NHHL0108,Spring,,,,97.0,64.0,43.0764,-72.0002,319.7,ANTRIM 4.1 NW
2025-04-14,US1NHHL0108,US1NHHL0108,Spring,,,,,0.0,43.0764,-72.0002,319.7,ANTRIM 4.1 NW
2025-04-15,US1NHHL0108,US1NHHL0108,Spring,,,5.3,,,43.0764,-72.0002,319.7,ANTRIM 4.1 NW
2025-04-16,US1NHHL0108,US1NHHL0108,Spring,,,1.3,,,43.0764,-72.0002,319.7,ANTRIM 4.1 NW
2025-04-20,US1NHHL0108,US1NHHL0108,Spring,,,2.0,,,43.0764,-72.0002,319.7,ANTRIM 4.1 NW
2025-04-22,US1NHHL0108,US1NHHL0108,Spring,,,4.1,,,43.0764,-72.0002,319.7,ANTRIM 4.1 NW
2025-03-26,US1NHMR0004,US1NHMR0004,Spring,,,0.0,0.0,0.0,43.1499,-71.5565,137.5,BOW 1.6 NW
2025-03-27,US1NHMR0004,US1NHMR0004,Spring,,,0.0,0.0,0.0,43.1499,-71.5565,137.5,BOW 1.6 NW
2025-03-28,US1NHMR0004,US1NHMR0004,Spring,,,0.0,0.0,0.0,43.1499,-71.5565,137.5,BOW 1.6 NW
2025-03-29,US1NHMR0004,US1NHMR0004,Spring,,,5.8,5.0,0.0,43.1499,-71.5565,137.5,BOW 1.6 NW
2025-03-30,US1NHMR0004,US1NHMR0004,Spring,,,14.5,3.0,0.0,43.1499,-71.5565,137.5,BOW 1.6 NW
2025-03-31,US1NHMR0004,US1NHMR0004,Spring,,,5.1,0.0,0.0,43.1499,-71.5565,137.5,BOW 1.6 NW
2025-04-01,US1NHMR0004,US1NHMR0004,Spring,,,7.9,0.0,0.0,43.1499,-71.5565,137.5,BOW 1.6 NW
2025-04-02,US1NHMR0004,US1NHMR0004,Spring,,,0.0,0.0,0.0,43.1499,-71.5565,137.5,BOW 1.6 NW
2025-04-03,US1NHMR0004,US1NHMR0004,Spring,,,15.5,3.0,0.0,43.1499,-71.5565,137.5,BOW 1.6 NW
2025-04-04,US1NHMR0004,US1NHMR0004,Spring,,,7.1,0.0,0.0,43.1499,-71.5565,137.5,BOW 1.6 NW
2025-04-05,US1NHMR0004,US1NHMR0004,Spring,,,0.0,0.0,0.0,43.1499,-71.5565,137.5,BOW 1.6 NW
2025-04-06,US1NHMR0004,US1NHMR0004,Spring,,,8.6,0.0,0.0,43.1499,-71.5565,137.5,BOW 1.6 NW
2025-04-07,US1NHMR0004,US1NHMR0004,Spring,,,4.3,0.0,0.0,43.1499,-71.5565,137.5,BOW 1.6 NW
2025-04-08,US1NHMR0004,US1NHMR0004,Spring,,,2.3,3.0,0.0,43.1499,-71.5565,137.5,BOW 1.6 NW
2025-04-09,US1NHMR0004,US1NHMR0004,Spring,,,1.5,0.0,0.0,43.1499,-71.5565,137.5,BOW 1.6 NW
2025-04-10,US1NHMR0004,US1NHMR0004,Spring,,,0.0,0.0,0.0,43.1499,-71.5565,137.5,BOW 1.6 NW
2025-04-11,US1NHMR0004,US1NHMR0004,Spring,,,1.8,0.0,0.0,43.1499,-71.5565,137.5,BOW 1.6 NW
2025-04-12,US1NHMR0004,US1NHMR0004,Spring,,,7.4,53.0,51.0,43.1499,-71.5565,137.5,BOW 1.6 NW
2025-04-13,US1NHMR0004,US1NHMR0004,Spring,,,10.4,71.0,51.0,43.1499,-71.5565,137.5,BOW 1.6 NW
2025-04-14,US1NHMR0004,US1NHMR0004,Spring,,,0.3,0.0,0.0,43.1499,-71.5565,137.5,BOW 1.6 NW
2025-04-15,US1NHMR0004,US1NHMR0004,Spring,,,6.9,0.0,0.0,43.1499,-71.5565,137.5,BOW 1.6 NW
2025-04-16,US1NHMR0004,US1NHMR0004,Spring,,,0.5,0.0,0.0,43.1499,-71.5565,137.5,BOW 1.6 NW
2025-04-17,US1NHMR0004,US1NHMR0004,Spring,,,0.0,0.0,0.0,43.1499,-71.5565,137.5,BOW 1.6 NW
2025-04-18,US1NHMR0004,US1NHMR0004,Spring,,,0.0,0.0,0.0,43.1499,-71.5565,137.5,BOW 1.6 NW
2025-04-19,US1NHMR0004,US1NHMR0004,Spring,,,0.0,0.0,0.0,43.1499,-71.5565,137.5,BOW 1.6 NW
2025-04-20,US1NHMR0004,US1NHMR0004,Spring,,,0.8,0.0,0.0,43.1499,-71.5565,137.5,BOW 1.6 NW
2025-04-21,US1NHMR0004,US1NHMR0004,Spring,,,0.0,0.0,0.0,43.1499,-71.5565,137.5,BOW 1.6 NW
2025-04-22,US1NHMR0004,US1NHMR0004,Spring,,,3.8,0.0,0.0,43.1499,-71.5565,137.5,BOW 1.6 NW
2025-03-26,US1NHMR0006,US1NHMR0006,Spring,,,0.0,0.0,127.0,43.52,-71.819,285.0,DANBURY 2.2 ESE
2025-03-27,US1NHMR0006,US1NHMR0006,Spring,,,0.0,0.0,102.0,43.52,-71.819,285.0,DANBURY 2.2 ESE
2025-03-28,US1NHMR0006,US1NHMR0006,Spring,,,0.0,0.0,25.0,43.52,-71.819,285.0,DANBURY 2.2 ESE
2025-03-29,US1NHMR0006,US1NHMR0006,Spring,,,0.0,0.0,25.0,43.52,-71.819,285.0,DANBURY 2.2 ESE
2025-03-30,US1NHMR0006,US1NHMR0006,Spring,,,11.7,0.0,13.0,43.52,-71.819,285.0,DANBURY 2.2 ESE
2025-03-31,US1NHMR0006,US1NHMR0006,Spring,,,14.7,0.0,25.0,43.52,-71.819,285.0,DANBURY 2.2 ESE
2025-04-01,US1NHMR0006,US1NHMR0006,Spring,,,17.3,0.0,0.0,43.52,-71.819,285.0,DANBURY 2.2 ESE
2025-04-02,US1NHMR0006,US1NHMR0006,Spring,,,0.0,0.0,0.0,43.52,-71.819,285.0,DANBURY 2.2 ESE
2025-04-03,US1NHMR0006,US1NHMR0006,Spring,,,10.7,20.0,13.0,43.52,-71.819,285.0,DANBURY 2.2 ESE
2025-04-04,US1NHMR0006,US1NHMR0006,Spring,,,0.0,0.0,0.0,43.52,-71.819,285.0,DANBURY 2.2 ESE
2025-04-05,US1NHMR0006,US1NHMR0006,Spring,,,0.0,0.0,0.0,43.52,-71.819,285.0,DANBURY 2.2 ESE
2025-04-06,US1NHMR0006,US1NHMR0006,Spring,,,10.9,0.0,0.0,43.52,-71.819,285.0,DANBURY 2.2 ESE
2025-04-07,US1NHMR0006,US1NHMR0006,Spring,,,1.3,0.0,0.0,43.52,-71.819,285.0,DANBURY 2.2 ESE
2025-04-08,US1NHMR0006,US1NHMR0006,Spring,,,0.8,15.0,13.0,43.52,-71.819,285.0,DANBURY 2.2 ESE
2025-04-09,US1NHMR0006,US1NHMR0006,Spring,,,0.0,0.0,0.0,43.52,-71.819,285.0,DANBURY 2.2 ESE
2025-04-10,US1NHMR0006,US1NHMR0006,Spring,,,0.0,0.0,0.0,43.52,-71.819,285.0,DANBURY 2.2 ESE
2025-04-11,US1NHMR0006,US1NHMR0006,Spring,,,1.5,0.0,0.0,43.52,-71.819,285.0,DANBURY 2.2 ESE
2025-04-12,US1NHMR0006,US1NHMR0006,Spring,,,7.1,91.0,89.0,43.52,-71.819,285.0,DANBURY 2.2 ESE
2025-04-13,US1NHMR0006,US1NHMR0006,Spring,,,7.1,56.0,51.0,43.52,-71.819,285.0,DANBURY 2.2 ESE
2025-04-14,US1NHMR0006,US1NHMR0006,Spring,,,0.0,0.0,0.0,43.52,-71.819,285.0,DANBURY 2.2 ESE
2025-04-15,US1NHMR0006,US1NHMR0006,Spring,,,3.8,0.0,0.0,43.52,-71.819,285.0,DANBURY 2.2 ESE
2025-04-16,US1NHMR0006,US1NHMR0006,Spring,,,0.0,0.0,0.0,43.52,-71.819,285.0,DANBURY 2.2 ESE
2025-04-17,US1NHMR0006,US1NHMR0006,Spring,,,0.0,0.0,0.0,43.52,-71.819,285.0,DANBURY 2.2 ESE
2025-04-18,US1NHMR0006,US1NHMR0006,Spring,,,0.0,0.0,0.0,43.52,-71.819,285.0,DANBURY 2.2 ESE
2025-04-19,US1NHMR0006,US1NHMR0006,Spring,,,0.0,0.0,0.0,43.52,-71.819,285.0,DANBURY 2.2 ESE
2025-04-20,US1NHMR0006,US1NHMR0006,Spring,,,0.0,0.0,0.0,43.52,-71.819,285.0,DANBURY 2.2 ESE
2025-04-21,US1NHMR0006,US1NHMR0006,Spring,,,0.0,0.0,0.0,43.52,-71.819,285.0,DANBURY 2.2 ESE
2025-04-22,US1NHMR0006,US1NHMR0006,Spring,,,4.3,0.0,0.0,43.52,-71.819,285.0,DANBURY 2.2 ESE
2025-03-26,US1NHMR0009,US1NHMR0009,Spring,,,0.0,0.0,,43.1848,-71.5186,70.7,CONCORD 3.8 SSE
2025-03-27,US1NHMR0009,US1NHMR0009,Spring,,,0.0,0.0,,43.1848,-71.5186,70.7,CONCORD 3.8 SSE
2025-03-28,US1NHMR0009,US1NHMR0009,Spring,,,0.0,0.0,,43.1848,-71.5186,70.7,CONCORD 3.8 SSE
2025-03-29,US1NHMR0009,US1NHMR0009,Spring,,,5.1,0.0,,43.1848,-71.5186,70.7,CONCORD 3.8 SSE
2025-03-30,US1NHMR0009,US1NHMR0009,Spring,,,9.9,0.0,,43.1848,-71.5186,70.7,CONCORD 3.8 SSE
2025-03-31,US1NHMR0009,US1NHMR0009,Spring,,,6.4,0.0,,43.1848,-71.5186,70.7,CONCORD 3.8 SSE
2025-04-01,US1NHMR0009,US1NHMR0009,Spring,,,6.1,0.0,,43.1848,-71.5186,70.7,CONCORD 3.8 SSE
2025-04-02,US1NHMR0009,US1NHMR0009,Spring,,,0.0,0.0,,43.1848,-71.5186,70.7,CONCORD 3.8 SSE
2025-04-03,US1NHMR0009,US1NHMR0009,Spring,,,12.4,0.0,,43.1848,-71.5186,70.7,CONCORD 3.8 SSE
2025-04-04,US1NHMR0009,US1NHMR0009,Spring,,,5.3,0.0,,43.1848,-71.5186,70.7,CONCORD 3.8 SSE
2025-04-05,US1NHMR0009,US1NHMR0009,Spring,,,0.0,0.0,,43.1848,-71.5186,70.7,CONCORD 3.8 SSE
2025-04-06,US1NHMR0009,US1NHMR0009,Spring,,,8.6,0.0,,43.1848,-71.5186,70.7,CONCORD 3.8 SSE
2025-04-07,US1NHMR0009,US1NHMR0009,Spring,,,3.6,0.0,,43.1848,-71.5186,70.7,CONCORD 3.8 SSE
2025-04-08,US1NHMR0009,US1NHMR0009,Spring,,,1.0,0.0,,43.1848,-71.5186,70.7,CONCORD 3.8 SSE
2025-04-09,US1NHMR0009,US1NHMR0009,Spring,,,1.0,0.0,,43.1848,-71.5186,70.7,CONCORD 3.8 SSE
2025-04-10,US1NHMR0009,US1NHMR0009,Spring,,,0.0,0.0,,43.1848,-71.5186,70.7,CONCORD 3.8 SSE
2025-04-11,US1NHMR0009,US1NHMR0009,Spring,,,1.3,0.0,,43.1848,-71.5186,70.7,CONCORD 3.8 SSE
2025-04-12,US1NHMR0009,US1NHMR0009,Spring,,,4.1,15.0,,43.1848,-71.5186,70.7,CONCORD 3.8 SSE
2025-04-13,US1NHMR0009,US1NHMR0009,Spring,,,11.4,48.0,,43.1848,-71.5186,70.7,CONCORD 3.8 SSE
2025-04-14,US1NHMR0009,US1NHMR0009,Spring,,,0.0,0.0,,43.1848,-71.5186,70.7,CONCORD 3.8 SSE
2025-04-15,US1NHMR0009,US1NHMR0009,Spring,,,7.6,0.0,,43.1848,-71.5186,70.7,CONCORD 3.8 SSE
2025-04-16,US1NHMR0009,US1NHMR0009,Spring,,,0.0,0.0,,43.1848,-71.5186,70.7,CONCORD 3.8 SSE
2025-04-18,US1NHMR0009,US1NHMR0009,Spring,,,0.0,0.0,,43.1848,-71.5186,70.7,CONCORD 3.8 SSE
2025-04-19,US1NHMR0009,US1NHMR0009,Spring,,,0.0,0.0,,43.1848,-71.5186,70.7,CONCORD 3.8 SSE
2025-04-20,US1NHMR0009,US1NHMR0009,Spring,,,0.8,0.0,,43.1848,-71.5186,70.7,CONCORD 3.8 SSE
2025-04-21,US1NHMR0009,US1NHMR0009,Spring,,,0.0,0.0,,43.1848,-71.5186,70.7,CONCORD 3.8 SSE
2025-04-22,US1NHMR0009,US1NHMR0009,Spring,,,3.6,0.0,,43.1848,-71.5186,70.7,CONCORD 3.8 SSE
2025-03-26,US1NHMR0015,US1NHMR0015,Spring,,,0.0,0.0,,43.107,-71.6171,246.9,DUNBARTON 0.3 N
2025-03-27,US1NHMR0015,US1NHMR0015,Spring,,,0.0,0.0,,43.107,-71.6171,246.9,DUNBARTON 0.3 N
2025-03-28,US1NHMR0015,US1NHMR0015,Spring,,,0.0,0.0,,43.107,-71.6171,246.9,DUNBARTON 0.3 N
2025-03-29,US1NHMR0015,US1NHMR0015,Spring,,,5.8,,,43.107,-71.6171,246.9,DUNBARTON 0.3 N
2025-03-30,US1NHMR0015,US1NHMR0015,Spring,,,15.0,,,43.107,-71.6171,246.9,DUNBARTON 0.3 N
2025-03-31,US1NHMR0015,US1NHMR0015,Spring,,,5.1,,0.0,43.107,-71.6171,246.9,DUNBARTON 0.3 N
2025-04-01,US1NHMR0015,US1NHMR0015,Spring,,,5.1,,,43.107,-71.6171,246.9,DUNBARTON 0.3 N
2025-04-02,US1NHMR0015,US1NHMR0015,Spring,,,0.0,0.0,,43.107,-71.6171,246.9,DUNBARTON 0.3 N
2025-04-03,US1NHMR0015,US1NHMR0015,Spring,,,23.6,,,43.107,-71.6171,246.9,DUNBARTON 0.3 N
2025-04-07,US1NHMR0015,US1NHMR0015,Spring,,,2.5,0.0,0.0,43.107,-71.6171,246.9,DUNBARTON 0.3 N
2025-04-10,US1NHMR0015,US1NHMR0015,Spring,,,0.0,0.0,,43.107,-71.6171,246.9,DUNBARTON 0.3 N
2025-04-11,US1NHMR0015,US1NHMR0015,Spring,,,2.0,5.0,,43.107,-71.6171,246.9,DUNBARTON 0.3 N
2025-04-12,US1NHMR0015,US1NHMR0015,Spring,,,10.7,145.0,,43.107,-71.6171,246.9,DUNBARTON 0.3 N
2025-04-13,US1NHMR0015,US1NHMR0015,Spring,,,9.4,,,43.107,-71.6171,246.9,DUNBARTON 0.3 N
2025-04-14,US1NHMR0015,US1NHMR0015,Spring,,,0.0,0.0,,43.107,-71.6171,246.9,DUNBARTON 0.3 N
2025-04-15,US1NHMR0015,US1NHMR0015,Spring,,,5.8,,,43.107,-71.6171,246.9,DUNBARTON 0.3 N
2025-04-16,US1NHMR0015,US1NHMR0015,Spring,,,0.5,,,43.107,-71.6171,246.9,DUNBARTON 0.3 N
2025-04-17,US1NHMR0015,US1NHMR0015,Spring,,,0.0,0.0,,43.107,-71.6171,246.9,DUNBARTON 0.3 N
2025-04-18,US1NHMR0015,US1NHMR0015,Spring,,,0.0,0.0,,43.107,-71.6171,246.9,DUNBARTON 0.3 N
2025-04-19,US1NHMR0015,US1NHMR0015,Spring,,,0.0,0.0,,43.107,-71.6171,246.9,DUNBARTON 0.3 N
2025-04-03,US1NHMR0017,US1NHMR0017,Spring,,,11.2,,,43.2101,-71.5512,113.1,CONCORD 1.6 SSE
2025-04-04,US1NHMR0017,US1NHMR0017,Spring,,,6.4,,,43.2101,-71.5512,113.1,CONCORD 1.6 SSE
2025-04-05,US1NHMR0017,US1NHMR0017,Spring,,,0.0,0.0,,43.2101,-71.5512,113.1,CONCORD 1.6 SSE
2025-04-06,US1NHMR0017,US1NHMR0017,Spring,,,7.4,,,43.2101,-71.5512,113.1,CONCORD 1.6 SSE
2025-04-07,US1NHMR0017,US1NHMR0017,Spring,,,5.1,,,43.2101,-71.5512,113.1,CONCORD 1.6 SSE
2025-04-08,US1NHMR0017,US1NHMR0017,Spring,,,1.0,,,43.2101,-71.5512,113.1,CONCORD 1.6 SSE
2025-04-09,US1NHMR0017,US1NHMR0017,Spring,,,1.5,,,43.2101,-71.5512,113.1,CONCORD 1.6 SSE
2025-04-10,US1NHMR0017,US1NHMR0017,Spring,,,0.0,0.0,,43.2101,-71.5512,113.1,CONCORD 1.6 SSE
2025-04-11,US1NHMR0017,US1NHMR0017,Spring,,,1.3,,,43.2101,-71.5512,113.1,CONCORD 1.6 SSE
2025-04-12,US1NHMR0017,US1NHMR0017,Spring,,,6.9,13.0,,43.2101,-71.5512,113.1,CONCORD 1.6 SSE
2025-04-13,US1NHMR0017,US1NHMR0017,Spring,,,5.8,,,43.2101,-71.5512,113.1,CONCORD 1.6 SSE
2025-04-14,US1NHMR0017,US1NHMR0017,Spring,,,0.0,,,43.2101,-71.5512,113.1,CONCORD 1.6 SSE
2025-04-15,US1NHMR0017,US1NHMR0017,Spring,,,7.1,,,43.2101,-71.5512,113.1,CONCORD 1.6 SSE
2025-04-20,US1NHMR0017,US1NHMR0017,Spring,,,0.8,,,43.2101,-71.5512,113.1,CONCORD 1.6 SSE
2025-04-22,US1NHMR0017,US1NHMR0017,Spring,,,4.1,,,43.2101,-71.5512,113.1,CONCORD 1.6 SSE
2025-03-26,US1NHMR0025,US1NHMR0025,Spring,,,5.1,0.0,0.0,43.2115,-71.4143,210.3,CHICHESTER 2.7 SSW
2025-03-27,US1NHMR0025,US1NHMR0025,Spring,,,0.0,0.0,0.0,43.2115,-71.4143,210.3,CHICHESTER 2.7 SSW
2025-03-28,US1NHMR0025,US1NHMR0025,Spring,,,0.0,0.0,0.0,43.2115,-71.4143,210.3,CHICHESTER 2.7 SSW
2025-03-29,US1NHMR0025,US1NHMR0025,Spring,,,0.0,0.0,0.0,43.2115,-71.4143,210.3,CHICHESTER 2.7 SSW
2025-03-30,US1NHMR0025,US1NHMR0025,Spring,,,6.6,0.0,0.0,43.2115,-71.4143,210.3,CHICHESTER 2.7 SSW
2025-03-31,US1NHMR0025,US1NHMR0025,Spring,,,8.1,0.0,0.0,43.2115,-71.4143,210.3,CHICHESTER 2.7 SSW
2025-04-01,US1NHMR0025,US1NHMR0025,Spring,,,6.9,0.0,0.0,43.2115,-71.4143,210.3,CHICHESTER 2.7 SSW
2025-04-02,US1NHMR0025,US1NHMR0025,Spring,,,8.6,0.0,0.0,43.2115,-71.4143,210.3,CHICHESTER 2.7 SSW
2025-04-03,US1NHMR0025,US1NHMR0025,Spring,,,0.5,0.0,0.0,43.2115,-71.4143,210.3,CHICHESTER 2.7 SSW
2025-04-04,US1NHMR0025,US1NHMR0025,Spring,,,23.1,0.0,0.0,43.2115,-71.4143,210.3,CHICHESTER 2.7 SSW
2025-04-05,US1NHMR0025,US1NHMR0025,Spring,,,0.0,0.0,0.0,43.2115,-71.4143,210.3,CHICHESTER 2.7 SSW
2025-04-06,US1NHMR0025,US1NHMR0025,Spring,,,8.6,0.0,0.0,43.2115,-71.4143,210.3,CHICHESTER 2.7 SSW
2025-04-07,US1NHMR0025,US1NHMR0025,Spring,,,7.1,0.0,0.0,43.2115,-71.4143,210.3,CHICHESTER 2.7 SSW
2025-04-08,US1NHMR0025,US1NHMR0025,Spring,,,1.0,0.0,0.0,43.2115,-71.4143,210.3,CHICHESTER 2.7 SSW
2025-04-09,US1NHMR0025,US1NHMR0025,Spring,,,3.0,0.0,0.0,43.2115,-71.4143,210.3,CHICHESTER 2.7 SSW
2025-04-10,US1NHMR0025,US1NHMR0025,Spring,,,0.0,0.0,0.0,43.2115,-71.4143,210.3,CHICHESTER 2.7 SSW
2025-04-11,US1NHMR0025,US1NHMR0025,Spring,,,0.0,0.0,0.0,43.2115,-71.4143,210.3,CHICHESTER 2.7 SSW
2025-04-12,US1NHMR0025,US1NHMR0025,Spring,,,2.5,0.0,0.0,43.2115,-71.4143,210.3,CHICHESTER 2.7 SSW
2025-04-13,US1NHMR0025,US1NHMR0025,Spring,,,9.9,51.0,51.0,43.2115,-71.4143,210.3,CHICHESTER 2.7 SSW
2025-04-14,US1NHMR0025,US1NHMR0025,Spring,,,5.6,0.0,0.0,43.2115,-71.4143,210.3,CHICHESTER 2.7 SSW
2025-04-15,US1NHMR0025,US1NHMR0025,Spring,,,0.0,0.0,0.0,43.2115,-71.4143,210.3,CHICHESTER 2.7 SSW
2025-04-16,US1NHMR0025,US1NHMR0025,Spring,,,13.5,0.0,0.0,43.2115,-71.4143,210.3,CHICHESTER 2.7 SSW
2025-04-17,US1NHMR0025,US1NHMR0025,Spring,,,0.0,0.0,0.0,43.2115,-71.4143,210.3,CHICHESTER 2.7 SSW
2025-04-18,US1NHMR0025,US1NHMR0025,Spring,,,0.0,0.0,0.0,43.2115,-71.4143,210.3,CHICHESTER 2.7 SSW
2025-04-19,US1NHMR0025,US1NHMR0025,Spring,,,0.0,0.0,0.0,43.2115,-71.4143,210.3,CHICHESTER 2.7 SSW
2025-04-20,US1NHMR0025,US1NHMR0025,Spring,,,5.1,0.0,0.0,43.2115,-71.4143,210.3,CHICHESTER 2.7 SSW
2025-04-21,US1NHMR0025,US1NHMR0025,Spring,,,0.0,0.0,0.0,43.2115,-71.4143,210.3,CHICHESTER 2.7 SSW
2025-04-22,US1NHMR0025,US1NHMR0025,Spring,,,0.0,0.0,0.0,43.2115,-71.4143,210.3,CHICHESTER 2.7 SSW
2025-03-26,US1NHMR0043,US1NHMR0043,Spring,,,0.0,0.0,,43.2845,-71.6067,119.8,BOSCAWEN 2.2 SSE
2025-03-27,US1NHMR0043,US1NHMR0043,Spring,,,0.0,0.0,,43.2845,-71.6067,119.8,BOSCAWEN 2.2 SSE
2025-03-28,US1NHMR0043,US1NHMR0043,Spring,,,0.0,0.0,,43.2845,-71.6067,119.8,BOSCAWEN 2.2 SSE
2025-03-29,US1NHMR0043,US1NHMR0043,Spring,,,4.3,,,43.2845,-71.6067,119.8,BOSCAWEN 2.2 SSE
2025-03-30,US1NHMR0043,US1NHMR0043,Spring,,,13.5,,,43.2845,-71.6067,119.8,BOSCAWEN 2.2 SSE
2025-03-31,US1NHMR0043,US1NHMR0043,Spring,,,3.6,,,43.2845,-71.6067,119.8,BOSCAWEN 2.2 SSE
2025-04-01,US1NHMR0043,US1NHMR0043,Spring,,,4.1,,,43.2845,-71.6067,119.8,BOSCAWEN 2.2 SSE
2025-04-02,US1NHMR0043,US1NHMR0043,Spring,,,0.0,,,43.2845,-71.6067,119.8,BOSCAWEN 2.2 SSE
2025-04-03,US1NHMR0043,US1NHMR0043,Spring,,,14.5,,,43.2845,-71.6067,119.8,BOSCAWEN 2.2 SSE
2025-04-04,US1NHMR0043,US1NHMR0043,Spring,,,5.6,,,43.2845,-71.6067,119.8,BOSCAWEN 2.2 SSE
2025-04-05,US1NHMR0043,US1NHMR0043,Spring,,,0.0,0.0,,43.2845,-71.6067,119.8,BOSCAWEN 2.2 SSE
2025-04-06,US1NHMR0043,US1NHMR0043,Spring,,,8.6,,,43.2845,-71.6067,119.8,BOSCAWEN 2.2 SSE
2025-04-07,US1NHMR0043,US1NHMR0043,Spring,,,4.6,,,43.2845,-71.6067,119.8,BOSCAWEN 2.2 SSE
2025-04-08,US1NHMR0043,US1NHMR0043,Spring,,,1.5,,,43.2845,-71.6067,119.8,BOSCAWEN 2.2 SSE
2025-04-09,US1NHMR0043,US1NHMR0043,Spring,,,2.5,,,43.2845,-71.6067,119.8,BOSCAWEN 2.2 SSE
2025-04-10,US1NHMR0043,US1NHMR0043,Spring,,,0.0,0.0,,43.2845,-71.6067,119.8,BOSCAWEN 2.2 SSE
2025-04-11,US1NHMR0043,US1NHMR0043,Spring,,,1.8,,,43.2845,-71.6067,119.8,BOSCAWEN 2.2 SSE
2025-04-12,US1NHMR0043,US1NHMR0043,Spring,,,6.1,25.0,25.0,43.2845,-71.6067,119.8,BOSCAWEN 2.2 SSE
2025-04-13,US1NHMR0043,US1NHMR0043,Spring,,,9.4,,0.0,43.2845,-71.6067,119.8,BOSCAWEN 2.2 SSE
2025-04-14,US1NHMR0043,US1NHMR0043,Spring,,,0.0,,,43.2845,-71.6067,119.8,BOSCAWEN 2.2 SSE
2025-04-15,US1NHMR0043,US1NHMR0043,Spring,,,7.4,,,43.2845,-71.6067,119.8,BOSCAWEN 2.2 SSE
2025-04-16,US1NHMR0043,US1NHMR0043,Spring,,,0.0,,,43.2845,-71.6067,119.8,BOSCAWEN 2.2 SSE
2025-04-17,US1NHMR0043,US1NHMR0043,Spring,,,0.0,0.0,,43.2845,-71.6067,119.8,BOSCAWEN 2.2 SSE
2025-04-18,US1NHMR0043,US1NHMR0043,Spring,,,0.0,0.0,,43.2845,-71.6067,119.8,BOSCAWEN 2.2 SSE
2025-04-19,US1NHMR0043,US1NHMR0043,Spring,,,0.0,,,43.2845,-71.6067,119.8,BOSCAWEN 2.2 SSE
2025-04-20,US1NHMR0043,US1NHMR0043,Spring,,,4.1,,,43.2845,-71.6067,119.8,BOSCAWEN 2.2 SSE
2025-04-21,US1NHMR0043,US1NHMR0043,Spring,,,0.0,0.0,,43.2845,-71.6067,119.8,BOSCAWEN 2.2 SSE
2025-04-22,US1NHMR0043,US1NHMR0043,Spring,,,4.1,,,43.2845,-71.6067,119.8,BOSCAWEN 2.2 SSE
2025-03-26,US1NHMR0045,US1NHMR0045,Spring,,,0.0,0.0,51.0,43.4394,-71.5373,195.1,NORTHFIELD 2.8 E
2025-03-27,US1NHMR0045,US1NHMR0045,Spring,,,0.0,0.0,38.0,43.4394,-71.5373,195.1,NORTHFIELD 2.8 E
2025-03-28,US1NHMR0045,US1NHMR0045,Spring,,,0.0,0.0,0.0,43.4394,-71.5373,195.1,NORTHFIELD 2.8 E
2025-03-29,US1NHMR0045,US1NHMR0045,Spring,,,3.6,0.0,0.0,43.4394,-71.5373,195.1,NORTHFIELD 2.8 E
2025-03-30,US1NHMR0045,US1NHMR0045,Spring,,,11.2,0.0,0.0,43.4394,-71.5373,195.1,NORTHFIELD 2.8 E
2025-03-31,US1NHMR0045,US1NHMR0045,Spring,,,8.4,0.0,0.0,43.4394,-71.5373,195.1,NORTHFIELD 2.8 E
2025-04-01,US1NHMR0045,US1NHMR0045,Spring,,,2.5,0.0,0.0,43.4394,-71.5373,195.1,NORTHFIELD 2.8 E
2025-04-02,US1NHMR0045,US1NHMR0045,Spring,,,0.0,0.0,0.0,43.4394,-71.5373,195.1,NORTHFIELD 2.8 E
2025-04-03,US1NHMR0045,US1NHMR0045,Spring,,,9.9,5.0,5.0,43.4394,-71.5373,195.1,NORTHFIELD 2.8 E
2025-04-04,US1NHMR0045,US1NHMR0045,Spring,,,3.8,0.0,0.0,43.4394,-71.5373,195.1,NORTHFIELD 2.8 E
2025-04-05,US1NHMR0045,US1NHMR0045,Spring,,,0.0,0.0,0.0,43.4394,-71.5373,195.1,NORTHFIELD 2.8 E
2025-04-06,US1NHMR0045,US1NHMR0045,Spring,,,9.7,0.0,0.0,43.4394,-71.5373,195.1,NORTHFIELD 2.8 E
2025-04-07,US1NHMR0045,US1NHMR0045,Spring,,,3.0,0.0,0.0,43.4394,-71.5373,195.1,NORTHFIELD 2.8 E
2025-04-08,US1NHMR0045,US1NHMR0045,Spring,,,0.8,8.0,8.0,43.4394,-71.5373,195.1,NORTHFIELD 2.8 E
2025-04-09,US1NHMR0045,US1NHMR0045,Spring,,,1.8,18.0,0.0,43.4394,-71.5373,195.1,NORTHFIELD 2.8 E
2025-04-10,US1NHMR0045,US1NHMR0045,Spring,,,0.0,0.0,0.0,43.4394,-71.5373,195.1,NORTHFIELD 2.8 E
2025-04-11,US1NHMR0045,US1NHMR0045,Spring,,,0.8,0.0,0.0,43.4394,-71.5373,195.1,NORTHFIELD 2.8 E
2025-04-12,US1NHMR0045,US1NHMR0045,Spring,,,1.3,13.0,13.0,43.4394,-71.5373,195.1,NORTHFIELD 2.8 E
2025-04-13,US1NHMR0045,US1NHMR0045,Spring,,,8.6,76.0,13.0,43.4394,-71.5373,195.1,NORTHFIELD 2.8 E
2025-04-15,US1NHMR0045,US1NHMR0045,Spring,,,5.8,0.0,0.0,43.4394,-71.5373,195.1,NORTHFIELD 2.8 E
2025-04-16,US1NHMR0045,US1NHMR0045,Spring,,,0.3,0.0,0.0,43.4394,-71.5373,195.1,NORTHFIELD 2.8 E
2025-04-17,US1NHMR0045,US1NHMR0045,Spring,,,0.0,0.0,0.0,43.4394,-71.5373,195.1,NORTHFIELD 2.8 E
2025-04-18,US1NHMR0045,US1NHMR0045,Spring,,,0.0,0.0,0.0,43.4394,-71.5373,195.1,NORTHFIELD 2.8 E
2025-04-19,US1NHMR0045,US1NHMR0045,Spring,,,0.3,0.0,0.0,43.4394,-71.5373,195.1,NORTHFIELD 2.8 E
2025-04-20,US1NHMR0045,US1NHMR0045,Spring,,,0.8,0.0,0.0,43.4394,-71.5373,195.1,NORTHFIELD 2.8 E
2025-04-21,US1NHMR0045,US1NHMR0045,Spring,,,0.0,0.0,0.0,43.4394,-71.5373,195.1,NORTHFIELD 2.8 E
2025-04-22,US1NHMR0045,US1NHMR0045,Spring,,,3.0,0.0,0.0,43.4394,-71.5373,195.1,NORTHFIELD 2.8 E
2025-03-26,US1NHMR0047,US1NHMR0047,Spring,,,0.0,0.0,,43.0853,-71.5442,167.9,DUNBARTON 3.8 SE
2025-03-27,US1NHMR0047,US1NHMR0047,Spring,,,0.0,0.0,,43.0853,-71.5442,167.9,DUNBARTON 3.8 SE
2025-03-28,US1NHMR0047,US1NHMR0047,Spring,,,0.0,0.0,,43.0853,-71.5442,167.9,DUNBARTON 3.8 SE
2025-03-29,US1NHMR0047,US1NHMR0047,Spring,,,5.8,,,43.0853,-71.5442,167.9,DUNBARTON 3.8 SE
2025-03-30,US1NHMR0047,US1NHMR0047,Spring,,,16.3,0.0,,43.0853,-71.5442,167.9,DUNBARTON 3.8 SE
2025-03-31,US1NHMR0047,US1NHMR0047,Spring,,,2.5,,,43.0853,-71.5442,167.9,DUNBARTON 3.8 SE
2025-04-01,US1NHMR0047,US1NHMR0047,Spring,,,9.4,0.0,,43.0853,-71.5442,167.9,DUNBARTON 3.8 SE
2025-04-02,US1NHMR0047,US1NHMR0047,Spring,,,0.0,0.0,,43.0853,-71.5442,167.9,DUNBARTON 3.8 SE
2025-04-03,US1NHMR0047,US1NHMR0047,Spring,,,19.3,8.0,,43.0853,-71.5442,167.9,DUNBARTON 3.8 SE
2025-04-04,US1NHMR0047,US1NHMR0047,Spring,,,3.3,,,43.0853,-71.5442,167.9,DUNBARTON 3.8 SE
2025-04-05,US1NHMR0047,US1NHMR0047,Spring,,,0.0,0.0,,43.0853,-71.5442,167.9,DUNBARTON 3.8 SE
2025-04-06,US1NHMR0047,US1NHMR0047,Spring,,,10.9,,,43.0853,-71.5442,167.9,DUNBARTON 3.8 SE
2025-04-07,US1NHMR0047,US1NHMR0047,Spring,,,3.8,0.0,,43.0853,-71.5442,167.9,DUNBARTON 3.8 SE
2025-04-08,US1NHMR0047,US1NHMR0047,Spring,,,1.8,0.0,,43.0853,-71.5442,167.9,DUNBARTON 3.8 SE
2025-04-09,US1NHMR0047,US1NHMR0047,Spring,,,1.5,0.0,,43.0853,-71.5442,167.9,DUNBARTON 3.8 SE
2025-04-10,US1NHMR0047,US1NHMR0047,Spring,,,0.0,0.0,,43.0853,-71.5442,167.9,DUNBARTON 3.8 SE
2025-04-11,US1NHMR0047,US1NHMR0047,Spring,,,2.0,0.0,,43.0853,-71.5442,167.9,DUNBARTON 3.8 SE
2025-04-12,US1NHMR0047,US1NHMR0047,Spring,,,12.7,94.0,94.0,43.0853,-71.5442,167.9,DUNBARTON 3.8 SE
2025-04-13,US1NHMR0047,US1NHMR0047,Spring,,,2.5,0.0,13.0,43.0853,-71.5442,167.9,DUNBARTON 3.8 SE
2025-04-14,US1NHMR0047,US1NHMR0047,Spring,,,0.0,0.0,0.0,43.0853,-71.5442,167.9,DUNBARTON 3.8 SE
2025-04-15,US1NHMR0047,US1NHMR0047,Spring,,,5.8,,,43.0853,-71.5442,167.9,DUNBARTON 3.8 SE
2025-04-16,US1NHMR0047,US1NHMR0047,Spring,,,3.0,,,43.0853,-71.5442,167.9,DUNBARTON 3.8 SE
2025-04-17,US1NHMR0047,US1NHMR0047,Spring,,,0.0,,,43.0853,-71.5442,167.9,DUNBARTON 3.8 SE
2025-04-18,US1NHMR0047,US1NHMR0047,Spring,,,0.0,0.0,,43.0853,-71.5442,167.9,DUNBARTON 3.8 SE
2025-04-19,US1NHMR0047,US1NHMR0047,Spring,,,0.0,0.0,,43.0853,-71.5442,167.9,DUNBARTON 3.8 SE
2025-04-20,US1NHMR0047,US1NHMR0047,Spring,,,1.3,,,43.0853,-71.5442,167.9,DUNBARTON 3.8 SE
2025-04-22,US1NHMR0047,US1NHMR0047,Spring,,,4.6,,,43.0853,-71.5442,167.9,DUNBARTON 3.8 SE
2025-03-26,US1NHMR0051,US1NHMR0051,Spring,,,0.0,0.0,,43.2553,-71.7346,127.1,CONTOOCOOK 2.4 NNW
2025-03-27,US1NHMR0051,US1NHMR0051,Spring,,,0.0,0.0,,43.2553,-71.7346,127.1,CONTOOCOOK 2.4 NNW
2025-03-28,US1NHMR0051,US1NHMR0051,Spring,,,0.0,0.0,,43.2553,-71.7346,127.1,CONTOOCOOK 2.4 NNW
2025-03-29,US1NHMR0051,US1NHMR0051,Spring,,,6.1,0.0,,43.2553,-71.7346,127.1,CONTOOCOOK 2.4 NNW
2025-03-30,US1NHMR0051,US1NHMR0051,Spring,,,16.3,0.0,,43.2553,-71.7346,127.1,CONTOOCOOK 2.4 NNW
2025-03-31,US1NHMR0051,US1NHMR0051,Spring,,,3.3,,,43.2553,-71.7346,127.1,CONTOOCOOK 2.4 NNW
2025-04-01,US1NHMR0051,US1NHMR0051,Spring,,,3.6,,,43.2553,-71.7346,127.1,CONTOOCOOK 2.4 NNW
2025-04-02,US1NHMR0051,US1NHMR0051,Spring,,,0.0,0.0,,43.2553,-71.7346,127.1,CONTOOCOOK 2.4 NNW
2025-04-03,US1NHMR0051,US1NHMR0051,Spring,,,13.2,0.0,,43.2553,-71.7346,127.1,CONTOOCOOK 2.4 NNW
2025-04-04,US1NHMR0051,US1NHMR0051,Spring,,,5.3,,,43.2553,-71.7346,127.1,CONTOOCOOK 2.4 NNW
2025-04-05,US1NHMR0051,US1NHMR0051,Spring,,,0.0,0.0,,43.2553,-71.7346,127.1,CONTOOCOOK 2.4 NNW
2025-04-06,US1NHMR0051,US1NHMR0051,Spring,,,13.0,,,43.2553,-71.7346,127.1,CONTOOCOOK 2.4 NNW
2025-04-07,US1NHMR0051,US1NHMR0051,Spring,,,1.0,0.0,,43.2553,-71.7346,127.1,CONTOOCOOK 2.4 NNW
2025-04-08,US1NHMR0051,US1NHMR0051,Spring,,,1.3,0.0,,43.2553,-71.7346,127.1,CONTOOCOOK 2.4 NNW
2025-04-09,US1NHMR0051,US1NHMR0051,Spring,,,0.8,0.0,,43.2553,-71.7346,127.1,CONTOOCOOK 2.4 NNW
2025-04-10,US1NHMR0051,US1NHMR0051,Spring,,,0.0,0.0,,43.2553,-71.7346,127.1,CONTOOCOOK 2.4 NNW
2025-04-11,US1NHMR0051,US1NHMR0051,Spring,,,2.3,,,43.2553,-71.7346,127.1,CONTOOCOOK 2.4 NNW
2025-04-12,US1NHMR0051,US1NHMR0051,Spring,,,11.9,102.0,,43.2553,-71.7346,127.1,CONTOOCOOK 2.4 NNW
2025-04-13,US1NHMR0051,US1NHMR0051,Spring,,,3.3,,,43.2553,-71.7346,127.1,CONTOOCOOK 2.4 NNW
2025-04-14,US1NHMR0051,US1NHMR0051,Spring,,,0.0,,,43.2553,-71.7346,127.1,CONTOOCOOK 2.4 NNW
2025-04-15,US1NHMR0051,US1NHMR0051,Spring,,,7.1,,,43.2553,-71.7346,127.1,CONTOOCOOK 2.4 NNW
2025-04-16,US1NHMR0051,US1NHMR0051,Spring,,,0.0,,,43.2553,-71.7346,127.1,CONTOOCOOK 2.4 NNW
2025-04-17,US1NHMR0051,US1NHMR0051,Spring,,,0.0,,,43.2553,-71.7346,127.1,CONTOOCOOK 2.4 NNW
2025-04-18,US1NHMR0051,US1NHMR0051,Spring,,,0.0,0.0,,43.2553,-71.7346,127.1,CONTOOCOOK 2.4 NNW
2025-04-19,US1NHMR0051,US1NHMR0051,Spring,,,0.0,,,43.2553,-71.7346,127.1,CONTOOCOOK 2.4 NNW
2025-04-20,US1NHMR0051,US1NHMR0051,Spring,,,2.3,,,43.2553,-71.7346,127.1,CONTOOCOOK 2.4 NNW
2025-04-21,US1NHMR0051,US1NHMR0051,Spring,,,0.0,0.0,,43.2553,-71.7346,127.1,CONTOOCOOK 2.4 NNW
2025-04-22,US1NHMR0051,US1NHMR0051,Spring,,,4.3,,,43.2553,-71.7346,127.1,CONTOOCOOK 2.4 NNW
2025-03-26,US1NHMR0055,US1NHMR0055,Spring,,,0.0,0.0,0.0,43.3028,-71.5789,115.8,CANTERBURY 2.5 SSW
2025-03-27,US1NHMR0055,US1NHMR0055,Spring,,,0.0,0.0,0.0,43.3028,-71.5789,115.8,CANTERBURY 2.5 SSW
2025-03-28,US1NHMR0055,US1NHMR0055,Spring,,,0.0,0.0,0.0,43.3028,-71.5789,115.8,CANTERBURY 2.5 SSW
2025-03-29,US1NHMR0055,US1NHMR0055,Spring,,,3.8,0.0,0.0,43.3028,-71.5789,115.8,CANTERBURY 2.5 SSW
2025-03-30,US1NHMR0055,US1NHMR0055,Spring,,,11.7,0.0,0.0,43.3028,-71.5789,115.8,CANTERBURY 2.5 SSW
2025-03-31,US1NHMR0055,US1NHMR0055,Spring,,,6.6,0.0,0.0,43.3028,-71.5789,115.8,CANTERBURY 2.5 SSW
2025-04-01,US1NHMR0055,US1NHMR0055,Spring,,,5.1,0.0,0.0,43.3028,-71.5789,115.8,CANTERBURY 2.5 SSW
2025-04-02,US1NHMR0055,US1NHMR0055,Spring,,,0.0,0.0,0.0,43.3028,-71.5789,115.8,CANTERBURY 2.5 SSW
2025-04-03,US1NHMR0055,US1NHMR0055,Spring,,,15.5,0.0,0.0,43.3028,-71.5789,115.8,CANTERBURY 2.5 SSW
2025-04-04,US1NHMR0055,US1NHMR0055,Spring,,,4.8,0.0,0.0,43.3028,-71.5789,115.8,CANTERBURY 2.5 SSW
2025-04-05,US1NHMR0055,US1NHMR0055,Spring,,,0.0,0.0,0.0,43.3028,-71.5789,115.8,CANTERBURY 2.5 SSW
2025-04-06,US1NHMR0055,US1NHMR0055,Spring,,,9.9,0.0,0.0,43.3028,-71.5789,115.8,CANTERBURY 2.5 SSW
2025-04-07,US1NHMR0055,US1NHMR0055,Spring,,,3.8,0.0,0.0,43.3028,-71.5789,115.8,CANTERBURY 2.5 SSW
2025-04-08,US1NHMR0055,US1NHMR0055,Spring,,,1.8,0.0,0.0,43.3028,-71.5789,115.8,CANTERBURY 2.5 SSW
2025-04-09,US1NHMR0055,US1NHMR0055,Spring,,,2.8,0.0,0.0,43.3028,-71.5789,115.8,CANTERBURY 2.5 SSW
2025-04-10,US1NHMR0055,US1NHMR0055,Spring,,,0.0,0.0,0.0,43.3028,-71.5789,115.8,CANTERBURY 2.5 SSW
2025-04-11,US1NHMR0055,US1NHMR0055,Spring,,,1.0,0.0,0.0,43.3028,-71.5789,115.8,CANTERBURY 2.5 SSW
2025-04-12,US1NHMR0055,US1NHMR0055,Spring,,,4.8,25.0,25.0,43.3028,-71.5789,115.8,CANTERBURY 2.5 SSW
2025-04-13,US1NHMR0055,US1NHMR0055,Spring,,,8.6,0.0,0.0,43.3028,-71.5789,115.8,CANTERBURY 2.5 SSW
2025-04-14,US1NHMR0055,US1NHMR0055,Spring,,,0.0,0.0,0.0,43.3028,-71.5789,115.8,CANTERBURY 2.5 SSW
2025-04-15,US1NHMR0055,US1NHMR0055,Spring,,,6.6,0.0,0.0,43.3028,-71.5789,115.8,CANTERBURY 2.5 SSW
2025-04-16,US1NHMR0055,US1NHMR0055,Spring,,,0.0,0.0,0.0,43.3028,-71.5789,115.8,CANTERBURY 2.5 SSW
2025-04-17,US1NHMR0055,US1NHMR0055,Spring,,,0.0,0.0,0.0,43.3028,-71.5789,115.8,CANTERBURY 2.5 SSW
2025-04-18,US1NHMR0055,US1NHMR0055,Spring,,,0.0,0.0,0.0,43.3028,-71.5789,115.8,CANTERBURY 2.5 SSW
2025-04-19,US1NHMR0055,US1NHMR0055,Spring,,,0.0,0.0,0.0,43.3028,-71.5789,115.8,CANTERBURY 2.5 SSW
2025-04-20,US1NHMR0055,US1NHMR0055,Spring,,,4.8,0.0,0.0,43.3028,-71.5789,115.8,CANTERBURY 2.5 SSW
2025-04-21,US1NHMR0055,US1NHMR0055,Spring,,,0.0,0.0,0.0,43.3028,-71.5789,115.8,CANTERBURY 2.5 SSW
2025-04-22,US1NHMR0055,US1NHMR0055,Spring,,,4.8,0.0,,43.3028,-71.5789,115.8,CANTERBURY 2.5 SSW
2025-03-26,US1NHMR0060,US1NHMR0060,Spring,,,0.0,0.0,127.0,43.2953,-71.9024,167.9,SOUTH SUTTON 1.3 SE
2025-03-27,US1NHMR0060,US1NHMR0060,Spring,,,0.0,0.0,127.0,43.2953,-71.9024,167.9,SOUTH SUTTON 1.3 SE
2025-03-28,US1NHMR0060,US1NHMR0060,Spring,,,0.0,0.0,102.0,43.2953,-71.9024,167.9,SOUTH SUTTON 1.3 SE
2025-03-29,US1NHMR0060,US1NHMR0060,Spring,,,6.9,8.0,76.0,43.2953,-71.9024,167.9,SOUTH SUTTON 1.3 SE
2025-03-30,US1NHMR0060,US1NHMR0060,Spring,,,17.0,0.0,76.0,43.2953,-71.9024,167.9,SOUTH SUTTON 1.3 SE
2025-03-31,US1NHMR0060,US1NHMR0060,Spring,,,4.1,,76.0,43.2953,-71.9024,167.9,SOUTH SUTTON 1.3 SE
2025-04-01,US1NHMR0060,US1NHMR0060,Spring,,,1.5,,76.0,43.2953,-71.9024,167.9,SOUTH SUTTON 1.3 SE
2025-04-02,US1NHMR0060,US1NHMR0060,Spring,,,0.0,0.0,76.0,43.2953,-71.9024,167.9,SOUTH SUTTON 1.3 SE
2025-04-03,US1NHMR0060,US1NHMR0060,Spring,,,10.4,8.0,76.0,43.2953,-71.9024,167.9,SOUTH SUTTON 1.3 SE
2025-04-04,US1NHMR0060,US1NHMR0060,Spring,,,7.6,,76.0,43.2953,-71.9024,167.9,SOUTH SUTTON 1.3 SE
2025-04-05,US1NHMR0060,US1NHMR0060,Spring,,,0.0,0.0,38.0,43.2953,-71.9024,167.9,SOUTH SUTTON 1.3 SE
2025-04-06,US1NHMR0060,US1NHMR0060,Spring,,,10.7,,25.0,43.2953,-71.9024,167.9,SOUTH SUTTON 1.3 SE
2025-04-07,US1NHMR0060,US1NHMR0060,Spring,,,0.5,0.0,25.0,43.2953,-71.9024,167.9,SOUTH SUTTON 1.3 SE
2025-04-08,US1NHMR0060,US1NHMR0060,Spring,,,1.3,8.0,25.0,43.2953,-71.9024,167.9,SOUTH SUTTON 1.3 SE
2025-04-09,US1NHMR0060,US1NHMR0060,Spring,,,1.3,5.0,25.0,43.2953,-71.9024,167.9,SOUTH SUTTON 1.3 SE
2025-04-10,US1NHMR0060,US1NHMR0060,Spring,,,0.0,0.0,13.0,43.2953,-71.9024,167.9,SOUTH SUTTON 1.3 SE
2025-04-11,US1NHMR0060,US1NHMR0060,Spring,,,2.3,0.0,13.0,43.2953,-71.9024,167.9,SOUTH SUTTON 1.3 SE
2025-04-12,US1NHMR0060,US1NHMR0060,Spring,,,5.6,58.0,64.0,43.2953,-71.9024,167.9,SOUTH SUTTON 1.3 SE
2025-04-13,US1NHMR0060,US1NHMR0060,Spring,,,6.1,43.0,25.0,43.2953,-71.9024,167.9,SOUTH SUTTON 1.3 SE
2025-04-14,US1NHMR0060,US1NHMR0060,Spring,,,0.0,0.0,0.0,43.2953,-71.9024,167.9,SOUTH SUTTON 1.3 SE
2025-04-15,US1NHMR0060,US1NHMR0060,Spring,,,6.4,,0.0,43.2953,-71.9024,167.9,SOUTH SUTTON 1.3 SE
2025-04-16,US1NHMR0060,US1NHMR0060,Spring,,,0.5,,0.0,43.2953,-71.9024,167.9,SOUTH SUTTON 1.3 SE
2025-04-17,US1NHMR0060,US1NHMR0060,Spring,,,0.0,0.0,0.0,43.2953,-71.9024,167.9,SOUTH SUTTON 1.3 SE
2025-04-18,US1NHMR0060,US1NHMR0060,Spring,,,0.0,0.0,0.0,43.2953,-71.9024,167.9,SOUTH SUTTON 1.3 SE
2025-04-19,US1NHMR0060,US1NHMR0060,Spring,,,0.0,0.0,,43.2953,-71.9024,167.9,SOUTH SUTTON 1.3 SE
2025-04-20,US1NHMR0060,US1NHMR0060,Spring,,,2.3,,,43.2953,-71.9024,167.9,SOUTH SUTTON 1.3 SE
2025-04-21,US1NHMR0060,US1NHMR0060,Spring,,,0.0,0.0,,43.2953,-71.9024,167.9,SOUTH SUTTON 1.3 SE
2025-04-22,US1NHMR0062,US1NHMR0062,Spring,,,5.8,,,43.4171,-71.9483,250.9,NEW LONDON 1.6 ESE
2025-03-26,US1NHMR0063,US1NHMR0063,Spring,,,0.0,0.0,38.0,43.3352,-71.9513,227.1,SUTTON MILLS 0.1 ENE
2025-03-27,US1NHMR0063,US1NHMR0063,Spring,,,0.0,3.0,0.0,43.3352,-71.9513,227.1,SUTTON MILLS 0.1 ENE
2025-03-28,US1NHMR0063,US1NHMR0063,Spring,,,0.0,0.0,0.0,43.3352,-71.9513,227.1,SUTTON MILLS 0.1 ENE
2025-03-29,US1NHMR0063,US1NHMR0063,Spring,,,6.6,0.0,0.0,43.3352,-71.9513,227.1,SUTTON MILLS 0.1 ENE
2025-03-30,US1NHMR0063,US1NHMR0063,Spring,,,13.7,0.0,0.0,43.3352,-71.9513,227.1,SUTTON MILLS 0.1 ENE
2025-03-31,US1NHMR0063,US1NHMR0063,Spring,,,7.9,0.0,0.0,43.3352,-71.9513,227.1,SUTTON MILLS 0.1 ENE
2025-04-01,US1NHMR0063,US1NHMR0063,Spring,,,1.5,0.0,,43.3352,-71.9513,227.1,SUTTON MILLS 0.1 ENE
2025-04-02,US1NHMR0063,US1NHMR0063,Spring,,,0.0,0.0,,43.3352,-71.9513,227.1,SUTTON MILLS 0.1 ENE
2025-04-03,US1NHMR0063,US1NHMR0063,Spring,,,16.3,5.0,,43.3352,-71.9513,227.1,SUTTON MILLS 0.1 ENE
2025-04-04,US1NHMR0063,US1NHMR0063,Spring,,,3.6,0.0,,43.3352,-71.9513,227.1,SUTTON MILLS 0.1 ENE
2025-04-05,US1NHMR0063,US1NHMR0063,Spring,,,0.0,0.0,,43.3352,-71.9513,227.1,SUTTON MILLS 0.1 ENE
2025-04-07,US1NHMR0063,US1NHMR0063,Spring,,,,,0.0,43.3352,-71.9513,227.1,SUTTON MILLS 0.1 ENE
2025-04-08,US1NHMR0063,US1NHMR0063,Spring,,,1.5,5.0,,43.3352,-71.9513,227.1,SUTTON MILLS 0.1 ENE
2025-04-09,US1NHMR0063,US1NHMR0063,Spring,,,2.3,13.0,,43.3352,-71.9513,227.1,SUTTON MILLS 0.1 ENE
2025-04-10,US1NHMR0063,US1NHMR0063,Spring,,,0.0,0.0,,43.3352,-71.9513,227.1,SUTTON MILLS 0.1 ENE
2025-04-11,US1NHMR0063,US1NHMR0063,Spring,,,2.5,0.0,,43.3352,-71.9513,227.1,SUTTON MILLS 0.1 ENE
2025-04-12,US1NHMR0063,US1NHMR0063,Spring,,,3.6,13.0,,43.3352,-71.9513,227.1,SUTTON MILLS 0.1 ENE
2025-04-13,US1NHMR0063,US1NHMR0063,Spring,,,10.2,61.0,,43.3352,-71.9513,227.1,SUTTON MILLS 0.1 ENE
2025-04-14,US1NHMR0063,US1NHMR0063,Spring,,,0.0,0.0,,43.3352,-71.9513,227.1,SUTTON MILLS 0.1 ENE
2025-04-15,US1NHMR0063,US1NHMR0063,Spring,,,3.3,0.0,,43.3352,-71.9513,227.1,SUTTON MILLS 0.1 ENE
2025-04-16,US1NHMR0063,US1NHMR0063,Spring,,,0.0,0.0,,43.3352,-71.9513,227.1,SUTTON MILLS 0.1 ENE
2025-04-17,US1NHMR0063,US1NHMR0063,Spring,,,0.0,0.0,,43.3352,-71.9513,227.1,SUTTON MILLS 0.1 ENE
2025-04-18,US1NHMR0063,US1NHMR0063,Spring,,,0.0,0.0,,43.3352,-71.9513,227.1,SUTTON MILLS 0.1 ENE
2025-04-19,US1NHMR0063,US1NHMR0063,Spring,,,0.0,0.0,,43.3352,-71.9513,227.1,SUTTON MILLS 0.1 ENE
2025-04-20,US1NHMR0063,US1NHMR0063,Spring,,,2.3,0.0,,43.3352,-71.9513,227.1,SUTTON MILLS 0.1 ENE
2025-04-21,US1NHMR0063,US1NHMR0063,Spring,,,0.0,0.0,,43.3352,-71.9513,227.1,SUTTON MILLS 0.1 ENE
2025-04-22,US1NHMR0063,US1NHMR0063,Spring,,,4.1,0.0,,43.3352,-71.9513,227.1,SUTTON MILLS 0.1 ENE
2025-03-26,US1NHMR0065,US1NHMR0065,Spring,,,0.0,0.0,,43.1816,-71.3656,178.3,EPSOM 3.2 SSW
2025-03-27,US1NHMR0065,US1NHMR0065,Spring,,,0.0,0.0,,43.1816,-71.3656,178.3,EPSOM 3.2 SSW
2025-03-28,US1NHMR0065,US1NHMR0065,Spring,,,0.0,0.0,,43.1816,-71.3656,178.3,EPSOM 3.2 SSW
2025-03-29,US1NHMR0065,US1NHMR0065,Spring,,,4.1,,,43.1816,-71.3656,178.3,EPSOM 3.2 SSW
2025-03-30,US1NHMR0065,US1NHMR0065,Spring,,,9.7,,,43.1816,-71.3656,178.3,EPSOM 3.2 SSW
2025-03-31,US1NHMR0065,US1NHMR0065,Spring,,,4.8,,,43.1816,-71.3656,178.3,EPSOM 3.2 SSW
2025-04-01,US1NHMR0065,US1NHMR0065,Spring,,,7.4,,,43.1816,-71.3656,178.3,EPSOM 3.2 SSW
2025-04-02,US1NHMR0065,US1NHMR0065,Spring,,,0.0,0.0,,43.1816,-71.3656,178.3,EPSOM 3.2 SSW
2025-04-03,US1NHMR0065,US1NHMR0065,Spring,,,14.2,,,43.1816,-71.3656,178.3,EPSOM 3.2 SSW
2025-04-04,US1NHMR0065,US1NHMR0065,Spring,,,8.1,,,43.1816,-71.3656,178.3,EPSOM 3.2 SSW
2025-04-05,US1NHMR0065,US1NHMR0065,Spring,,,0.0,0.0,,43.1816,-71.3656,178.3,EPSOM 3.2 SSW
2025-04-06,US1NHMR0065,US1NHMR0065,Spring,,,8.4,,,43.1816,-71.3656,178.3,EPSOM 3.2 SSW
2025-04-07,US1NHMR0065,US1NHMR0065,Spring,,,4.3,,,43.1816,-71.3656,178.3,EPSOM 3.2 SSW
2025-04-08,US1NHMR0065,US1NHMR0065,Spring,,,0.8,,,43.1816,-71.3656,178.3,EPSOM 3.2 SSW
2025-04-09,US1NHMR0065,US1NHMR0065,Spring,,,1.3,,,43.1816,-71.3656,178.3,EPSOM 3.2 SSW
2025-04-10,US1NHMR0065,US1NHMR0065,Spring,,,0.0,0.0,,43.1816,-71.3656,178.3,EPSOM 3.2 SSW
2025-04-11,US1NHMR0065,US1NHMR0065,Spring,,,2.3,,,43.1816,-71.3656,178.3,EPSOM 3.2 SSW
2025-04-12,US1NHMR0065,US1NHMR0065,Spring,,,4.6,,,43.1816,-71.3656,178.3,EPSOM 3.2 SSW
2025-04-13,US1NHMR0065,US1NHMR0065,Spring,,,9.7,,,43.1816,-71.3656,178.3,EPSOM 3.2 SSW
2025-04-14,US1NHMR0065,US1NHMR0065,Spring,,,0.0,0.0,,43.1816,-71.3656,178.3,EPSOM 3.2 SSW
2025-04-15,US1NHMR0065,US1NHMR0065,Spring,,,6.4,,,43.1816,-71.3656,178.3,EPSOM 3.2 SSW
2025-04-16,US1NHMR0065,US1NHMR0065,Spring,,,4.3,,,43.1816,-71.3656,178.3,EPSOM 3.2 SSW
2025-04-17,US1NHMR0065,US1NHMR0065,Spring,,,0.0,0.0,,43.1816,-71.3656,178.3,EPSOM 3.2 SSW
2025-04-18,US1NHMR0065,US1NHMR0065,Spring,,,0.0,0.0,,43.1816,-71.3656,178.3,EPSOM 3.2 SSW
2025-04-19,US1NHMR0065,US1NHMR0065,Spring,,,0.0,,,43.1816,-71.3656,178.3,EPSOM 3.2 SSW
2025-04-20,US1NHMR0065,US1NHMR0065,Spring,,,1.5,,,43.1816,-71.3656,178.3,EPSOM 3.2 SSW
2025-04-21,US1NHMR0065,US1NHMR0065,Spring,,,0.0,0.0,,43.1816,-71.3656,178.3,EPSOM 3.2 SSW
2025-04-22,US1NHMR0065,US1NHMR0065,Spring,,,3.6,,,43.1816,-71.3656,178.3,EPSOM 3.2 SSW
2025-03-26,US1NHMR0068,US1NHMR0068,Spring,,,0.0,0.0,13.0,43.2297,-71.7224,121.3,CONTOOCOOK 0.6 NW
2025-03-27,US1NHMR0068,US1NHMR0068,Spring,,,0.0,0.0,0.0,43.2297,-71.7224,121.3,CONTOOCOOK 0.6 NW
2025-03-28,US1NHMR0068,US1NHMR0068,Spring,,,0.0,0.0,,43.2297,-71.7224,121.3,CONTOOCOOK 0.6 NW
2025-03-29,US1NHMR0068,US1NHMR0068,Spring,,,6.1,3.0,0.0,43.2297,-71.7224,121.3,CONTOOCOOK 0.6 NW
2025-03-30,US1NHMR0068,US1NHMR0068,Spring,,,13.7,8.0,0.0,43.2297,-71.7224,121.3,CONTOOCOOK 0.6 NW
2025-03-31,US1NHMR0068,US1NHMR0068,Spring,,,6.4,0.0,0.0,43.2297,-71.7224,121.3,CONTOOCOOK 0.6 NW
2025-04-01,US1NHMR0068,US1NHMR0068,Spring,,,2.8,0.0,0.0,43.2297,-71.7224,121.3,CONTOOCOOK 0.6 NW
2025-04-02,US1NHMR0068,US1NHMR0068,Spring,,,0.0,0.0,0.0,43.2297,-71.7224,121.3,CONTOOCOOK 0.6 NW
2025-04-03,US1NHMR0068,US1NHMR0068,Spring,,,12.7,5.0,0.0,43.2297,-71.7224,121.3,CONTOOCOOK 0.6 NW
2025-04-04,US1NHMR0068,US1NHMR0068,Spring,,,5.3,0.0,0.0,43.2297,-71.7224,121.3,CONTOOCOOK 0.6 NW
2025-04-05,US1NHMR0068,US1NHMR0068,Spring,,,0.0,0.0,0.0,43.2297,-71.7224,121.3,CONTOOCOOK 0.6 NW
2025-04-06,US1NHMR0068,US1NHMR0068,Spring,,,10.4,0.0,0.0,43.2297,-71.7224,121.3,CONTOOCOOK 0.6 NW
2025-04-07,US1NHMR0068,US1NHMR0068,Spring,,,3.3,0.0,0.0,43.2297,-71.7224,121.3,CONTOOCOOK 0.6 NW
2025-04-08,US1NHMR0068,US1NHMR0068,Spring,,,1.5,0.0,0.0,43.2297,-71.7224,121.3,CONTOOCOOK 0.6 NW
2025-04-09,US1NHMR0068,US1NHMR0068,Spring,,,1.3,0.0,0.0,43.2297,-71.7224,121.3,CONTOOCOOK 0.6 NW
2025-04-10,US1NHMR0068,US1NHMR0068,Spring,,,0.0,0.0,0.0,43.2297,-71.7224,121.3,CONTOOCOOK 0.6 NW
2025-04-11,US1NHMR0068,US1NHMR0068,Spring,,,2.8,0.0,0.0,43.2297,-71.7224,121.3,CONTOOCOOK 0.6 NW
2025-04-12,US1NHMR0068,US1NHMR0068,Spring,,,3.8,25.0,25.0,43.2297,-71.7224,121.3,CONTOOCOOK 0.6 NW
2025-04-13,US1NHMR0068,US1NHMR0068,Spring,,,11.9,64.0,13.0,43.2297,-71.7224,121.3,CONTOOCOOK 0.6 NW
2025-04-14,US1NHMR0068,US1NHMR0068,Spring,,,0.0,0.0,0.0,43.2297,-71.7224,121.3,CONTOOCOOK 0.6 NW
2025-04-15,US1NHMR0068,US1NHMR0068,Spring,,,7.9,0.0,0.0,43.2297,-71.7224,121.3,CONTOOCOOK 0.6 NW
2025-04-16,US1NHMR0068,US1NHMR0068,Spring,,,0.0,0.0,0.0,43.2297,-71.7224,121.3,CONTOOCOOK 0.6 NW
2025-04-17,US1NHMR0068,US1NHMR0068,Spring,,,0.0,0.0,0.0,43.2297,-71.7224,121.3,CONTOOCOOK 0.6 NW
2025-04-18,US1NHMR0068,US1NHMR0068,Spring,,,0.0,0.0,0.0,43.2297,-71.7224,121.3,CONTOOCOOK 0.6 NW
2025-04-19,US1NHMR0068,US1NHMR0068,Spring,,,0.0,0.0,0.0,43.2297,-71.7224,121.3,CONTOOCOOK 0.6 NW
2025-04-20,US1NHMR0068,US1NHMR0068,Spring,,,2.0,0.0,0.0,43.2297,-71.7224,121.3,CONTOOCOOK 0.6 NW
2025-04-21,US1NHMR0068,US1NHMR0068,Spring,,,0.0,0.0,0.0,43.2297,-71.7224,121.3,CONTOOCOOK 0.6 NW
2025-04-22,US1NHMR0068,US1NHMR0068,Spring,,,4.6,0.0,0.0,43.2297,-71.7224,121.3,CONTOOCOOK 0.6 NW
2025-03-26,US1NHMR0070,US1NHMR0070,Spring,,,0.0,0.0,51.0,43.4024,-71.9881,377.3,NEW LONDON 0.8 S
2025-03-27,US1NHMR0070,US1NHMR0070,Spring,,,0.0,0.0,0.0,43.4024,-71.9881,377.3,NEW LONDON 0.8 S
2025-03-28,US1NHMR0070,US1NHMR0070,Spring,,,0.0,0.0,0.0,43.4024,-71.9881,377.3,NEW LONDON 0.8 S
2025-03-29,US1NHMR0070,US1NHMR0070,Spring,,,5.1,0.0,0.0,43.4024,-71.9881,377.3,NEW LONDON 0.8 S
2025-03-30,US1NHMR0070,US1NHMR0070,Spring,,,13.0,0.0,0.0,43.4024,-71.9881,377.3,NEW LONDON 0.8 S
2025-03-31,US1NHMR0070,US1NHMR0070,Spring,,,10.2,0.0,0.0,43.4024,-71.9881,377.3,NEW LONDON 0.8 S
2025-04-01,US1NHMR0070,US1NHMR0070,Spring,,,5.8,0.0,0.0,43.4024,-71.9881,377.3,NEW LONDON 0.8 S
2025-04-02,US1NHMR0070,US1NHMR0070,Spring,,,0.0,0.0,0.0,43.4024,-71.9881,377.3,NEW LONDON 0.8 S
2025-04-03,US1NHMR0070,US1NHMR0070,Spring,,,10.9,0.0,0.0,43.4024,-71.9881,377.3,NEW LONDON 0.8 S
2025-04-04,US1NHMR0070,US1NHMR0070,Spring,,,5.6,0.0,0.0,43.4024,-71.9881,377.3,NEW LONDON 0.8 S
2025-04-05,US1NHMR0070,US1NHMR0070,Spring,,,0.0,0.0,0.0,43.4024,-71.9881,377.3,NEW LONDON 0.8 S
2025-04-06,US1NHMR0070,US1NHMR0070,Spring,,,11.2,0.0,0.0,43.4024,-71.9881,377.3,NEW LONDON 0.8 S
2025-04-07,US1NHMR0070,US1NHMR0070,Spring,,,2.5,0.0,0.0,43.4024,-71.9881,377.3,NEW LONDON 0.8 S
2025-04-08,US1NHMR0070,US1NHMR0070,Spring,,,1.0,5.0,5.0,43.4024,-71.9881,377.3,NEW LONDON 0.8 S
2025-04-09,US1NHMR0070,US1NHMR0070,Spring,,,2.3,,0.0,43.4024,-71.9881,377.3,NEW LONDON 0.8 S
2025-04-10,US1NHMR0070,US1NHMR0070,Spring,,,0.0,0.0,0.0,43.4024,-71.9881,377.3,NEW LONDON 0.8 S
2025-04-11,US1NHMR0070,US1NHMR0070,Spring,,,2.0,8.0,8.0,43.4024,-71.9881,377.3,NEW LONDON 0.8 S
2025-04-12,US1NHMR0070,US1NHMR0070,Spring,,,0.0,0.0,0.0,43.4024,-71.9881,377.3,NEW LONDON 0.8 S
2025-04-13,US1NHMR0070,US1NHMR0070,Spring,,,10.7,79.0,51.0,43.4024,-71.9881,377.3,NEW LONDON 0.8 S
2025-04-14,US1NHMR0070,US1NHMR0070,Spring,,,0.0,0.0,0.0,43.4024,-71.9881,377.3,NEW LONDON 0.8 S
2025-04-15,US1NHMR0070,US1NHMR0070,Spring,,,3.6,0.0,0.0,43.4024,-71.9881,377.3,NEW LONDON 0.8 S
2025-04-16,US1NHMR0070,US1NHMR0070,Spring,,,0.3,0.0,0.0,43.4024,-71.9881,377.3,NEW LONDON 0.8 S
2025-04-17,US1NHMR0070,US1NHMR0070,Spring,,,0.0,0.0,0.0,43.4024,-71.9881,377.3,NEW LONDON 0.8 S
2025-04-18,US1NHMR0070,US1NHMR0070,Spring,,,0.0,0.0,0.0,43.4024,-71.9881,377.3,NEW LONDON 0.8 S
2025-04-19,US1NHMR0070,US1NHMR0070,Spring,,,0.0,0.0,0.0,43.4024,-71.9881,377.3,NEW LONDON 0.8 S
2025-04-20,US1NHMR0070,US1NHMR0070,Spring,,,1.3,0.0,0.0,43.4024,-71.9881,377.3,NEW LONDON 0.8 S
2025-04-21,US1NHMR0070,US1NHMR0070,Spring,,,0.0,0.0,0.0,43.4024,-71.9881,377.3,NEW LONDON 0.8 S
2025-04-22,US1NHMR0070,US1NHMR0070,Spring,,,5.6,0.0,0.0,43.4024,-71.9881,377.3,NEW LONDON 0.8 S
2025-03-26,US1NHMR0072,US1NHMR0072,Spring,,,0.0,0.0,,43.3393,-71.8008,222.2,SALISBURY 5.0 SW
2025-03-27,US1NHMR0072,US1NHMR0072,Spring,,,0.0,0.0,,43.3393,-71.8008,222.2,SALISBURY 5.0 SW
2025-03-28,US1NHMR0072,US1NHMR0072,Spring,,,0.0,0.0,,43.3393,-71.8008,222.2,SALISBURY 5.0 SW
2025-03-29,US1NHMR0072,US1NHMR0072,Spring,,,4.1,3.0,,43.3393,-71.8008,222.2,SALISBURY 5.0 SW
2025-03-30,US1NHMR0072,US1NHMR0072,Spring,,,8.4,0.0,,43.3393,-71.8008,222.2,SALISBURY 5.0 SW
2025-03-31,US1NHMR0072,US1NHMR0072,Spring,,,5.6,0.0,,43.3393,-71.8008,222.2,SALISBURY 5.0 SW
2025-04-01,US1NHMR0072,US1NHMR0072,Spring,,,1.3,0.0,,43.3393,-71.8008,222.2,SALISBURY 5.0 SW
2025-04-02,US1NHMR0072,US1NHMR0072,Spring,,,0.0,0.0,,43.3393,-71.8008,222.2,SALISBURY 5.0 SW
2025-04-03,US1NHMR0072,US1NHMR0072,Spring,,,8.1,3.0,,43.3393,-71.8008,222.2,SALISBURY 5.0 SW
2025-04-04,US1NHMR0072,US1NHMR0072,Spring,,,0.0,0.0,,43.3393,-71.8008,222.2,SALISBURY 5.0 SW
2025-04-05,US1NHMR0072,US1NHMR0072,Spring,,,0.0,0.0,,43.3393,-71.8008,222.2,SALISBURY 5.0 SW
2025-04-06,US1NHMR0072,US1NHMR0072,Spring,,,11.9,0.0,,43.3393,-71.8008,222.2,SALISBURY 5.0 SW
2025-04-07,US1NHMR0072,US1NHMR0072,Spring,,,0.0,0.0,,43.3393,-71.8008,222.2,SALISBURY 5.0 SW
2025-04-08,US1NHMR0072,US1NHMR0072,Spring,,,1.3,5.0,,43.3393,-71.8008,222.2,SALISBURY 5.0 SW
2025-04-09,US1NHMR0072,US1NHMR0072,Spring,,,1.3,5.0,,43.3393,-71.8008,222.2,SALISBURY 5.0 SW
2025-04-10,US1NHMR0072,US1NHMR0072,Spring,,,0.0,0.0,,43.3393,-71.8008,222.2,SALISBURY 5.0 SW
2025-04-11,US1NHMR0072,US1NHMR0072,Spring,,,1.5,3.0,,43.3393,-71.8008,222.2,SALISBURY 5.0 SW
2025-04-12,US1NHMR0072,US1NHMR0072,Spring,,,3.3,28.0,53.0,43.3393,-71.8008,222.2,SALISBURY 5.0 SW
2025-04-13,US1NHMR0072,US1NHMR0072,Spring,,,8.6,76.0,76.0,43.3393,-71.8008,222.2,SALISBURY 5.0 SW
2025-04-14,US1NHMR0072,US1NHMR0072,Spring,,,0.0,0.0,,43.3393,-71.8008,222.2,SALISBURY 5.0 SW
2025-04-15,US1NHMR0072,US1NHMR0072,Spring,,,3.0,0.0,,43.3393,-71.8008,222.2,SALISBURY 5.0 SW
2025-04-16,US1NHMR0072,US1NHMR0072,Spring,,,0.0,0.0,,43.3393,-71.8008,222.2,SALISBURY 5.0 SW
2025-04-17,US1NHMR0072,US1NHMR0072,Spring,,,0.0,0.0,,43.3393,-71.8008,222.2,SALISBURY 5.0 SW
2025-04-18,US1NHMR0072,US1NHMR0072,Spring,,,0.0,0.0,,43.3393,-71.8008,222.2,SALISBURY 5.0 SW
2025-04-19,US1NHMR0072,US1NHMR0072,Spring,,,0.0,0.0,,43.3393,-71.8008,222.2,SALISBURY 5.0 SW
2025-04-20,US1NHMR0072,US1NHMR0072,Spring,,,1.3,0.0,,43.3393,-71.8008,222.2,SALISBURY 5.0 SW
2025-04-21,US1NHMR0072,US1NHMR0072,Spring,,,0.0,0.0,,43.3393,-71.8008,222.2,SALISBURY 5.0 SW
2025-04-22,US1NHMR0072,US1NHMR0072,Spring,,,5.6,0.0,,43.3393,-71.8008,222.2,SALISBURY 5.0 SW
2025-03-26,US1NHMR0074,US1NHMR0074,Spring,,,0.0,0.0,,43.1788,-71.3978,123.7,EPSOM 4.2 SW
2025-03-27,US1NHMR0074,US1NHMR0074,Spring,,,0.0,0.0,,43.1788,-71.3978,123.7,EPSOM 4.2 SW
2025-03-28,US1NHMR0074,US1NHMR0074,Spring,,,0.0,0.0,,43.1788,-71.3978,123.7,EPSOM 4.2 SW
2025-03-29,US1NHMR0074,US1NHMR0074,Spring,,,5.8,,,43.1788,-71.3978,123.7,EPSOM 4.2 SW
2025-03-30,US1NHMR0074,US1NHMR0074,Spring,,,6.9,0.0,,43.1788,-71.3978,123.7,EPSOM 4.2 SW
2025-03-31,US1NHMR0074,US1NHMR0074,Spring,,,5.8,,,43.1788,-71.3978,123.7,EPSOM 4.2 SW
2025-04-01,US1NHMR0074,US1NHMR0074,Spring,,,6.9,,,43.1788,-71.3978,123.7,EPSOM 4.2 SW
2025-04-04,US1NHMR0074,US1NHMR0074,Spring,,,7.6,,,43.1788,-71.3978,123.7,EPSOM 4.2 SW
2025-04-05,US1NHMR0074,US1NHMR0074,Spring,,,0.0,0.0,,43.1788,-71.3978,123.7,EPSOM 4.2 SW
2025-04-06,US1NHMR0074,US1NHMR0074,Spring,,,8.1,,,43.1788,-71.3978,123.7,EPSOM 4.2 SW
2025-04-07,US1NHMR0074,US1NHMR0074,Spring,,,4.6,,,43.1788,-71.3978,123.7,EPSOM 4.2 SW
2025-04-08,US1NHMR0074,US1NHMR0074,Spring,,,0.5,,,43.1788,-71.3978,123.7,EPSOM 4.2 SW
2025-04-09,US1NHMR0074,US1NHMR0074,Spring,,,2.8,,,43.1788,-71.3978,123.7,EPSOM 4.2 SW
2025-04-10,US1NHMR0074,US1NHMR0074,Spring,,,0.0,0.0,,43.1788,-71.3978,123.7,EPSOM 4.2 SW
2025-04-11,US1NHMR0074,US1NHMR0074,Spring,,,3.6,,,43.1788,-71.3978,123.7,EPSOM 4.2 SW
2025-04-12,US1NHMR0074,US1NHMR0074,Spring,,,2.5,13.0,,43.1788,-71.3978,123.7,EPSOM 4.2 SW
2025-04-13,US1NHMR0074,US1NHMR0074,Spring,,,8.9,51.0,,43.1788,-71.3978,123.7,EPSOM 4.2 SW
2025-04-14,US1NHMR0074,US1NHMR0074,Spring,,,0.5,,,43.1788,-71.3978,123.7,EPSOM 4.2 SW
2025-04-15,US1NHMR0074,US1NHMR0074,Spring,,,6.4,,,43.1788,-71.3978,123.7,EPSOM 4.2 SW
2025-04-16,US1NHMR0074,US1NHMR0074,Spring,,,4.3,,,43.1788,-71.3978,123.7,EPSOM 4.2 SW
2025-04-17,US1NHMR0074,US1NHMR0074,Spring,,,0.0,0.0,,43.1788,-71.3978,123.7,EPSOM 4.2 SW
2025-04-18,US1NHMR0074,US1NHMR0074,Spring,,,0.0,0.0,,43.1788,-71.3978,123.7,EPSOM 4.2 SW
2025-04-21,US1NHMR0074,US1NHMR0074,Spring,,,0.0,0.0,,43.1788,-71.3978,123.7,EPSOM 4.2 SW
2025-04-22,US1NHMR0074,US1NHMR0074,Spring,,,5.3,,,43.1788,-71.3978,123.7,EPSOM 4.2 SW
2025-03-26,US1NHMR0076,US1NHMR0076,Spring,,,0.0,0.0,,43.246,-71.4231,186.2,CHICHESTER 1.2 W
2025-03-27,US1NHMR0076,US1NHMR0076,Spring,,,0.0,0.0,,43.246,-71.4231,186.2,CHICHESTER 1.2 W
2025-03-28,US1NHMR0076,US1NHMR0076,Spring,,,0.0,0.0,,43.246,-71.4231,186.2,CHICHESTER 1.2 W
2025-03-29,US1NHMR0076,US1NHMR0076,Spring,,,4.6,,,43.246,-71.4231,186.2,CHICHESTER 1.2 W
2025-03-30,US1NHMR0076,US1NHMR0076,Spring,,,12.4,,,43.246,-71.4231,186.2,CHICHESTER 1.2 W
2025-03-31,US1NHMR0076,US1NHMR0076,Spring,,,2.8,,,43.246,-71.4231,186.2,CHICHESTER 1.2 W
2025-04-01,US1NHMR0076,US1NHMR0076,Spring,,,7.4,,,43.246,-71.4231,186.2,CHICHESTER 1.2 W
2025-04-02,US1NHMR0076,US1NHMR0076,Spring,,,0.0,,,43.246,-71.4231,186.2,CHICHESTER 1.2 W
2025-04-03,US1NHMR0076,US1NHMR0076,Spring,,,14.0,,,43.246,-71.4231,186.2,CHICHESTER 1.2 W
2025-04-04,US1NHMR0076,US1NHMR0076,Spring,,,5.1,,,43.246,-71.4231,186.2,CHICHESTER 1.2 W
2025-04-14,US1NHMR0076,US1NHMR0076,Spring,,,0.0,,,43.246,-71.4231,186.2,CHICHESTER 1.2 W
2025-04-15,US1NHMR0076,US1NHMR0076,Spring,,,5.8,,,43.246,-71.4231,186.2,CHICHESTER 1.2 W
2025-04-16,US1NHMR0076,US1NHMR0076,Spring,,,0.3,,,43.246,-71.4231,186.2,CHICHESTER 1.2 W
2025-04-17,US1NHMR0076,US1NHMR0076,Spring,,,0.0,0.0,,43.246,-71.4231,186.2,CHICHESTER 1.2 W
2025-04-18,US1NHMR0076,US1NHMR0076,Spring,,,0.0,0.0,,43.246,-71.4231,186.2,CHICHESTER 1.2 W
2025-04-19,US1NHMR0076,US1NHMR0076,Spring,,,0.3,,,43.246,-71.4231,186.2,CHICHESTER 1.2 W
2025-04-20,US1NHMR0076,US1NHMR0076,Spring,,,5.1,,,43.246,-71.4231,186.2,CHICHESTER 1.2 W
2025-04-21,US1NHMR0076,US1NHMR0076,Spring,,,0.0,0.0,,43.246,-71.4231,186.2,CHICHESTER 1.2 W
2025-04-22,US1NHMR0076,US1NHMR0076,Spring,,,3.8,0.0,,43.246,-71.4231,186.2,CHICHESTER 1.2 W
2025-03-26,US1NHMR0077,US1NHMR0077,Spring,,,0.0,0.0,,43.0869,-71.6199,216.4,DUNBARTON 1.1 S
2025-03-27,US1NHMR0077,US1NHMR0077,Spring,,,0.0,0.0,,43.0869,-71.6199,216.4,DUNBARTON 1.1 S
2025-03-28,US1NHMR0077,US1NHMR0077,Spring,,,0.0,0.0,,43.0869,-71.6199,216.4,DUNBARTON 1.1 S
2025-04-02,US1NHMR0077,US1NHMR0077,Spring,,,0.0,0.0,,43.0869,-71.6199,216.4,DUNBARTON 1.1 S
2025-04-05,US1NHMR0077,US1NHMR0077,Spring,,,0.0,0.0,,43.0869,-71.6199,216.4,DUNBARTON 1.1 S
2025-04-06,US1NHMR0077,US1NHMR0077,Spring,,,9.9,,,43.0869,-71.6199,216.4,DUNBARTON 1.1 S
2025-04-07,US1NHMR0077,US1NHMR0077,Spring,,,4.6,0.0,,43.0869,-71.6199,216.4,DUNBARTON 1.1 S
2025-04-08,US1NHMR0077,US1NHMR0077,Spring,,,2.5,3.0,,43.0869,-71.6199,216.4,DUNBARTON 1.1 S
2025-04-09,US1NHMR0077,US1NHMR0077,Spring,,,1.5,3.0,,43.0869,-71.6199,216.4,DUNBARTON 1.1 S
2025-04-10,US1NHMR0077,US1NHMR0077,Spring,,,0.0,0.0,,43.0869,-71.6199,216.4,DUNBARTON 1.1 S
2025-04-11,US1NHMR0077,US1NHMR0077,Spring,,,2.0,3.0,,43.0869,-71.6199,216.4,DUNBARTON 1.1 S
2025-04-12,US1NHMR0077,US1NHMR0077,Spring,,,6.4,64.0,,43.0869,-71.6199,216.4,DUNBARTON 1.1 S
2025-04-13,US1NHMR0077,US1NHMR0077,Spring,,,9.7,86.0,,43.0869,-71.6199,216.4,DUNBARTON 1.1 S
2025-04-14,US1NHMR0077,US1NHMR0077,Spring,,,0.0,0.0,,43.0869,-71.6199,216.4,DUNBARTON 1.1 S
2025-04-15,US1NHMR0077,US1NHMR0077,Spring,,,5.6,,,43.0869,-71.6199,216.4,DUNBARTON 1.1 S
2025-04-16,US1NHMR0077,US1NHMR0077,Spring,,,0.5,,,43.0869,-71.6199,216.4,DUNBARTON 1.1 S
2025-04-17,US1NHMR0077,US1NHMR0077,Spring,,,0.0,0.0,,43.0869,-71.6199,216.4,DUNBARTON 1.1 S
2025-04-18,US1NHMR0077,US1NHMR0077,Spring,,,0.0,0.0,,43.0869,-71.6199,216.4,DUNBARTON 1.1 S
2025-04-19,US1NHMR0077,US1NHMR0077,Spring,,,0.0,0.0,,43.0869,-71.6199,216.4,DUNBARTON 1.1 S
2025-04-20,US1NHMR0077,US1NHMR0077,Spring,,,1.3,,,43.0869,-71.6199,216.4,DUNBARTON 1.1 S
2025-04-21,US1NHMR0077,US1NHMR0077,Spring,,,0.0,0.0,,43.0869,-71.6199,216.4,DUNBARTON 1.1 S
2025-04-22,US1NHMR0077,US1NHMR0077,Spring,,,4.1,,,43.0869,-71.6199,216.4,DUNBARTON 1.1 S
2025-03-26,US1NHMR0080,US1NHMR0080,Spring,,,0.0,0.0,,43.4029,-71.6367,146.6,NORTHFIELD 3.1 SW
2025-03-27,US1NHMR0080,US1NHMR0080,Spring,,,0.0,0.0,,43.4029,-71.6367,146.6,NORTHFIELD 3.1 SW
2025-03-28,US1NHMR0080,US1NHMR0080,Spring,,,0.0,0.0,,43.4029,-71.6367,146.6,NORTHFIELD 3.1 SW
2025-03-29,US1NHMR0080,US1NHMR0080,Spring,,,6.1,3.0,,43.4029,-71.6367,146.6,NORTHFIELD 3.1 SW
2025-03-30,US1NHMR0080,US1NHMR0080,Spring,,,11.4,0.0,,43.4029,-71.6367,146.6,NORTHFIELD 3.1 SW
2025-03-31,US1NHMR0080,US1NHMR0080,Spring,,,3.3,0.0,,43.4029,-71.6367,146.6,NORTHFIELD 3.1 SW
2025-04-01,US1NHMR0080,US1NHMR0080,Spring,,,2.5,0.0,,43.4029,-71.6367,146.6,NORTHFIELD 3.1 SW
2025-04-02,US1NHMR0080,US1NHMR0080,Spring,,,0.0,0.0,,43.4029,-71.6367,146.6,NORTHFIELD 3.1 SW
2025-04-03,US1NHMR0080,US1NHMR0080,Spring,,,11.9,5.0,,43.4029,-71.6367,146.6,NORTHFIELD 3.1 SW
2025-04-04,US1NHMR0080,US1NHMR0080,Spring,,,2.8,0.0,,43.4029,-71.6367,146.6,NORTHFIELD 3.1 SW
2025-04-05,US1NHMR0080,US1NHMR0080,Spring,,,0.0,0.0,,43.4029,-71.6367,146.6,NORTHFIELD 3.1 SW
2025-04-06,US1NHMR0080,US1NHMR0080,Spring,,,11.9,0.0,,43.4029,-71.6367,146.6,NORTHFIELD 3.1 SW
2025-04-07,US1NHMR0080,US1NHMR0080,Spring,,,0.3,0.0,,43.4029,-71.6367,146.6,NORTHFIELD 3.1 SW
2025-04-08,US1NHMR0080,US1NHMR0080,Spring,,,0.5,5.0,,43.4029,-71.6367,146.6,NORTHFIELD 3.1 SW
2025-04-09,US1NHMR0080,US1NHMR0080,Spring,,,1.8,8.0,,43.4029,-71.6367,146.6,NORTHFIELD 3.1 SW
2025-04-10,US1NHMR0080,US1NHMR0080,Spring,,,0.0,0.0,,43.4029,-71.6367,146.6,NORTHFIELD 3.1 SW
2025-04-11,US1NHMR0080,US1NHMR0080,Spring,,,1.3,0.0,,43.4029,-71.6367,146.6,NORTHFIELD 3.1 SW
2025-04-12,US1NHMR0080,US1NHMR0080,Spring,,,8.6,102.0,,43.4029,-71.6367,146.6,NORTHFIELD 3.1 SW
2025-04-13,US1NHMR0080,US1NHMR0080,Spring,,,4.1,0.0,,43.4029,-71.6367,146.6,NORTHFIELD 3.1 SW
2025-04-14,US1NHMR0080,US1NHMR0080,Spring,,,0.0,0.0,,43.4029,-71.6367,146.6,NORTHFIELD 3.1 SW
2025-04-15,US1NHMR0080,US1NHMR0080,Spring,,,5.6,0.0,,43.4029,-71.6367,146.6,NORTHFIELD 3.1 SW
2025-04-16,US1NHMR0080,US1NHMR0080,Spring,,,0.0,0.0,,43.4029,-71.6367,146.6,NORTHFIELD 3.1 SW
2025-04-17,US1NHMR0080,US1NHMR0080,Spring,,,0.0,0.0,,43.4029,-71.6367,146.6,NORTHFIELD 3.1 SW
2025-04-18,US1NHMR0080,US1NHMR0080,Spring,,,0.0,0.0,,43.4029,-71.6367,146.6,NORTHFIELD 3.1 SW
2025-04-19,US1NHMR0080,US1NHMR0080,Spring,,,0.0,0.0,,43.4029,-71.6367,146.6,NORTHFIELD 3.1 SW
2025-04-20,US1NHMR0080,US1NHMR0080,Spring,,,0.5,,,43.4029,-71.6367,146.6,NORTHFIELD 3.1 SW
2025-04-21,US1NHMR0080,US1NHMR0080,Spring,,,0.0,0.0,,43.4029,-71.6367,146.6,NORTHFIELD 3.1 SW
2025-04-22,US1NHMR0080,US1NHMR0080,Spring,,,4.3,,,43.4029,-71.6367,146.6,NORTHFIELD 3.1 SW
2025-04-08,US1NHMR0082,US1NHMR0082,Spring,,,1.3,,,43.1985,-71.8091,174.3,HENNIKER 1.4 NNE
2025-04-09,US1NHMR0082,US1NHMR0082,Spring,,,1.0,,,43.1985,-71.8091,174.3,HENNIKER 1.4 NNE
2025-04-10,US1NHMR0082,US1NHMR0082,Spring,,,0.0,0.0,,43.1985,-71.8091,174.3,HENNIKER 1.4 NNE
2025-04-11,US1NHMR0082,US1NHMR0082,Spring,,,2.8,,,43.1985,-71.8091,174.3,HENNIKER 1.4 NNE
2025-04-12,US1NHMR0082,US1NHMR0082,Spring,,,4.3,,,43.1985,-71.8091,174.3,HENNIKER 1.4 NNE
2025-04-13,US1NHMR0082,US1NHMR0082,Spring,,,9.4,,,43.1985,-71.8091,174.3,HENNIKER 1.4 NNE
2025-04-14,US1NHMR0082,US1NHMR0082,Spring,,,0.0,0.0,,43.1985,-71.8091,174.3,HENNIKER 1.4 NNE
2025-04-15,US1NHMR0082,US1NHMR0082,Spring,,,6.4,,,43.1985,-71.8091,174.3,HENNIKER 1.4 NNE
2025-04-16,US1NHMR0082,US1NHMR0082,Spring,,,0.0,,,43.1985,-71.8091,174.3,HENNIKER 1.4 NNE
2025-04-17,US1NHMR0082,US1NHMR0082,Spring,,,0.0,0.0,,43.1985,-71.8091,174.3,HENNIKER 1.4 NNE
2025-04-18,US1NHMR0082,US1NHMR0082,Spring,,,0.0,0.0,,43.1985,-71.8091,174.3,HENNIKER 1.4 NNE
2025-04-19,US1NHMR0082,US1NHMR0082,Spring,,,0.0,0.0,,43.1985,-71.8091,174.3,HENNIKER 1.4 NNE
2025-04-20,US1NHMR0082,US1NHMR0082,Spring,,,0.5,,,43.1985,-71.8091,174.3,HENNIKER 1.4 NNE
2025-04-21,US1NHMR0082,US1NHMR0082,Spring,,,0.0,0.0,,43.1985,-71.8091,174.3,HENNIKER 1.4 NNE
2025-04-22,US1NHMR0082,US1NHMR0082,Spring,,,4.8,,,43.1985,-71.8091,174.3,HENNIKER 1.4 NNE
2025-04-11,US1NHRC0003,US1NHRC0003,Spring,,,2.5,,,42.9674,-70.9595,12.8,EXETER 0.8 SW
2025-04-15,US1NHRC0003,US1NHRC0003,Spring,,,2.8,,,42.9674,-70.9595,12.8,EXETER 0.8 SW
2025-04-16,US1NHRC0003,US1NHRC0003,Spring,,,11.2,,,42.9674,-70.9595,12.8,EXETER 0.8 SW
2025-04-17,US1NHRC0003,US1NHRC0003,Spring,,,0.0,0.0,,42.9674,-70.9595,12.8,EXETER 0.8 SW
2025-04-18,US1NHRC0003,US1NHRC0003,Spring,,,0.0,0.0,,42.9674,-70.9595,12.8,EXETER 0.8 SW
2025-04-19,US1NHRC0003,US1NHRC0003,Spring,,,0.0,,,42.9674,-70.9595,12.8,EXETER 0.8 SW
2025-04-20,US1NHRC0003,US1NHRC0003,Spring,,,0.0,,,42.9674,-70.9595,12.8,EXETER 0.8 SW
2025-04-21,US1NHRC0003,US1NHRC0003,Spring,,,0.0,0.0,,42.9674,-70.9595,12.8,EXETER 0.8 SW
2025-03-26,US1NHRC0024,US1NHRC0024,Spring,,,0.0,0.0,,43.0143,-70.8811,35.1,STRATHAM 1.9 ESE
2025-03-27,US1NHRC0024,US1NHRC0024,Spring,,,0.0,0.0,,43.0143,-70.8811,35.1,STRATHAM 1.9 ESE
2025-03-28,US1NHRC0024,US1NHRC0024,Spring,,,0.0,0.0,,43.0143,-70.8811,35.1,STRATHAM 1.9 ESE
2025-03-29,US1NHRC0024,US1NHRC0024,Spring,,,3.8,,,43.0143,-70.8811,35.1,STRATHAM 1.9 ESE
2025-03-30,US1NHRC0024,US1NHRC0024,Spring,,,5.3,,,43.0143,-70.8811,35.1,STRATHAM 1.9 ESE
2025-03-31,US1NHRC0024,US1NHRC0024,Spring,,,8.4,,,43.0143,-70.8811,35.1,STRATHAM 1.9 ESE
2025-04-01,US1NHRC0024,US1NHRC0024,Spring,,,10.2,,,43.0143,-70.8811,35.1,STRATHAM 1.9 ESE
2025-04-02,US1NHRC0024,US1NHRC0024,Spring,,,0.0,0.0,,43.0143,-70.8811,35.1,STRATHAM 1.9 ESE
2025-04-03,US1NHRC0024,US1NHRC0024,Spring,,,15.5,,,43.0143,-70.8811,35.1,STRATHAM 1.9 ESE
2025-04-04,US1NHRC0024,US1NHRC0024,Spring,,,10.9,,,43.0143,-70.8811,35.1,STRATHAM 1.9 ESE
2025-04-05,US1NHRC0024,US1NHRC0024,Spring,,,0.0,0.0,,43.0143,-70.8811,35.1,STRATHAM 1.9 ESE
2025-04-06,US1NHRC0024,US1NHRC0024,Spring,,,10.2,,,43.0143,-70.8811,35.1,STRATHAM 1.9 ESE
2025-04-07,US1NHRC0024,US1NHRC0024,Spring,,,6.1,,,43.0143,-70.8811,35.1,STRATHAM 1.9 ESE
2025-04-08,US1NHRC0024,US1NHRC0024,Spring,,,3.6,,,43.0143,-70.8811,35.1,STRATHAM 1.9 ESE
2025-04-09,US1NHRC0024,US1NHRC0024,Spring,,,3.3,,,43.0143,-70.8811,35.1,STRATHAM 1.9 ESE
2025-04-10,US1NHRC0024,US1NHRC0024,Spring,,,0.0,0.0,,43.0143,-70.8811,35.1,STRATHAM 1.9 ESE
2025-04-11,US1NHRC0024,US1NHRC0024,Spring,,,1.3,,,43.0143,-70.8811,35.1,STRATHAM 1.9 ESE
2025-04-12,US1NHRC0024,US1NHRC0024,Spring,,,12.7,43.0,,43.0143,-70.8811,35.1,STRATHAM 1.9 ESE
2025-04-13,US1NHRC0024,US1NHRC0024,Spring,,,2.8,,,43.0143,-70.8811,35.1,STRATHAM 1.9 ESE
2025-04-14,US1NHRC0024,US1NHRC0024,Spring,,,4.8,,,43.0143,-70.8811,35.1,STRATHAM 1.9 ESE
2025-04-15,US1NHRC0024,US1NHRC0024,Spring,,,0.5,,,43.0143,-70.8811,35.1,STRATHAM 1.9 ESE
2025-04-16,US1NHRC0024,US1NHRC0024,Spring,,,12.2,,,43.0143,-70.8811,35.1,STRATHAM 1.9 ESE
2025-04-17,US1NHRC0024,US1NHRC0024,Spring,,,0.0,0.0,,43.0143,-70.8811,35.1,STRATHAM 1.9 ESE
2025-04-18,US1NHRC0024,US1NHRC0024,Spring,,,0.0,0.0,,43.0143,-70.8811,35.1,STRATHAM 1.9 ESE
2025-04-19,US1NHRC0024,US1NHRC0024,Spring,,,0.0,,,43.0143,-70.8811,35.1,STRATHAM 1.9 ESE
2025-04-20,US1NHRC0024,US1NHRC0024,Spring,,,0.3,,,43.0143,-70.8811,35.1,STRATHAM 1.9 ESE
2025-04-21,US1NHRC0024,US1NHRC0024,Spring,,,0.0,0.0,,43.0143,-70.8811,35.1,STRATHAM 1.9 ESE
2025-04-22,US1NHRC0024,US1NHRC0024,Spring,,,3.8,,,43.0143,-70.8811,35.1,STRATHAM 1.9 ESE
2025-03-26,US1NHRC0048,US1NHRC0048,Spring,,,0.0,0.0,,43.2011,-71.2575,196.0,NORTHWOOD 2.9 WSW
2025-03-27,US1NHRC0048,US1NHRC0048,Spring,,,0.0,0.0,,43.2011,-71.2575,196.0,NORTHWOOD 2.9 WSW
2025-03-28,US1NHRC0048,US1NHRC0048,Spring,,,0.0,0.0,,43.2011,-71.2575,196.0,NORTHWOOD 2.9 WSW
2025-03-29,US1NHRC0048,US1NHRC0048,Spring,,,2.8,0.0,,43.2011,-71.2575,196.0,NORTHWOOD 2.9 WSW
2025-03-30,US1NHRC0048,US1NHRC0048,Spring,,,7.6,,,43.2011,-71.2575,196.0,NORTHWOOD 2.9 WSW
2025-03-31,US1NHRC0048,US1NHRC0048,Spring,,,6.9,,,43.2011,-71.2575,196.0,NORTHWOOD 2.9 WSW
2025-04-01,US1NHRC0048,US1NHRC0048,Spring,,,8.9,,,43.2011,-71.2575,196.0,NORTHWOOD 2.9 WSW
2025-04-02,US1NHRC0048,US1NHRC0048,Spring,,,0.0,0.0,,43.2011,-71.2575,196.0,NORTHWOOD 2.9 WSW
2025-04-03,US1NHRC0048,US1NHRC0048,Spring,,,12.2,0.0,,43.2011,-71.2575,196.0,NORTHWOOD 2.9 WSW
2025-04-04,US1NHRC0048,US1NHRC0048,Spring,,,5.8,,,43.2011,-71.2575,196.0,NORTHWOOD 2.9 WSW
2025-04-05,US1NHRC0048,US1NHRC0048,Spring,,,0.0,0.0,,43.2011,-71.2575,196.0,NORTHWOOD 2.9 WSW
2025-04-06,US1NHRC0048,US1NHRC0048,Spring,,,8.9,,,43.2011,-71.2575,196.0,NORTHWOOD 2.9 WSW
2025-04-07,US1NHRC0048,US1NHRC0048,Spring,,,2.5,0.0,,43.2011,-71.2575,196.0,NORTHWOOD 2.9 WSW
2025-04-08,US1NHRC0048,US1NHRC0048,Spring,,,0.5,,,43.2011,-71.2575,196.0,NORTHWOOD 2.9 WSW
2025-04-09,US1NHRC0048,US1NHRC0048,Spring,,,1.0,,,43.2011,-71.2575,196.0,NORTHWOOD 2.9 WSW
2025-04-10,US1NHRC0048,US1NHRC0048,Spring,,,0.0,0.0,,43.2011,-71.2575,196.0,NORTHWOOD 2.9 WSW
2025-04-11,US1NHRC0048,US1NHRC0048,Spring,,,2.3,8.0,,43.2011,-71.2575,196.0,NORTHWOOD 2.9 WSW
2025-04-12,US1NHRC0048,US1NHRC0048,Spring,,,6.9,69.0,76.0,43.2011,-71.2575,196.0,NORTHWOOD 2.9 WSW
2025-04-13,US1NHRC0048,US1NHRC0048,Spring,,,4.8,18.0,,43.2011,-71.2575,196.0,NORTHWOOD 2.9 WSW
2025-04-14,US1NHRC0048,US1NHRC0048,Spring,,,0.3,,,43.2011,-71.2575,196.0,NORTHWOOD 2.9 WSW
2025-04-15,US1NHRC0048,US1NHRC0048,Spring,,,7.6,,,43.2011,-71.2575,196.0,NORTHWOOD 2.9 WSW
2025-04-16,US1NHRC0048,US1NHRC0048,Spring,,,5.8,,,43.2011,-71.2575,196.0,NORTHWOOD 2.9 WSW
2025-04-17,US1NHRC0048,US1NHRC0048,Spring,,,0.0,0.0,,43.2011,-71.2575,196.0,NORTHWOOD 2.9 WSW
2025-04-18,US1NHRC0048,US1NHRC0048,Spring,,,0.0,0.0,,43.2011,-71.2575,196.0,NORTHWOOD 2.9 WSW
2025-04-19,US1NHRC0048,US1NHRC0048,Spring,,,0.0,,,43.2011,-71.2575,196.0,NORTHWOOD 2.9 WSW
2025-04-20,US1NHRC0048,US1NHRC0048,Spring,,,2.3,,,43.2011,-71.2575,196.0,NORTHWOOD 2.9 WSW
2025-04-21,US1NHRC0048,US1NHRC0048,Spring,,,0.0,0.0,,43.2011,-71.2575,196.0,NORTHWOOD 2.9 WSW
2025-04-22,US1NHRC0048,US1NHRC0048,Spring,,,3.8,,,43.2011,-71.2575,196.0,NORTHWOOD 2.9 WSW
2025-03-26,US1NHRC0060,US1NHRC0060,Spring,,,0.0,0.0,,43.0069,-71.3133,98.5,AUBURN 1.8 E
2025-03-27,US1NHRC0060,US1NHRC0060,Spring,,,0.0,0.0,,43.0069,-71.3133,98.5,AUBURN 1.8 E
2025-03-28,US1NHRC0060,US1NHRC0060,Spring,,,0.0,0.0,,43.0069,-71.3133,98.5,AUBURN 1.8 E
2025-03-29,US1NHRC0060,US1NHRC0060,Spring,,,0.0,0.0,,43.0069,-71.3133,98.5,AUBURN 1.8 E
2025-03-30,US1NHRC0060,US1NHRC0060,Spring,,,13.5,,,43.0069,-71.3133,98.5,AUBURN 1.8 E
2025-03-31,US1NHRC0060,US1NHRC0060,Spring,,,2.3,,,43.0069,-71.3133,98.5,AUBURN 1.8 E
2025-04-01,US1NHRC0060,US1NHRC0060,Spring,,,14.0,,,43.0069,-71.3133,98.5,AUBURN 1.8 E
2025-04-02,US1NHRC0060,US1NHRC0060,Spring,,,0.0,0.0,,43.0069,-71.3133,98.5,AUBURN 1.8 E
2025-04-03,US1NHRC0060,US1NHRC0060,Spring,,,18.3,,,43.0069,-71.3133,98.5,AUBURN 1.8 E
2025-04-04,US1NHRC0060,US1NHRC0060,Spring,,,6.4,,,43.0069,-71.3133,98.5,AUBURN 1.8 E
2025-04-05,US1NHRC0060,US1NHRC0060,Spring,,,0.0,0.0,,43.0069,-71.3133,98.5,AUBURN 1.8 E
2025-04-06,US1NHRC0060,US1NHRC0060,Spring,,,8.1,,,43.0069,-71.3133,98.5,AUBURN 1.8 E
2025-04-07,US1NHRC0060,US1NHRC0060,Spring,,,6.9,,,43.0069,-71.3133,98.5,AUBURN 1.8 E
2025-04-08,US1NHRC0060,US1NHRC0060,Spring,,,1.8,,,43.0069,-71.3133,98.5,AUBURN 1.8 E
2025-04-09,US1NHRC0060,US1NHRC0060,Spring,,,2.8,,,43.0069,-71.3133,98.5,AUBURN 1.8 E
2025-04-10,US1NHRC0060,US1NHRC0060,Spring,,,0.0,0.0,,43.0069,-71.3133,98.5,AUBURN 1.8 E
2025-04-11,US1NHRC0060,US1NHRC0060,Spring,,,2.5,,,43.0069,-71.3133,98.5,AUBURN 1.8 E
2025-04-12,US1NHRC0060,US1NHRC0060,Spring,,,6.9,25.0,,43.0069,-71.3133,98.5,AUBURN 1.8 E
2025-04-13,US1NHRC0060,US1NHRC0060,Spring,,,5.6,,,43.0069,-71.3133,98.5,AUBURN 1.8 E
2025-04-14,US1NHRC0060,US1NHRC0060,Spring,,,0.5,,,43.0069,-71.3133,98.5,AUBURN 1.8 E
2025-04-15,US1NHRC0060,US1NHRC0060,Spring,,,2.3,,,43.0069,-71.3133,98.5,AUBURN 1.8 E
2025-04-16,US1NHRC0060,US1NHRC0060,Spring,,,4.8,,,43.0069,-71.3133,98.5,AUBURN 1.8 E
2025-04-17,US1NHRC0060,US1NHRC0060,Spring,,,0.0,0.0,,43.0069,-71.3133,98.5,AUBURN 1.8 E
2025-04-18,US1NHRC0060,US1NHRC0060,Spring,,,0.0,0.0,,43.0069,-71.3133,98.5,AUBURN 1.8 E
2025-04-19,US1NHRC0060,US1NHRC0060,Spring,,,0.0,0.0,,43.0069,-71.3133,98.5,AUBURN 1.8 E
2025-04-20,US1NHRC0060,US1NHRC0060,Spring,,,1.3,,,43.0069,-71.3133,98.5,AUBURN 1.8 E
2025-04-21,US1NHRC0060,US1NHRC0060,Spring,,,0.0,0.0,,43.0069,-71.3133,98.5,AUBURN 1.8 E
2025-04-22,US1NHRC0060,US1NHRC0060,Spring,,,4.1,,,43.0069,-71.3133,98.5,AUBURN 1.8 E
2025-03-29,US1NHRC0072,US1NHRC0072,Spring,,,3.8,,,42.9765,-71.2714,118.9,DERRY 5.7 N
2025-03-30,US1NHRC0072,US1NHRC0072,Spring,,,12.2,,,42.9765,-71.2714,118.9,DERRY 5.7 N
2025-03-31,US1NHRC0072,US1NHRC0072,Spring,,,1.5,,,42.9765,-71.2714,118.9,DERRY 5.7 N
2025-04-01,US1NHRC0072,US1NHRC0072,Spring,,,13.5,,,42.9765,-71.2714,118.9,DERRY 5.7 N
2025-04-03,US1NHRC0072,US1NHRC0072,Spring,,,15.7,,,42.9765,-71.2714,118.9,DERRY 5.7 N
2025-04-04,US1NHRC0072,US1NHRC0072,Spring,,,10.4,,,42.9765,-71.2714,118.9,DERRY 5.7 N
2025-04-06,US1NHRC0072,US1NHRC0072,Spring,,,9.1,,,42.9765,-71.2714,118.9,DERRY 5.7 N
2025-04-07,US1NHRC0072,US1NHRC0072,Spring,,,7.1,,,42.9765,-71.2714,118.9,DERRY 5.7 N
2025-04-08,US1NHRC0072,US1NHRC0072,Spring,,,4.1,0.0,,42.9765,-71.2714,118.9,DERRY 5.7 N
2025-04-09,US1NHRC0072,US1NHRC0072,Spring,,,2.8,,,42.9765,-71.2714,118.9,DERRY 5.7 N
2025-04-11,US1NHRC0072,US1NHRC0072,Spring,,,5.1,0.0,,42.9765,-71.2714,118.9,DERRY 5.7 N
2025-04-12,US1NHRC0072,US1NHRC0072,Spring,,,6.9,30.0,,42.9765,-71.2714,118.9,DERRY 5.7 N
2025-04-13,US1NHRC0072,US1NHRC0072,Spring,,,6.4,33.0,,42.9765,-71.2714,118.9,DERRY 5.7 N
2025-04-14,US1NHRC0072,US1NHRC0072,Spring,,,1.0,,,42.9765,-71.2714,118.9,DERRY 5.7 N
2025-04-15,US1NHRC0072,US1NHRC0072,Spring,,,2.3,,,42.9765,-71.2714,118.9,DERRY 5.7 N
2025-04-16,US1NHRC0072,US1NHRC0072,Spring,,,6.9,,,42.9765,-71.2714,118.9,DERRY 5.7 N
2025-04-20,US1NHRC0072,US1NHRC0072,Spring,,,1.3,,,42.9765,-71.2714,118.9,DERRY 5.7 N
2025-04-22,US1NHRC0072,US1NHRC0072,Spring,,,3.6,,,42.9765,-71.2714,118.9,DERRY 5.7 N
2025-03-26,US1NHRC0079,US1NHRC0079,Spring,,,0.0,0.0,0.0,43.0978,-71.1026,142.6,NOTTINGHAM 1.2 S
2025-03-27,US1NHRC0079,US1NHRC0079,Spring,,,0.0,0.0,0.0,43.0978,-71.1026,142.6,NOTTINGHAM 1.2 S
2025-03-28,US1NHRC0079,US1NHRC0079,Spring,,,0.0,0.0,0.0,43.0978,-71.1026,142.6,NOTTINGHAM 1.2 S
2025-03-29,US1NHRC0079,US1NHRC0079,Spring,,,4.8,0.0,0.0,43.0978,-71.1026,142.6,NOTTINGHAM 1.2 S
2025-03-30,US1NHRC0079,US1NHRC0079,Spring,,,7.9,0.0,0.0,43.0978,-71.1026,142.6,NOTTINGHAM 1.2 S
2025-03-31,US1NHRC0079,US1NHRC0079,Spring,,,5.1,0.0,0.0,43.0978,-71.1026,142.6,NOTTINGHAM 1.2 S
2025-04-01,US1NHRC0079,US1NHRC0079,Spring,,,11.9,0.0,0.0,43.0978,-71.1026,142.6,NOTTINGHAM 1.2 S
2025-04-02,US1NHRC0079,US1NHRC0079,Spring,,,0.0,0.0,0.0,43.0978,-71.1026,142.6,NOTTINGHAM 1.2 S
2025-04-03,US1NHRC0079,US1NHRC0079,Spring,,,18.5,0.0,0.0,43.0978,-71.1026,142.6,NOTTINGHAM 1.2 S
2025-04-04,US1NHRC0079,US1NHRC0079,Spring,,,6.9,0.0,0.0,43.0978,-71.1026,142.6,NOTTINGHAM 1.2 S
2025-04-05,US1NHRC0079,US1NHRC0079,Spring,,,0.0,0.0,0.0,43.0978,-71.1026,142.6,NOTTINGHAM 1.2 S
2025-04-06,US1NHRC0079,US1NHRC0079,Spring,,,10.7,0.0,0.0,43.0978,-71.1026,142.6,NOTTINGHAM 1.2 S
2025-04-07,US1NHRC0079,US1NHRC0079,Spring,,,2.8,0.0,0.0,43.0978,-71.1026,142.6,NOTTINGHAM 1.2 S
2025-04-08,US1NHRC0079,US1NHRC0079,Spring,,,1.0,0.0,0.0,43.0978,-71.1026,142.6,NOTTINGHAM 1.2 S
2025-04-09,US1NHRC0079,US1NHRC0079,Spring,,,1.3,0.0,0.0,43.0978,-71.1026,142.6,NOTTINGHAM 1.2 S
2025-04-10,US1NHRC0079,US1NHRC0079,Spring,,,0.0,0.0,0.0,43.0978,-71.1026,142.6,NOTTINGHAM 1.2 S
2025-04-11,US1NHRC0079,US1NHRC0079,Spring,,,3.3,8.0,8.0,43.0978,-71.1026,142.6,NOTTINGHAM 1.2 S
2025-04-12,US1NHRC0079,US1NHRC0079,Spring,,,8.9,76.0,76.0,43.0978,-71.1026,142.6,NOTTINGHAM 1.2 S
2025-04-13,US1NHRC0079,US1NHRC0079,Spring,,,2.3,0.0,0.0,43.0978,-71.1026,142.6,NOTTINGHAM 1.2 S
2025-04-14,US1NHRC0079,US1NHRC0079,Spring,,,3.3,0.0,0.0,43.0978,-71.1026,142.6,NOTTINGHAM 1.2 S
2025-04-15,US1NHRC0079,US1NHRC0079,Spring,,,3.0,0.0,0.0,43.0978,-71.1026,142.6,NOTTINGHAM 1.2 S
2025-04-16,US1NHRC0079,US1NHRC0079,Spring,,,3.6,0.0,0.0,43.0978,-71.1026,142.6,NOTTINGHAM 1.2 S
2025-04-17,US1NHRC0079,US1NHRC0079,Spring,,,0.0,0.0,0.0,43.0978,-71.1026,142.6,NOTTINGHAM 1.2 S
2025-04-18,US1NHRC0079,US1NHRC0079,Spring,,,0.0,0.0,0.0,43.0978,-71.1026,142.6,NOTTINGHAM 1.2 S
2025-04-19,US1NHRC0079,US1NHRC0079,Spring,,,0.0,0.0,0.0,43.0978,-71.1026,142.6,NOTTINGHAM 1.2 S
2025-04-20,US1NHRC0079,US1NHRC0079,Spring,,,0.5,0.0,0.0,43.0978,-71.1026,142.6,NOTTINGHAM 1.2 S
2025-04-21,US1NHRC0079,US1NHRC0079,Spring,,,0.0,0.0,0.0,43.0978,-71.1026,142.6,NOTTINGHAM 1.2 S
2025-04-22,US1NHRC0079,US1NHRC0079,Spring,,,5.3,0.0,0.0,43.0978,-71.1026,142.6,NOTTINGHAM 1.2 S
2025-03-26,US1NHRC0084,US1NHRC0084,Spring,,,0.0,0.0,,42.9667,-70.8085,13.4,NORTH HAMPTON 1.4 ESE
2025-03-27,US1NHRC0084,US1NHRC0084,Spring,,,0.0,0.0,,42.9667,-70.8085,13.4,NORTH HAMPTON 1.4 ESE
2025-03-28,US1NHRC0084,US1NHRC0084,Spring,,,0.0,0.0,,42.9667,-70.8085,13.4,NORTH HAMPTON 1.4 ESE
2025-03-29,US1NHRC0084,US1NHRC0084,Spring,,,2.3,,,42.9667,-70.8085,13.4,NORTH HAMPTON 1.4 ESE
2025-03-30,US1NHRC0084,US1NHRC0084,Spring,,,5.8,,,42.9667,-70.8085,13.4,NORTH HAMPTON 1.4 ESE
2025-03-31,US1NHRC0084,US1NHRC0084,Spring,,,6.6,,,42.9667,-70.8085,13.4,NORTH HAMPTON 1.4 ESE
2025-04-01,US1NHRC0084,US1NHRC0084,Spring,,,10.4,,,42.9667,-70.8085,13.4,NORTH HAMPTON 1.4 ESE
2025-04-02,US1NHRC0084,US1NHRC0084,Spring,,,0.0,0.0,,42.9667,-70.8085,13.4,NORTH HAMPTON 1.4 ESE
2025-04-03,US1NHRC0084,US1NHRC0084,Spring,,,15.5,,,42.9667,-70.8085,13.4,NORTH HAMPTON 1.4 ESE
2025-04-04,US1NHRC0084,US1NHRC0084,Spring,,,12.4,,,42.9667,-70.8085,13.4,NORTH HAMPTON 1.4 ESE
2025-04-05,US1NHRC0084,US1NHRC0084,Spring,,,0.0,0.0,,42.9667,-70.8085,13.4,NORTH HAMPTON 1.4 ESE
2025-04-06,US1NHRC0084,US1NHRC0084,Spring,,,12.2,,,42.9667,-70.8085,13.4,NORTH HAMPTON 1.4 ESE
2025-04-07,US1NHRC0084,US1NHRC0084,Spring,,,7.1,,,42.9667,-70.8085,13.4,NORTH HAMPTON 1.4 ESE
2025-04-08,US1NHRC0084,US1NHRC0084,Spring,,,2.5,,,42.9667,-70.8085,13.4,NORTH HAMPTON 1.4 ESE
2025-04-09,US1NHRC0084,US1NHRC0084,Spring,,,3.6,,,42.9667,-70.8085,13.4,NORTH HAMPTON 1.4 ESE
2025-04-10,US1NHRC0084,US1NHRC0084,Spring,,,0.0,0.0,,42.9667,-70.8085,13.4,NORTH HAMPTON 1.4 ESE
2025-04-11,US1NHRC0084,US1NHRC0084,Spring,,,2.5,,,42.9667,-70.8085,13.4,NORTH HAMPTON 1.4 ESE
2025-04-12,US1NHRC0084,US1NHRC0084,Spring,,,2.3,13.0,,42.9667,-70.8085,13.4,NORTH HAMPTON 1.4 ESE
2025-04-13,US1NHRC0084,US1NHRC0084,Spring,,,14.7,,,42.9667,-70.8085,13.4,NORTH HAMPTON 1.4 ESE
2025-04-14,US1NHRC0084,US1NHRC0084,Spring,,,5.3,,,42.9667,-70.8085,13.4,NORTH HAMPTON 1.4 ESE
2025-04-15,US1NHRC0084,US1NHRC0084,Spring,,,1.3,,,42.9667,-70.8085,13.4,NORTH HAMPTON 1.4 ESE
2025-04-16,US1NHRC0084,US1NHRC0084,Spring,,,14.5,,,42.9667,-70.8085,13.4,NORTH HAMPTON 1.4 ESE
2025-04-17,US1NHRC0084,US1NHRC0084,Spring,,,0.0,0.0,,42.9667,-70.8085,13.4,NORTH HAMPTON 1.4 ESE
2025-04-18,US1NHRC0084,US1NHRC0084,Spring,,,0.0,0.0,,42.9667,-70.8085,13.4,NORTH HAMPTON 1.4 ESE
2025-04-19,US1NHRC0084,US1NHRC0084,Spring,,,0.0,0.0,,42.9667,-70.8085,13.4,NORTH HAMPTON 1.4 ESE
2025-04-20,US1NHRC0084,US1NHRC0084,Spring,,,0.0,0.0,,42.9667,-70.8085,13.4,NORTH HAMPTON 1.4 ESE
2025-04-21,US1NHRC0084,US1NHRC0084,Spring,,,0.0,0.0,,42.9667,-70.8085,13.4,NORTH HAMPTON 1.4 ESE
2025-04-22,US1NHRC0084,US1NHRC0084,Spring,,,5.8,,,42.9667,-70.8085,13.4,NORTH HAMPTON 1.4 ESE
2025-03-26,US1NHRC0089,US1NHRC0089,Spring,,,0.0,0.0,,42.9371,-70.883,21.0,HAMPTON FALLS 1.8 NW
2025-04-03,US1NHRC0089,US1NHRC0089,Spring,,,14.5,,,42.9371,-70.883,21.0,HAMPTON FALLS 1.8 NW
2025-04-04,US1NHRC0089,US1NHRC0089,Spring,,,7.6,,,42.9371,-70.883,21.0,HAMPTON FALLS 1.8 NW
2025-04-05,US1NHRC0089,US1NHRC0089,Spring,,,0.0,0.0,,42.9371,-70.883,21.0,HAMPTON FALLS 1.8 NW
2025-04-06,US1NHRC0089,US1NHRC0089,Spring,,,11.2,,,42.9371,-70.883,21.0,HAMPTON FALLS 1.8 NW
2025-04-07,US1NHRC0089,US1NHRC0089,Spring,,,7.1,,,42.9371,-70.883,21.0,HAMPTON FALLS 1.8 NW
2025-04-08,US1NHRC0089,US1NHRC0089,Spring,,,2.5,,,42.9371,-70.883,21.0,HAMPTON FALLS 1.8 NW
2025-04-09,US1NHRC0089,US1NHRC0089,Spring,,,3.3,,,42.9371,-70.883,21.0,HAMPTON FALLS 1.8 NW
2025-04-10,US1NHRC0089,US1NHRC0089,Spring,,,0.0,0.0,,42.9371,-70.883,21.0,HAMPTON FALLS 1.8 NW
2025-04-11,US1NHRC0089,US1NHRC0089,Spring,,,2.3,,,42.9371,-70.883,21.0,HAMPTON FALLS 1.8 NW
2025-04-12,US1NHRC0089,US1NHRC0089,Spring,,,1.8,,,42.9371,-70.883,21.0,HAMPTON FALLS 1.8 NW
2025-04-13,US1NHRC0089,US1NHRC0089,Spring,,,15.2,,,42.9371,-70.883,21.0,HAMPTON FALLS 1.8 NW
2025-04-14,US1NHRC0089,US1NHRC0089,Spring,,,5.1,,,42.9371,-70.883,21.0,HAMPTON FALLS 1.8 NW
2025-04-15,US1NHRC0089,US1NHRC0089,Spring,,,0.8,,,42.9371,-70.883,21.0,HAMPTON FALLS 1.8 NW
2025-04-16,US1NHRC0089,US1NHRC0089,Spring,,,18.8,,,42.9371,-70.883,21.0,HAMPTON FALLS 1.8 NW
2025-04-17,US1NHRC0089,US1NHRC0089,Spring,,,0.0,0.0,,42.9371,-70.883,21.0,HAMPTON FALLS 1.8 NW
2025-04-18,US1NHRC0089,US1NHRC0089,Spring,,,0.0,0.0,,42.9371,-70.883,21.0,HAMPTON FALLS 1.8 NW
2025-04-19,US1NHRC0089,US1NHRC0089,Spring,,,0.0,0.0,,42.9371,-70.883,21.0,HAMPTON FALLS 1.8 NW
2025-04-20,US1NHRC0089,US1NHRC0089,Spring,,,0.0,,,42.9371,-70.883,21.0,HAMPTON FALLS 1.8 NW
2025-04-21,US1NHRC0089,US1NHRC0089,Spring,,,0.0,0.0,,42.9371,-70.883,21.0,HAMPTON FALLS 1.8 NW
2025-04-22,US1NHRC0089,US1NHRC0089,Spring,,,5.6,,,42.9371,-70.883,21.0,HAMPTON FALLS 1.8 NW
2025-03-29,US1NHRC0094,US1NHRC0094,Spring,,,5.3,,,42.8465,-71.4274,61.6,LONDONDERRY 3.3 W
2025-03-31,US1NHRC0094,US1NHRC0094,Spring,,,3.3,,,42.8465,-71.4274,61.6,LONDONDERRY 3.3 W
2025-04-01,US1NHRC0094,US1NHRC0094,Spring,,,11.7,,,42.8465,-71.4274,61.6,LONDONDERRY 3.3 W
2025-04-03,US1NHRC0094,US1NHRC0094,Spring,,,13.7,,,42.8465,-71.4274,61.6,LONDONDERRY 3.3 W
2025-04-06,US1NHRC0094,US1NHRC0094,Spring,,,10.4,,,42.8465,-71.4274,61.6,LONDONDERRY 3.3 W
2025-04-07,US1NHRC0094,US1NHRC0094,Spring,,,8.1,,,42.8465,-71.4274,61.6,LONDONDERRY 3.3 W
2025-04-08,US1NHRC0094,US1NHRC0094,Spring,,,3.8,,,42.8465,-71.4274,61.6,LONDONDERRY 3.3 W
2025-04-09,US1NHRC0094,US1NHRC0094,Spring,,,3.8,,,42.8465,-71.4274,61.6,LONDONDERRY 3.3 W
2025-04-11,US1NHRC0094,US1NHRC0094,Spring,,,3.0,,,42.8465,-71.4274,61.6,LONDONDERRY 3.3 W
2025-04-12,US1NHRC0094,US1NHRC0094,Spring,,,1.3,13.0,,42.8465,-71.4274,61.6,LONDONDERRY 3.3 W
2025-04-15,US1NHRC0094,US1NHRC0094,Spring,,,1.8,,,42.8465,-71.4274,61.6,LONDONDERRY 3.3 W
2025-04-16,US1NHRC0094,US1NHRC0094,Spring,,,3.6,,,42.8465,-71.4274,61.6,LONDONDERRY 3.3 W
2025-04-22,US1NHRC0094,US1NHRC0094,Spring,,,3.8,0.0,,42.8465,-71.4274,61.6,LONDONDERRY 3.3 W
2025-03-26,US1NHRC0095,US1NHRC0095,Spring,,,2.8,,,43.1036,-71.1096,148.1,NOTTINGHAM 0.9 SSW
2025-03-27,US1NHRC0095,US1NHRC0095,Spring,,,0.0,0.0,,43.1036,-71.1096,148.1,NOTTINGHAM 0.9 SSW
2025-03-28,US1NHRC0095,US1NHRC0095,Spring,,,0.0,0.0,,43.1036,-71.1096,148.1,NOTTINGHAM 0.9 SSW
2025-03-29,US1NHRC0095,US1NHRC0095,Spring,,,2.0,,,43.1036,-71.1096,148.1,NOTTINGHAM 0.9 SSW
2025-03-30,US1NHRC0095,US1NHRC0095,Spring,,,1.8,,,43.1036,-71.1096,148.1,NOTTINGHAM 0.9 SSW
2025-03-31,US1NHRC0095,US1NHRC0095,Spring,,,14.7,,,43.1036,-71.1096,148.1,NOTTINGHAM 0.9 SSW
2025-04-01,US1NHRC0095,US1NHRC0095,Spring,,,11.4,,,43.1036,-71.1096,148.1,NOTTINGHAM 0.9 SSW
2025-04-12,US1NHRC0095,US1NHRC0095,Spring,,,7.9,,,43.1036,-71.1096,148.1,NOTTINGHAM 0.9 SSW
2025-04-13,US1NHRC0095,US1NHRC0095,Spring,,,6.9,,,43.1036,-71.1096,148.1,NOTTINGHAM 0.9 SSW
2025-04-14,US1NHRC0095,US1NHRC0095,Spring,,,1.3,,,43.1036,-71.1096,148.1,NOTTINGHAM 0.9 SSW
2025-04-15,US1NHRC0095,US1NHRC0095,Spring,,,3.0,,,43.1036,-71.1096,148.1,NOTTINGHAM 0.9 SSW
2025-03-26,US1NHRC0098,US1NHRC0098,Spring,,,0.0,0.0,0.0,42.9014,-71.2719,122.2,DERRY 0.9 ENE
2025-03-27,US1NHRC0098,US1NHRC0098,Spring,,,0.0,0.0,0.0,42.9014,-71.2719,122.2,DERRY 0.9 ENE
2025-03-28,US1NHRC0098,US1NHRC0098,Spring,,,0.0,0.0,0.0,42.9014,-71.2719,122.2,DERRY 0.9 ENE
2025-03-29,US1NHRC0098,US1NHRC0098,Spring,,,5.1,0.0,0.0,42.9014,-71.2719,122.2,DERRY 0.9 ENE
2025-03-30,US1NHRC0098,US1NHRC0098,Spring,,,8.1,0.0,0.0,42.9014,-71.2719,122.2,DERRY 0.9 ENE
2025-03-31,US1NHRC0098,US1NHRC0098,Spring,,,3.3,0.0,0.0,42.9014,-71.2719,122.2,DERRY 0.9 ENE
2025-04-01,US1NHRC0098,US1NHRC0098,Spring,,,10.9,0.0,0.0,42.9014,-71.2719,122.2,DERRY 0.9 ENE
2025-04-02,US1NHRC0098,US1NHRC0098,Spring,,,0.0,0.0,0.0,42.9014,-71.2719,122.2,DERRY 0.9 ENE
2025-04-03,US1NHRC0098,US1NHRC0098,Spring,,,16.3,0.0,0.0,42.9014,-71.2719,122.2,DERRY 0.9 ENE
2025-04-04,US1NHRC0098,US1NHRC0098,Spring,,,7.4,0.0,0.0,42.9014,-71.2719,122.2,DERRY 0.9 ENE
2025-04-05,US1NHRC0098,US1NHRC0098,Spring,,,0.0,0.0,0.0,42.9014,-71.2719,122.2,DERRY 0.9 ENE
2025-04-06,US1NHRC0098,US1NHRC0098,Spring,,,10.2,0.0,0.0,42.9014,-71.2719,122.2,DERRY 0.9 ENE
2025-04-07,US1NHRC0098,US1NHRC0098,Spring,,,6.6,0.0,0.0,42.9014,-71.2719,122.2,DERRY 0.9 ENE
2025-04-08,US1NHRC0098,US1NHRC0098,Spring,,,3.6,0.0,0.0,42.9014,-71.2719,122.2,DERRY 0.9 ENE
2025-04-09,US1NHRC0098,US1NHRC0098,Spring,,,1.0,0.0,0.0,42.9014,-71.2719,122.2,DERRY 0.9 ENE
2025-04-10,US1NHRC0098,US1NHRC0098,Spring,,,0.0,0.0,0.0,42.9014,-71.2719,122.2,DERRY 0.9 ENE
2025-04-11,US1NHRC0098,US1NHRC0098,Spring,,,2.3,0.0,0.0,42.9014,-71.2719,122.2,DERRY 0.9 ENE
2025-04-12,US1NHRC0098,US1NHRC0098,Spring,,,7.4,48.0,51.0,42.9014,-71.2719,122.2,DERRY 0.9 ENE
2025-04-13,US1NHRC0098,US1NHRC0098,Spring,,,5.6,20.0,0.0,42.9014,-71.2719,122.2,DERRY 0.9 ENE
2025-04-14,US1NHRC0098,US1NHRC0098,Spring,,,0.8,0.0,0.0,42.9014,-71.2719,122.2,DERRY 0.9 ENE
2025-04-15,US1NHRC0098,US1NHRC0098,Spring,,,1.0,0.0,0.0,42.9014,-71.2719,122.2,DERRY 0.9 ENE
2025-04-16,US1NHRC0098,US1NHRC0098,Spring,,,6.1,,,42.9014,-71.2719,122.2,DERRY 0.9 ENE
2025-04-17,US1NHRC0098,US1NHRC0098,Spring,,,0.0,0.0,,42.9014,-71.2719,122.2,DERRY 0.9 ENE
2025-04-18,US1NHRC0098,US1NHRC0098,Spring,,,0.0,0.0,,42.9014,-71.2719,122.2,DERRY 0.9 ENE
2025-04-19,US1NHRC0098,US1NHRC0098,Spring,,,0.0,0.0,,42.9014,-71.2719,122.2,DERRY 0.9 ENE
2025-04-20,US1NHRC0098,US1NHRC0098,Spring,,,0.8,,,42.9014,-71.2719,122.2,DERRY 0.9 ENE
2025-04-22,US1NHRC0098,US1NHRC0098,Spring,,,4.6,,,42.9014,-71.2719,122.2,DERRY 0.9 ENE
2025-03-26,US1NHRC0099,US1NHRC0099,Spring,,,0.0,0.0,,43.0336,-71.0959,53.9,EPPING 0.9 W
2025-03-27,US1NHRC0099,US1NHRC0099,Spring,,,0.0,0.0,,43.0336,-71.0959,53.9,EPPING 0.9 W
2025-03-28,US1NHRC0099,US1NHRC0099,Spring,,,0.0,0.0,,43.0336,-71.0959,53.9,EPPING 0.9 W
2025-03-30,US1NHRC0099,US1NHRC0099,Spring,,,9.1,,,43.0336,-71.0959,53.9,EPPING 0.9 W
2025-03-31,US1NHRC0099,US1NHRC0099,Spring,,,3.0,,,43.0336,-71.0959,53.9,EPPING 0.9 W
2025-04-01,US1NHRC0099,US1NHRC0099,Spring,,,10.9,,,43.0336,-71.0959,53.9,EPPING 0.9 W
2025-04-02,US1NHRC0099,US1NHRC0099,Spring,,,0.0,0.0,,43.0336,-71.0959,53.9,EPPING 0.9 W
2025-04-03,US1NHRC0099,US1NHRC0099,Spring,,,17.3,,,43.0336,-71.0959,53.9,EPPING 0.9 W
2025-04-04,US1NHRC0099,US1NHRC0099,Spring,,,6.9,,,43.0336,-71.0959,53.9,EPPING 0.9 W
2025-04-05,US1NHRC0099,US1NHRC0099,Spring,,,0.0,0.0,,43.0336,-71.0959,53.9,EPPING 0.9 W
2025-04-06,US1NHRC0099,US1NHRC0099,Spring,,,13.0,,,43.0336,-71.0959,53.9,EPPING 0.9 W
2025-04-07,US1NHRC0099,US1NHRC0099,Spring,,,4.1,,,43.0336,-71.0959,53.9,EPPING 0.9 W
2025-04-08,US1NHRC0099,US1NHRC0099,Spring,,,2.3,,,43.0336,-71.0959,53.9,EPPING 0.9 W
2025-04-09,US1NHRC0099,US1NHRC0099,Spring,,,2.8,,,43.0336,-71.0959,53.9,EPPING 0.9 W
2025-04-10,US1NHRC0099,US1NHRC0099,Spring,,,0.0,0.0,,43.0336,-71.0959,53.9,EPPING 0.9 W
2025-04-11,US1NHRC0099,US1NHRC0099,Spring,,,0.0,,,43.0336,-71.0959,53.9,EPPING 0.9 W
2025-04-14,US1NHRC0099,US1NHRC0099,Spring,,,2.8,,,43.0336,-71.0959,53.9,EPPING 0.9 W
2025-04-15,US1NHRC0099,US1NHRC0099,Spring,,,0.0,0.0,,43.0336,-71.0959,53.9,EPPING 0.9 W
2025-04-16,US1NHRC0099,US1NHRC0099,Spring,,,4.6,,,43.0336,-71.0959,53.9,EPPING 0.9 W
2025-04-17,US1NHRC0099,US1NHRC0099,Spring,,,0.5,,,43.0336,-71.0959,53.9,EPPING 0.9 W
2025-04-18,US1NHRC0099,US1NHRC0099,Spring,,,0.0,0.0,,43.0336,-71.0959,53.9,EPPING 0.9 W
2025-04-19,US1NHRC0099,US1NHRC0099,Spring,,,0.0,0.0,,43.0336,-71.0959,53.9,EPPING 0.9 W
2025-04-20,US1NHRC0099,US1NHRC0099,Spring,,,0.8,,,43.0336,-71.0959,53.9,EPPING 0.9 W
2025-04-21,US1NHRC0099,US1NHRC0099,Spring,,,0.0,0.0,,43.0336,-71.0959,53.9,EPPING 0.9 W
2025-04-22,US1NHRC0099,US1NHRC0099,Spring,,,3.3,,,43.0336,-71.0959,53.9,EPPING 0.9 W
2025-03-26,US1NHRC0101,US1NHRC0101,Spring,,,0.0,0.0,0.0,43.058,-71.0641,75.6,EPPING 2.0 NNE
2025-03-27,US1NHRC0101,US1NHRC0101,Spring,,,0.0,0.0,0.0,43.058,-71.0641,75.6,EPPING 2.0 NNE
2025-03-28,US1NHRC0101,US1NHRC0101,Spring,,,0.0,0.0,0.0,43.058,-71.0641,75.6,EPPING 2.0 NNE
2025-03-29,US1NHRC0101,US1NHRC0101,Spring,,,5.3,3.0,0.0,43.058,-71.0641,75.6,EPPING 2.0 NNE
2025-03-30,US1NHRC0101,US1NHRC0101,Spring,,,8.4,0.0,0.0,43.058,-71.0641,75.6,EPPING 2.0 NNE
2025-03-31,US1NHRC0101,US1NHRC0101,Spring,,,4.6,0.0,0.0,43.058,-71.0641,75.6,EPPING 2.0 NNE
2025-04-01,US1NHRC0101,US1NHRC0101,Spring,,,11.4,0.0,0.0,43.058,-71.0641,75.6,EPPING 2.0 NNE
2025-04-02,US1NHRC0101,US1NHRC0101,Spring,,,0.0,0.0,0.0,43.058,-71.0641,75.6,EPPING 2.0 NNE
2025-04-03,US1NHRC0101,US1NHRC0101,Spring,,,16.8,0.0,0.0,43.058,-71.0641,75.6,EPPING 2.0 NNE
2025-04-04,US1NHRC0101,US1NHRC0101,Spring,,,6.6,0.0,0.0,43.058,-71.0641,75.6,EPPING 2.0 NNE
2025-04-05,US1NHRC0101,US1NHRC0101,Spring,,,0.0,0.0,0.0,43.058,-71.0641,75.6,EPPING 2.0 NNE
2025-04-06,US1NHRC0101,US1NHRC0101,Spring,,,10.2,0.0,0.0,43.058,-71.0641,75.6,EPPING 2.0 NNE
2025-04-07,US1NHRC0101,US1NHRC0101,Spring,,,4.3,0.0,0.0,43.058,-71.0641,75.6,EPPING 2.0 NNE
2025-04-08,US1NHRC0101,US1NHRC0101,Spring,,,1.5,0.0,0.0,43.058,-71.0641,75.6,EPPING 2.0 NNE
2025-04-09,US1NHRC0101,US1NHRC0101,Spring,,,2.5,0.0,0.0,43.058,-71.0641,75.6,EPPING 2.0 NNE
2025-04-10,US1NHRC0101,US1NHRC0101,Spring,,,0.0,0.0,0.0,43.058,-71.0641,75.6,EPPING 2.0 NNE
2025-04-11,US1NHRC0101,US1NHRC0101,Spring,,,2.8,8.0,0.0,43.058,-71.0641,75.6,EPPING 2.0 NNE
2025-04-12,US1NHRC0101,US1NHRC0101,Spring,,,8.6,74.0,64.0,43.058,-71.0641,75.6,EPPING 2.0 NNE
2025-04-13,US1NHRC0101,US1NHRC0101,Spring,,,2.5,28.0,0.0,43.058,-71.0641,75.6,EPPING 2.0 NNE
2025-04-14,US1NHRC0101,US1NHRC0101,Spring,,,2.8,0.0,0.0,43.058,-71.0641,75.6,EPPING 2.0 NNE
2025-04-15,US1NHRC0101,US1NHRC0101,Spring,,,2.8,0.0,0.0,43.058,-71.0641,75.6,EPPING 2.0 NNE
2025-04-16,US1NHRC0101,US1NHRC0101,Spring,,,2.5,0.0,0.0,43.058,-71.0641,75.6,EPPING 2.0 NNE
2025-04-17,US1NHRC0101,US1NHRC0101,Spring,,,0.0,0.0,0.0,43.058,-71.0641,75.6,EPPING 2.0 NNE
2025-04-18,US1NHRC0101,US1NHRC0101,Spring,,,0.0,0.0,0.0,43.058,-71.0641,75.6,EPPING 2.0 NNE
2025-04-19,US1NHRC0101,US1NHRC0101,Spring,,,0.0,0.0,0.0,43.058,-71.0641,75.6,EPPING 2.0 NNE
2025-04-20,US1NHRC0101,US1NHRC0101,Spring,,,0.8,0.0,0.0,43.058,-71.0641,75.6,EPPING 2.0 NNE
2025-04-21,US1NHRC0101,US1NHRC0101,Spring,,,0.0,0.0,0.0,43.058,-71.0641,75.6,EPPING 2.0 NNE
2025-03-29,US1NHRC0102,US1NHRC0102,Spring,,,4.3,,,43.0206,-71.1908,81.1,RAYMOND 1.2 SW
2025-04-01,US1NHRC0102,US1NHRC0102,Spring,,,12.4,,,43.0206,-71.1908,81.1,RAYMOND 1.2 SW
2025-04-02,US1NHRC0102,US1NHRC0102,Spring,,,0.0,0.0,,43.0206,-71.1908,81.1,RAYMOND 1.2 SW
2025-04-03,US1NHRC0102,US1NHRC0102,Spring,,,23.4,,,43.0206,-71.1908,81.1,RAYMOND 1.2 SW
2025-04-04,US1NHRC0102,US1NHRC0102,Spring,,,0.0,0.0,,43.0206,-71.1908,81.1,RAYMOND 1.2 SW
2025-04-05,US1NHRC0102,US1NHRC0102,Spring,,,0.0,0.0,,43.0206,-71.1908,81.1,RAYMOND 1.2 SW
2025-04-06,US1NHRC0102,US1NHRC0102,Spring,,,12.2,,,43.0206,-71.1908,81.1,RAYMOND 1.2 SW
2025-04-08,US1NHRC0102,US1NHRC0102,Spring,,,1.3,,,43.0206,-71.1908,81.1,RAYMOND 1.2 SW
2025-04-09,US1NHRC0102,US1NHRC0102,Spring,,,2.3,,,43.0206,-71.1908,81.1,RAYMOND 1.2 SW
2025-04-10,US1NHRC0102,US1NHRC0102,Spring,,,0.0,0.0,,43.0206,-71.1908,81.1,RAYMOND 1.2 SW
2025-04-14,US1NHRC0102,US1NHRC0102,Spring,,,1.5,,,43.0206,-71.1908,81.1,RAYMOND 1.2 SW
2025-04-15,US1NHRC0102,US1NHRC0102,Spring,,,2.0,,,43.0206,-71.1908,81.1,RAYMOND 1.2 SW
2025-04-16,US1NHRC0102,US1NHRC0102,Spring,,,3.0,,,43.0206,-71.1908,81.1,RAYMOND 1.2 SW
2025-04-17,US1NHRC0102,US1NHRC0102,Spring,,,0.0,0.0,,43.0206,-71.1908,81.1,RAYMOND 1.2 SW
2025-04-18,US1NHRC0102,US1NHRC0102,Spring,,,0.0,0.0,,43.0206,-71.1908,81.1,RAYMOND 1.2 SW
2025-04-19,US1NHRC0102,US1NHRC0102,Spring,,,0.0,0.0,,43.0206,-71.1908,81.1,RAYMOND 1.2 SW
2025-04-20,US1NHRC0102,US1NHRC0102,Spring,,,1.0,,,43.0206,-71.1908,81.1,RAYMOND 1.2 SW
2025-04-21,US1NHRC0102,US1NHRC0102,Spring,,,0.0,0.0,,43.0206,-71.1908,81.1,RAYMOND 1.2 SW
2025-04-22,US1NHRC0102,US1NHRC0102,Spring,,,3.3,,,43.0206,-71.1908,81.1,RAYMOND 1.2 SW
2025-03-26,US1NHSL0003,US1NHSL0003,Spring,,,0.0,0.0,0.0,43.2865,-72.3297,275.8,WEST UNITY 0.7 WSW
2025-03-27,US1NHSL0003,US1NHSL0003,Spring,,,0.0,0.0,0.0,43.2865,-72.3297,275.8,WEST UNITY 0.7 WSW
2025-03-28,US1NHSL0003,US1NHSL0003,Spring,,,0.0,0.0,0.0,43.2865,-72.3297,275.8,WEST UNITY 0.7 WSW
2025-03-29,US1NHSL0003,US1NHSL0003,Spring,,,10.4,0.0,0.0,43.2865,-72.3297,275.8,WEST UNITY 0.7 WSW
2025-03-30,US1NHSL0003,US1NHSL0003,Spring,,,16.5,0.0,0.0,43.2865,-72.3297,275.8,WEST UNITY 0.7 WSW
2025-03-31,US1NHSL0003,US1NHSL0003,Spring,,,4.6,,0.0,43.2865,-72.3297,275.8,WEST UNITY 0.7 WSW
2025-04-01,US1NHSL0003,US1NHSL0003,Spring,,,1.8,,,43.2865,-72.3297,275.8,WEST UNITY 0.7 WSW
2025-04-02,US1NHSL0003,US1NHSL0003,Spring,,,0.0,0.0,,43.2865,-72.3297,275.8,WEST UNITY 0.7 WSW
2025-04-03,US1NHSL0003,US1NHSL0003,Spring,,,11.9,0.0,0.0,43.2865,-72.3297,275.8,WEST UNITY 0.7 WSW
2025-04-04,US1NHSL0003,US1NHSL0003,Spring,,,0.0,0.0,,43.2865,-72.3297,275.8,WEST UNITY 0.7 WSW
2025-04-05,US1NHSL0003,US1NHSL0003,Spring,,,0.0,0.0,,43.2865,-72.3297,275.8,WEST UNITY 0.7 WSW
2025-04-06,US1NHSL0003,US1NHSL0003,Spring,,,7.4,,,43.2865,-72.3297,275.8,WEST UNITY 0.7 WSW
2025-04-07,US1NHSL0003,US1NHSL0003,Spring,,,1.3,13.0,13.0,43.2865,-72.3297,275.8,WEST UNITY 0.7 WSW
2025-04-08,US1NHSL0003,US1NHSL0003,Spring,,,1.3,25.0,13.0,43.2865,-72.3297,275.8,WEST UNITY 0.7 WSW
2025-04-09,US1NHSL0003,US1NHSL0003,Spring,,,0.3,0.0,,43.2865,-72.3297,275.8,WEST UNITY 0.7 WSW
2025-04-10,US1NHSL0003,US1NHSL0003,Spring,,,0.0,0.0,,43.2865,-72.3297,275.8,WEST UNITY 0.7 WSW
2025-04-11,US1NHSL0003,US1NHSL0003,Spring,,,1.0,0.0,0.0,43.2865,-72.3297,275.8,WEST UNITY 0.7 WSW
2025-04-12,US1NHSL0003,US1NHSL0003,Spring,,,0.0,13.0,,43.2865,-72.3297,275.8,WEST UNITY 0.7 WSW
2025-04-13,US1NHSL0003,US1NHSL0003,Spring,,,3.8,51.0,0.0,43.2865,-72.3297,275.8,WEST UNITY 0.7 WSW
2025-04-14,US1NHSL0003,US1NHSL0003,Spring,,,0.0,0.0,,43.2865,-72.3297,275.8,WEST UNITY 0.7 WSW
2025-04-15,US1NHSL0003,US1NHSL0003,Spring,,,2.8,,,43.2865,-72.3297,275.8,WEST UNITY 0.7 WSW
2025-04-16,US1NHSL0003,US1NHSL0003,Spring,,,0.0,0.0,,43.2865,-72.3297,275.8,WEST UNITY 0.7 WSW
2025-04-17,US1NHSL0003,US1NHSL0003,Spring,,,0.0,0.0,,43.2865,-72.3297,275.8,WEST UNITY 0.7 WSW
2025-04-18,US1NHSL0003,US1NHSL0003,Spring,,,0.0,0.0,,43.2865,-72.3297,275.8,WEST UNITY 0.7 WSW
2025-04-19,US1NHSL0003,US1NHSL0003,Spring,,,0.0,,,43.2865,-72.3297,275.8,WEST UNITY 0.7 WSW
2025-04-20,US1NHSL0003,US1NHSL0003,Spring,,,2.5,,,43.2865,-72.3297,275.8,WEST UNITY 0.7 WSW
2025-04-21,US1NHSL0003,US1NHSL0003,Spring,,,0.0,0.0,,43.2865,-72.3297,275.8,WEST UNITY 0.7 WSW
2025-04-22,US1NHSL0003,US1NHSL0003,Spring,,,2.5,,,43.2865,-72.3297,275.8,WEST UNITY 0.7 WSW
2025-03-26,US1NHSL0008,US1NHSL0008,Spring,,,0.0,0.0,,43.4201,-72.091,418.5,SUNAPEE 2.3 N
2025-03-27,US1NHSL0008,US1NHSL0008,Spring,,,0.0,0.0,,43.4201,-72.091,418.5,SUNAPEE 2.3 N
2025-03-28,US1NHSL0008,US1NHSL0008,Spring,,,0.0,0.0,,43.4201,-72.091,418.5,SUNAPEE 2.3 N
2025-03-29,US1NHSL0008,US1NHSL0008,Spring,,,9.7,8.0,,43.4201,-72.091,418.5,SUNAPEE 2.3 N
2025-03-30,US1NHSL0008,US1NHSL0008,Spring,,,15.5,,,43.4201,-72.091,418.5,SUNAPEE 2.3 N
2025-03-31,US1NHSL0008,US1NHSL0008,Spring,,,6.1,,,43.4201,-72.091,418.5,SUNAPEE 2.3 N
2025-04-01,US1NHSL0008,US1NHSL0008,Spring,,,4.6,,,43.4201,-72.091,418.5,SUNAPEE 2.3 N
2025-04-02,US1NHSL0008,US1NHSL0008,Spring,,,0.0,0.0,,43.4201,-72.091,418.5,SUNAPEE 2.3 N
2025-04-03,US1NHSL0008,US1NHSL0008,Spring,,,11.4,10.0,,43.4201,-72.091,418.5,SUNAPEE 2.3 N
2025-04-04,US1NHSL0008,US1NHSL0008,Spring,,,2.5,,,43.4201,-72.091,418.5,SUNAPEE 2.3 N
2025-04-05,US1NHSL0008,US1NHSL0008,Spring,,,0.0,0.0,,43.4201,-72.091,418.5,SUNAPEE 2.3 N
2025-04-06,US1NHSL0008,US1NHSL0008,Spring,,,9.4,,,43.4201,-72.091,418.5,SUNAPEE 2.3 N
2025-04-07,US1NHSL0008,US1NHSL0008,Spring,,,0.0,0.0,,43.4201,-72.091,418.5,SUNAPEE 2.3 N
2025-04-08,US1NHSL0008,US1NHSL0008,Spring,,,1.0,8.0,,43.4201,-72.091,418.5,SUNAPEE 2.3 N
2025-04-09,US1NHSL0008,US1NHSL0008,Spring,,,1.5,,,43.4201,-72.091,418.5,SUNAPEE 2.3 N
2025-04-10,US1NHSL0008,US1NHSL0008,Spring,,,0.0,0.0,,43.4201,-72.091,418.5,SUNAPEE 2.3 N
2025-04-11,US1NHSL0008,US1NHSL0008,Spring,,,2.5,25.0,,43.4201,-72.091,418.5,SUNAPEE 2.3 N
2025-04-12,US1NHSL0008,US1NHSL0008,Spring,,,5.3,61.0,,43.4201,-72.091,418.5,SUNAPEE 2.3 N
2025-04-13,US1NHSL0008,US1NHSL0008,Spring,,,3.8,,,43.4201,-72.091,418.5,SUNAPEE 2.3 N
2025-04-14,US1NHSL0008,US1NHSL0008,Spring,,,0.0,0.0,,43.4201,-72.091,418.5,SUNAPEE 2.3 N
2025-04-15,US1NHSL0008,US1NHSL0008,Spring,,,3.3,,,43.4201,-72.091,418.5,SUNAPEE 2.3 N
2025-04-16,US1NHSL0008,US1NHSL0008,Spring,,,0.0,0.0,,43.4201,-72.091,418.5,SUNAPEE 2.3 N
2025-04-17,US1NHSL0008,US1NHSL0008,Spring,,,0.0,0.0,,43.4201,-72.091,418.5,SUNAPEE 2.3 N
2025-04-18,US1NHSL0008,US1NHSL0008,Spring,,,0.0,0.0,,43.4201,-72.091,418.5,SUNAPEE 2.3 N
2025-04-19,US1NHSL0008,US1NHSL0008,Spring,,,0.0,0.0,,43.4201,-72.091,418.5,SUNAPEE 2.3 N
2025-04-20,US1NHSL0008,US1NHSL0008,Spring,,,0.8,0.0,,43.4201,-72.091,418.5,SUNAPEE 2.3 N
2025-04-21,US1NHSL0008,US1NHSL0008,Spring,,,0.0,0.0,,43.4201,-72.091,418.5,SUNAPEE 2.3 N
2025-03-26,US1NHSL0015,US1NHSL0015,Spring,,,0.0,0.0,,43.4697,-72.349,192.3,CORNISH 1.1 ENE
2025-03-27,US1NHSL0015,US1NHSL0015,Spring,,,0.0,0.0,,43.4697,-72.349,192.3,CORNISH 1.1 ENE
2025-03-28,US1NHSL0015,US1NHSL0015,Spring,,,0.0,0.0,,43.4697,-72.349,192.3,CORNISH 1.1 ENE
2025-03-29,US1NHSL0015,US1NHSL0015,Spring,,,8.9,0.0,,43.4697,-72.349,192.3,CORNISH 1.1 ENE
2025-03-30,US1NHSL0015,US1NHSL0015,Spring,,,10.9,,,43.4697,-72.349,192.3,CORNISH 1.1 ENE
2025-03-31,US1NHSL0015,US1NHSL0015,Spring,,,5.1,,,43.4697,-72.349,192.3,CORNISH 1.1 ENE
2025-04-01,US1NHSL0015,US1NHSL0015,Spring,,,1.5,,,43.4697,-72.349,192.3,CORNISH 1.1 ENE
2025-04-02,US1NHSL0015,US1NHSL0015,Spring,,,0.0,0.0,,43.4697,-72.349,192.3,CORNISH 1.1 ENE
2025-04-03,US1NHSL0015,US1NHSL0015,Spring,,,10.9,,,43.4697,-72.349,192.3,CORNISH 1.1 ENE
2025-04-04,US1NHSL0015,US1NHSL0015,Spring,,,2.0,,,43.4697,-72.349,192.3,CORNISH 1.1 ENE
2025-04-05,US1NHSL0015,US1NHSL0015,Spring,,,0.0,0.0,,43.4697,-72.349,192.3,CORNISH 1.1 ENE
2025-04-06,US1NHSL0015,US1NHSL0015,Spring,,,5.1,,,43.4697,-72.349,192.3,CORNISH 1.1 ENE
2025-04-07,US1NHSL0015,US1NHSL0015,Spring,,,0.0,0.0,,43.4697,-72.349,192.3,CORNISH 1.1 ENE
2025-04-08,US1NHSL0015,US1NHSL0015,Spring,,,0.0,0.0,,43.4697,-72.349,192.3,CORNISH 1.1 ENE
2025-04-09,US1NHSL0015,US1NHSL0015,Spring,,,0.8,0.0,,43.4697,-72.349,192.3,CORNISH 1.1 ENE
2025-04-10,US1NHSL0015,US1NHSL0015,Spring,,,0.0,0.0,,43.4697,-72.349,192.3,CORNISH 1.1 ENE
2025-04-11,US1NHSL0015,US1NHSL0015,Spring,,,0.5,,,43.4697,-72.349,192.3,CORNISH 1.1 ENE
2025-04-12,US1NHSL0015,US1NHSL0015,Spring,,,0.3,,,43.4697,-72.349,192.3,CORNISH 1.1 ENE
2025-04-13,US1NHSL0015,US1NHSL0015,Spring,,,6.1,25.0,,43.4697,-72.349,192.3,CORNISH 1.1 ENE
2025-04-14,US1NHSL0015,US1NHSL0015,Spring,,,0.0,0.0,,43.4697,-72.349,192.3,CORNISH 1.1 ENE
2025-04-15,US1NHSL0015,US1NHSL0015,Spring,,,1.5,,,43.4697,-72.349,192.3,CORNISH 1.1 ENE
2025-04-16,US1NHSL0015,US1NHSL0015,Spring,,,0.0,0.0,,43.4697,-72.349,192.3,CORNISH 1.1 ENE
2025-04-17,US1NHSL0015,US1NHSL0015,Spring,,,0.0,,,43.4697,-72.349,192.3,CORNISH 1.1 ENE
2025-04-18,US1NHSL0015,US1NHSL0015,Spring,,,0.0,0.0,,43.4697,-72.349,192.3,CORNISH 1.1 ENE
2025-04-19,US1NHSL0015,US1NHSL0015,Spring,,,0.0,0.0,,43.4697,-72.349,192.3,CORNISH 1.1 ENE
2025-04-20,US1NHSL0015,US1NHSL0015,Spring,,,1.3,,,43.4697,-72.349,192.3,CORNISH 1.1 ENE
2025-04-21,US1NHSL0015,US1NHSL0015,Spring,,,0.0,0.0,,43.4697,-72.349,192.3,CORNISH 1.1 ENE
2025-04-22,US1NHSL0015,US1NHSL0015,Spring,,,2.3,,,43.4697,-72.349,192.3,CORNISH 1.1 ENE
2025-04-01,US1NHST0014,US1NHST0014,Spring,,,10.7,0.0,0.0,43.2258,-70.8927,60.7,DOVER 2.5 N
2025-04-02,US1NHST0014,US1NHST0014,Spring,,,0.0,0.0,0.0,43.2258,-70.8927,60.7,DOVER 2.5 N
2025-04-03,US1NHST0014,US1NHST0014,Spring,,,12.7,0.0,0.0,43.2258,-70.8927,60.7,DOVER 2.5 N
2025-04-04,US1NHST0014,US1NHST0014,Spring,,,9.7,0.0,0.0,43.2258,-70.8927,60.7,DOVER 2.5 N
2025-04-05,US1NHST0014,US1NHST0014,Spring,,,0.0,0.0,0.0,43.2258,-70.8927,60.7,DOVER 2.5 N
2025-04-06,US1NHST0014,US1NHST0014,Spring,,,8.6,0.0,0.0,43.2258,-70.8927,60.7,DOVER 2.5 N
2025-04-07,US1NHST0014,US1NHST0014,Spring,,,4.8,0.0,0.0,43.2258,-70.8927,60.7,DOVER 2.5 N
2025-04-08,US1NHST0014,US1NHST0014,Spring,,,1.0,0.0,0.0,43.2258,-70.8927,60.7,DOVER 2.5 N
2025-04-09,US1NHST0014,US1NHST0014,Spring,,,2.5,0.0,0.0,43.2258,-70.8927,60.7,DOVER 2.5 N
2025-04-10,US1NHST0014,US1NHST0014,Spring,,,0.0,0.0,0.0,43.2258,-70.8927,60.7,DOVER 2.5 N
2025-04-11,US1NHST0014,US1NHST0014,Spring,,,2.8,0.0,0.0,43.2258,-70.8927,60.7,DOVER 2.5 N
2025-03-26,US1NHST0031,US1NHST0031,Spring,,,0.0,0.0,13.0,43.3117,-71.1351,281.9,STRAFFORD 2.9 N
2025-03-27,US1NHST0031,US1NHST0031,Spring,,,0.0,0.0,0.0,43.3117,-71.1351,281.9,STRAFFORD 2.9 N
2025-03-28,US1NHST0031,US1NHST0031,Spring,,,0.0,0.0,,43.3117,-71.1351,281.9,STRAFFORD 2.9 N
2025-03-29,US1NHST0031,US1NHST0031,Spring,,,0.0,0.0,0.0,43.3117,-71.1351,281.9,STRAFFORD 2.9 N
2025-03-30,US1NHST0031,US1NHST0031,Spring,,,13.2,0.0,0.0,43.3117,-71.1351,281.9,STRAFFORD 2.9 N
2025-03-31,US1NHST0031,US1NHST0031,Spring,,,4.1,0.0,0.0,43.3117,-71.1351,281.9,STRAFFORD 2.9 N
2025-04-01,US1NHST0031,US1NHST0031,Spring,,,8.1,,,43.3117,-71.1351,281.9,STRAFFORD 2.9 N
2025-04-02,US1NHST0031,US1NHST0031,Spring,,,0.0,0.0,,43.3117,-71.1351,281.9,STRAFFORD 2.9 N
2025-04-03,US1NHST0031,US1NHST0031,Spring,,,18.8,0.0,0.0,43.3117,-71.1351,281.9,STRAFFORD 2.9 N
2025-04-04,US1NHST0031,US1NHST0031,Spring,,,3.3,,,43.3117,-71.1351,281.9,STRAFFORD 2.9 N
2025-04-05,US1NHST0031,US1NHST0031,Spring,,,0.0,0.0,,43.3117,-71.1351,281.9,STRAFFORD 2.9 N
2025-04-06,US1NHST0031,US1NHST0031,Spring,,,11.4,,,43.3117,-71.1351,281.9,STRAFFORD 2.9 N
2025-04-07,US1NHST0031,US1NHST0031,Spring,,,3.6,0.0,0.0,43.3117,-71.1351,281.9,STRAFFORD 2.9 N
2025-04-08,US1NHST0031,US1NHST0031,Spring,,,1.5,0.0,0.0,43.3117,-71.1351,281.9,STRAFFORD 2.9 N
2025-04-09,US1NHST0031,US1NHST0031,Spring,,,3.0,,,43.3117,-71.1351,281.9,STRAFFORD 2.9 N
2025-04-10,US1NHST0031,US1NHST0031,Spring,,,0.0,0.0,,43.3117,-71.1351,281.9,STRAFFORD 2.9 N
2025-04-11,US1NHST0031,US1NHST0031,Spring,,,3.8,13.0,13.0,43.3117,-71.1351,281.9,STRAFFORD 2.9 N
2025-04-12,US1NHST0031,US1NHST0031,Spring,,,2.5,25.0,25.0,43.3117,-71.1351,281.9,STRAFFORD 2.9 N
2025-04-13,US1NHST0031,US1NHST0031,Spring,,,9.4,38.0,38.0,43.3117,-71.1351,281.9,STRAFFORD 2.9 N
2025-04-14,US1NHST0031,US1NHST0031,Spring,,,5.1,,0.0,43.3117,-71.1351,281.9,STRAFFORD 2.9 N
2025-04-15,US1NHST0031,US1NHST0031,Spring,,,6.4,,,43.3117,-71.1351,281.9,STRAFFORD 2.9 N
2025-04-16,US1NHST0031,US1NHST0031,Spring,,,7.1,,,43.3117,-71.1351,281.9,STRAFFORD 2.9 N
2025-04-17,US1NHST0031,US1NHST0031,Spring,,,0.0,0.0,,43.3117,-71.1351,281.9,STRAFFORD 2.9 N
2025-04-18,US1NHST0031,US1NHST0031,Spring,,,0.0,0.0,,43.3117,-71.1351,281.9,STRAFFORD 2.9 N
2025-04-19,US1NHST0031,US1NHST0031,Spring,,,0.0,,,43.3117,-71.1351,281.9,STRAFFORD 2.9 N
2025-04-20,US1NHST0031,US1NHST0031,Spring,,,5.8,,,43.3117,-71.1351,281.9,STRAFFORD 2.9 N
2025-04-21,US1NHST0031,US1NHST0031,Spring,,,0.0,0.0,,43.3117,-71.1351,281.9,STRAFFORD 2.9 N
2025-04-22,US1NHST0031,US1NHST0031,Spring,,,4.1,,,43.3117,-71.1351,281.9,STRAFFORD 2.9 N
2025-03-26,US1NHST0037,US1NHST0037,Spring,,,0.0,0.0,,43.2229,-70.8553,41.8,ROLLINSFORD 2.0 WSW
2025-03-27,US1NHST0037,US1NHST0037,Spring,,,0.0,0.0,,43.2229,-70.8553,41.8,ROLLINSFORD 2.0 WSW
2025-03-28,US1NHST0037,US1NHST0037,Spring,,,0.0,0.0,,43.2229,-70.8553,41.8,ROLLINSFORD 2.0 WSW
2025-03-29,US1NHST0037,US1NHST0037,Spring,,,1.8,,,43.2229,-70.8553,41.8,ROLLINSFORD 2.0 WSW
2025-03-30,US1NHST0037,US1NHST0037,Spring,,,3.8,,,43.2229,-70.8553,41.8,ROLLINSFORD 2.0 WSW
2025-03-31,US1NHST0037,US1NHST0037,Spring,,,6.4,,,43.2229,-70.8553,41.8,ROLLINSFORD 2.0 WSW
2025-04-01,US1NHST0037,US1NHST0037,Spring,,,10.9,,,43.2229,-70.8553,41.8,ROLLINSFORD 2.0 WSW
2025-04-02,US1NHST0037,US1NHST0037,Spring,,,0.0,0.0,,43.2229,-70.8553,41.8,ROLLINSFORD 2.0 WSW
2025-04-03,US1NHST0037,US1NHST0037,Spring,,,12.7,,,43.2229,-70.8553,41.8,ROLLINSFORD 2.0 WSW
2025-04-04,US1NHST0037,US1NHST0037,Spring,,,9.4,,,43.2229,-70.8553,41.8,ROLLINSFORD 2.0 WSW
2025-04-05,US1NHST0037,US1NHST0037,Spring,,,0.0,0.0,,43.2229,-70.8553,41.8,ROLLINSFORD 2.0 WSW
2025-04-06,US1NHST0037,US1NHST0037,Spring,,,8.4,,,43.2229,-70.8553,41.8,ROLLINSFORD 2.0 WSW
2025-04-07,US1NHST0037,US1NHST0037,Spring,,,5.6,,,43.2229,-70.8553,41.8,ROLLINSFORD 2.0 WSW
2025-04-08,US1NHST0037,US1NHST0037,Spring,,,1.0,,,43.2229,-70.8553,41.8,ROLLINSFORD 2.0 WSW
2025-04-09,US1NHST0037,US1NHST0037,Spring,,,2.5,,,43.2229,-70.8553,41.8,ROLLINSFORD 2.0 WSW
2025-04-10,US1NHST0037,US1NHST0037,Spring,,,0.0,0.0,,43.2229,-70.8553,41.8,ROLLINSFORD 2.0 WSW
2025-04-11,US1NHST0037,US1NHST0037,Spring,,,2.3,,,43.2229,-70.8553,41.8,ROLLINSFORD 2.0 WSW
2025-04-12,US1NHST0037,US1NHST0037,Spring,,,6.4,10.0,,43.2229,-70.8553,41.8,ROLLINSFORD 2.0 WSW
2025-04-13,US1NHST0037,US1NHST0037,Spring,,,8.1,,,43.2229,-70.8553,41.8,ROLLINSFORD 2.0 WSW
2025-04-14,US1NHST0037,US1NHST0037,Spring,,,4.6,,,43.2229,-70.8553,41.8,ROLLINSFORD 2.0 WSW
2025-04-15,US1NHST0037,US1NHST0037,Spring,,,5.8,,,43.2229,-70.8553,41.8,ROLLINSFORD 2.0 WSW
2025-04-16,US1NHST0037,US1NHST0037,Spring,,,1.8,,,43.2229,-70.8553,41.8,ROLLINSFORD 2.0 WSW
2025-04-17,US1NHST0037,US1NHST0037,Spring,,,0.0,0.0,,43.2229,-70.8553,41.8,ROLLINSFORD 2.0 WSW
2025-04-18,US1NHST0037,US1NHST0037,Spring,,,0.0,0.0,,43.2229,-70.8553,41.8,ROLLINSFORD 2.0 WSW
2025-04-19,US1NHST0037,US1NHST0037,Spring,,,0.0,0.0,,43.2229,-70.8553,41.8,ROLLINSFORD 2.0 WSW
2025-04-20,US1NHST0037,US1NHST0037,Spring,,,1.3,,,43.2229,-70.8553,41.8,ROLLINSFORD 2.0 WSW
2025-04-21,US1NHST0037,US1NHST0037,Spring,,,0.0,0.0,,43.2229,-70.8553,41.8,ROLLINSFORD 2.0 WSW
2025-04-22,US1NHST0037,US1NHST0037,Spring,,,6.1,,,43.2229,-70.8553,41.8,ROLLINSFORD 2.0 WSW
2025-03-26,US1NHST0040,US1NHST0040,Spring,,,0.0,0.0,,43.2135,-70.9847,80.8,BARRINGTON 3.2 E
2025-03-27,US1NHST0040,US1NHST0040,Spring,,,0.0,0.0,,43.2135,-70.9847,80.8,BARRINGTON 3.2 E
2025-03-28,US1NHST0040,US1NHST0040,Spring,,,0.0,0.0,,43.2135,-70.9847,80.8,BARRINGTON 3.2 E
2025-03-29,US1NHST0040,US1NHST0040,Spring,,,0.0,,,43.2135,-70.9847,80.8,BARRINGTON 3.2 E
2025-03-30,US1NHST0040,US1NHST0040,Spring,,,7.9,,,43.2135,-70.9847,80.8,BARRINGTON 3.2 E
2025-03-31,US1NHST0040,US1NHST0040,Spring,,,7.6,,,43.2135,-70.9847,80.8,BARRINGTON 3.2 E
2025-04-01,US1NHST0040,US1NHST0040,Spring,,,10.7,,,43.2135,-70.9847,80.8,BARRINGTON 3.2 E
2025-04-02,US1NHST0040,US1NHST0040,Spring,,,0.0,0.0,,43.2135,-70.9847,80.8,BARRINGTON 3.2 E
2025-04-03,US1NHST0040,US1NHST0040,Spring,,,11.2,,,43.2135,-70.9847,80.8,BARRINGTON 3.2 E
2025-04-04,US1NHST0040,US1NHST0040,Spring,,,9.9,0.0,,43.2135,-70.9847,80.8,BARRINGTON 3.2 E
2025-04-05,US1NHST0040,US1NHST0040,Spring,,,0.0,0.0,,43.2135,-70.9847,80.8,BARRINGTON 3.2 E
2025-04-06,US1NHST0040,US1NHST0040,Spring,,,8.6,,,43.2135,-70.9847,80.8,BARRINGTON 3.2 E
2025-04-07,US1NHST0040,US1NHST0040,Spring,,,3.6,,,43.2135,-70.9847,80.8,BARRINGTON 3.2 E
2025-04-08,US1NHST0040,US1NHST0040,Spring,,,1.5,,,43.2135,-70.9847,80.8,BARRINGTON 3.2 E
2025-04-09,US1NHST0040,US1NHST0040,Spring,,,2.5,,,43.2135,-70.9847,80.8,BARRINGTON 3.2 E
2025-04-10,US1NHST0040,US1NHST0040,Spring,,,0.0,0.0,,43.2135,-70.9847,80.8,BARRINGTON 3.2 E
2025-04-11,US1NHST0040,US1NHST0040,Spring,,,2.5,0.0,,43.2135,-70.9847,80.8,BARRINGTON 3.2 E
2025-04-12,US1NHST0040,US1NHST0040,Spring,,,5.3,13.0,,43.2135,-70.9847,80.8,BARRINGTON 3.2 E
2025-04-13,US1NHST0040,US1NHST0040,Spring,,,8.6,,,43.2135,-70.9847,80.8,BARRINGTON 3.2 E
2025-04-14,US1NHST0040,US1NHST0040,Spring,,,3.3,,,43.2135,-70.9847,80.8,BARRINGTON 3.2 E
2025-04-15,US1NHST0040,US1NHST0040,Spring,,,4.1,,,43.2135,-70.9847,80.8,BARRINGTON 3.2 E
2025-04-16,US1NHST0040,US1NHST0040,Spring,,,7.4,,,43.2135,-70.9847,80.8,BARRINGTON 3.2 E
2025-04-17,US1NHST0040,US1NHST0040,Spring,,,0.0,0.0,,43.2135,-70.9847,80.8,BARRINGTON 3.2 E
2025-04-18,US1NHST0040,US1NHST0040,Spring,,,0.0,0.0,,43.2135,-70.9847,80.8,BARRINGTON 3.2 E
2025-04-19,US1NHST0040,US1NHST0040,Spring,,,0.0,0.0,,43.2135,-70.9847,80.8,BARRINGTON 3.2 E
2025-04-20,US1NHST0040,US1NHST0040,Spring,,,1.0,,,43.2135,-70.9847,80.8,BARRINGTON 3.2 E
2025-04-21,US1NHST0040,US1NHST0040,Spring,,,0.0,0.0,,43.2135,-70.9847,80.8,BARRINGTON 3.2 E
2025-04-22,US1NHST0040,US1NHST0040,Spring,,,5.3,,,43.2135,-70.9847,80.8,BARRINGTON 3.2 E
2025-04-03,US1NHST0049,US1NHST0049,Spring,,,10.9,,,43.2155,-71.1205,160.3,BARRINGTON 3.7 W
2025-04-04,US1NHST0049,US1NHST0049,Spring,,,8.4,,,43.2155,-71.1205,160.3,BARRINGTON 3.7 W
2025-04-06,US1NHST0049,US1NHST0049,Spring,,,9.4,,,43.2155,-71.1205,160.3,BARRINGTON 3.7 W
2025-04-07,US1NHST0049,US1NHST0049,Spring,,,2.3,,,43.2155,-71.1205,160.3,BARRINGTON 3.7 W
2025-04-08,US1NHST0049,US1NHST0049,Spring,,,0.3,,,43.2155,-71.1205,160.3,BARRINGTON 3.7 W
2025-04-09,US1NHST0049,US1NHST0049,Spring,,,0.5,,,43.2155,-71.1205,160.3,BARRINGTON 3.7 W
2025-04-10,US1NHST0049,US1NHST0049,Spring,,,0.0,0.0,,43.2155,-71.1205,160.3,BARRINGTON 3.7 W
2025-04-11,US1NHST0049,US1NHST0049,Spring,,,0.0,0.0,,43.2155,-71.1205,160.3,BARRINGTON 3.7 W
2025-04-14,US1NHST0049,US1NHST0049,Spring,,,4.6,,,43.2155,-71.1205,160.3,BARRINGTON 3.7 W
2025-04-15,US1NHST0049,US1NHST0049,Spring,,,6.4,,,43.2155,-71.1205,160.3,BARRINGTON 3.7 W
2025-04-16,US1NHST0049,US1NHST0049,Spring,,,9.9,,,43.2155,-71.1205,160.3,BARRINGTON 3.7 W
2025-04-20,US1NHST0049,US1NHST0049,Spring,,,1.8,,,43.2155,-71.1205,160.3,BARRINGTON 3.7 W
2025-04-22,US1NHST0049,US1NHST0049,Spring,,,4.3,,,43.2155,-71.1205,160.3,BARRINGTON 3.7 W
2025-03-26,US1NHST0050,US1NHST0050,Spring,,,0.0,0.0,,43.4295,-71.1242,219.5,NEW DURHAM 2.5 E
2025-03-27,US1NHST0050,US1NHST0050,Spring,,,0.0,0.0,,43.4295,-71.1242,219.5,NEW DURHAM 2.5 E
2025-03-28,US1NHST0050,US1NHST0050,Spring,,,0.0,0.0,,43.4295,-71.1242,219.5,NEW DURHAM 2.5 E
2025-03-29,US1NHST0050,US1NHST0050,Spring,,,0.0,,,43.4295,-71.1242,219.5,NEW DURHAM 2.5 E
2025-03-30,US1NHST0050,US1NHST0050,Spring,,,25.1,,,43.4295,-71.1242,219.5,NEW DURHAM 2.5 E
2025-03-31,US1NHST0050,US1NHST0050,Spring,,,6.4,,,43.4295,-71.1242,219.5,NEW DURHAM 2.5 E
2025-04-01,US1NHST0050,US1NHST0050,Spring,,,7.1,,,43.4295,-71.1242,219.5,NEW DURHAM 2.5 E
2025-04-02,US1NHST0050,US1NHST0050,Spring,,,0.0,0.0,,43.4295,-71.1242,219.5,NEW DURHAM 2.5 E
2025-04-03,US1NHST0050,US1NHST0050,Spring,,,13.2,,,43.4295,-71.1242,219.5,NEW DURHAM 2.5 E
2025-04-04,US1NHST0050,US1NHST0050,Spring,,,8.1,,,43.4295,-71.1242,219.5,NEW DURHAM 2.5 E
2025-04-05,US1NHST0050,US1NHST0050,Spring,,,0.0,0.0,,43.4295,-71.1242,219.5,NEW DURHAM 2.5 E
2025-04-06,US1NHST0050,US1NHST0050,Spring,,,10.2,,,43.4295,-71.1242,219.5,NEW DURHAM 2.5 E
2025-04-07,US1NHST0050,US1NHST0050,Spring,,,0.0,,,43.4295,-71.1242,219.5,NEW DURHAM 2.5 E
2025-04-08,US1NHST0050,US1NHST0050,Spring,,,3.0,,,43.4295,-71.1242,219.5,NEW DURHAM 2.5 E
2025-04-09,US1NHST0050,US1NHST0050,Spring,,,0.0,,,43.4295,-71.1242,219.5,NEW DURHAM 2.5 E
2025-04-10,US1NHST0050,US1NHST0050,Spring,,,0.0,0.0,,43.4295,-71.1242,219.5,NEW DURHAM 2.5 E
2025-04-11,US1NHST0050,US1NHST0050,Spring,,,0.0,,,43.4295,-71.1242,219.5,NEW DURHAM 2.5 E
2025-04-12,US1NHST0050,US1NHST0050,Spring,,,4.8,25.0,,43.4295,-71.1242,219.5,NEW DURHAM 2.5 E
2025-04-13,US1NHST0050,US1NHST0050,Spring,,,7.6,,,43.4295,-71.1242,219.5,NEW DURHAM 2.5 E
2025-04-14,US1NHST0050,US1NHST0050,Spring,,,2.5,,,43.4295,-71.1242,219.5,NEW DURHAM 2.5 E
2025-04-15,US1NHST0050,US1NHST0050,Spring,,,7.9,,,43.4295,-71.1242,219.5,NEW DURHAM 2.5 E
2025-04-16,US1NHST0050,US1NHST0050,Spring,,,1.5,,,43.4295,-71.1242,219.5,NEW DURHAM 2.5 E
2025-04-17,US1NHST0050,US1NHST0050,Spring,,,0.0,0.0,,43.4295,-71.1242,219.5,NEW DURHAM 2.5 E
2025-04-18,US1NHST0050,US1NHST0050,Spring,,,0.0,0.0,,43.4295,-71.1242,219.5,NEW DURHAM 2.5 E
2025-04-19,US1NHST0050,US1NHST0050,Spring,,,0.5,,,43.4295,-71.1242,219.5,NEW DURHAM 2.5 E
2025-04-20,US1NHST0050,US1NHST0050,Spring,,,0.5,,,43.4295,-71.1242,219.5,NEW DURHAM 2.5 E
2025-04-21,US1NHST0050,US1NHST0050,Spring,,,0.0,0.0,,43.4295,-71.1242,219.5,NEW DURHAM 2.5 E
2025-04-22,US1NHST0050,US1NHST0050,Spring,,,2.8,,,43.4295,-71.1242,219.5,NEW DURHAM 2.5 E
2025-03-26,US1NHST0055,US1NHST0055,Spring,,,0.0,0.0,,43.3192,-70.9162,60.0,ROCHESTER 3.4 ENE
2025-03-27,US1NHST0055,US1NHST0055,Spring,,,0.0,0.0,,43.3192,-70.9162,60.0,ROCHESTER 3.4 ENE
2025-03-28,US1NHST0055,US1NHST0055,Spring,,,0.0,0.0,,43.3192,-70.9162,60.0,ROCHESTER 3.4 ENE
2025-03-29,US1NHST0055,US1NHST0055,Spring,,,3.6,,,43.3192,-70.9162,60.0,ROCHESTER 3.4 ENE
2025-03-30,US1NHST0055,US1NHST0055,Spring,,,7.1,,,43.3192,-70.9162,60.0,ROCHESTER 3.4 ENE
2025-03-31,US1NHST0055,US1NHST0055,Spring,,,4.3,,,43.3192,-70.9162,60.0,ROCHESTER 3.4 ENE
2025-04-01,US1NHST0055,US1NHST0055,Spring,,,7.9,,,43.3192,-70.9162,60.0,ROCHESTER 3.4 ENE
2025-04-02,US1NHST0055,US1NHST0055,Spring,,,0.0,0.0,,43.3192,-70.9162,60.0,ROCHESTER 3.4 ENE
2025-04-03,US1NHST0055,US1NHST0055,Spring,,,11.4,,,43.3192,-70.9162,60.0,ROCHESTER 3.4 ENE
2025-04-04,US1NHST0055,US1NHST0055,Spring,,,6.1,,,43.3192,-70.9162,60.0,ROCHESTER 3.4 ENE
2025-04-05,US1NHST0055,US1NHST0055,Spring,,,0.0,0.0,,43.3192,-70.9162,60.0,ROCHESTER 3.4 ENE
2025-04-08,US1NHST0055,US1NHST0055,Spring,,,0.0,,,43.3192,-70.9162,60.0,ROCHESTER 3.4 ENE
2025-04-09,US1NHST0055,US1NHST0055,Spring,,,1.0,,,43.3192,-70.9162,60.0,ROCHESTER 3.4 ENE
2025-04-10,US1NHST0055,US1NHST0055,Spring,,,0.0,0.0,,43.3192,-70.9162,60.0,ROCHESTER 3.4 ENE
2025-04-11,US1NHST0055,US1NHST0055,Spring,,,1.5,,,43.3192,-70.9162,60.0,ROCHESTER 3.4 ENE
2025-04-12,US1NHST0055,US1NHST0055,Spring,,,12.4,51.0,,43.3192,-70.9162,60.0,ROCHESTER 3.4 ENE
2025-04-13,US1NHST0055,US1NHST0055,Spring,,,2.3,,,43.3192,-70.9162,60.0,ROCHESTER 3.4 ENE
2025-04-14,US1NHST0055,US1NHST0055,Spring,,,2.8,,,43.3192,-70.9162,60.0,ROCHESTER 3.4 ENE
2025-04-15,US1NHST0055,US1NHST0055,Spring,,,5.3,,,43.3192,-70.9162,60.0,ROCHESTER 3.4 ENE
2025-04-16,US1NHST0055,US1NHST0055,Spring,,,6.4,,,43.3192,-70.9162,60.0,ROCHESTER 3.4 ENE
2025-04-17,US1NHST0055,US1NHST0055,Spring,,,0.0,0.0,,43.3192,-70.9162,60.0,ROCHESTER 3.4 ENE
2025-04-18,US1NHST0055,US1NHST0055,Spring,,,0.0,0.0,,43.3192,-70.9162,60.0,ROCHESTER 3.4 ENE
2025-04-19,US1NHST0055,US1NHST0055,Spring,,,0.0,,,43.3192,-70.9162,60.0,ROCHESTER 3.4 ENE
2025-04-20,US1NHST0055,US1NHST0055,Spring,,,2.5,,,43.3192,-70.9162,60.0,ROCHESTER 3.4 ENE
2025-04-21,US1NHST0055,US1NHST0055,Spring,,,0.0,0.0,,43.3192,-70.9162,60.0,ROCHESTER 3.4 ENE
2025-04-22,US1NHST0055,US1NHST0055,Spring,,,3.6,,,43.3192,-70.9162,60.0,ROCHESTER 3.4 ENE
2025-03-26,USC00270690,USC00270690,Spring,-2.8,5.0,0.0,0.0,0.0,44.4536,-71.1856,280.4,BERLIN
2025-03-27,USC00270690,USC00270690,Spring,-2.8,6.1,0.0,0.0,0.0,44.4536,-71.1856,280.4,BERLIN
2025-03-28,USC00270690,USC00270690,Spring,-3.3,5.6,0.0,0.0,0.0,44.4536,-71.1856,280.4,BERLIN
2025-03-29,USC00270690,USC00270690,Spring,-3.3,6.1,11.4,102.0,102.0,44.4536,-71.1856,280.4,BERLIN
2025-03-30,USC00270690,USC00270690,Spring,-2.8,1.1,1.5,13.0,76.0,44.4536,-71.1856,280.4,BERLIN
2025-03-31,USC00270690,USC00270690,Spring,-1.7,0.6,10.4,0.0,76.0,44.4536,-71.1856,280.4,BERLIN
2025-04-01,USC00270690,USC00270690,Spring,0.0,10.0,8.4,0.0,25.0,44.4536,-71.1856,280.4,BERLIN
2025-04-02,USC00270690,USC00270690,Spring,-8.9,2.8,0.0,0.0,0.0,44.4536,-71.1856,280.4,BERLIN
2025-04-03,USC00270690,USC00270690,Spring,-8.9,5.0,5.8,3.0,0.0,44.4536,-71.1856,280.4,BERLIN
2025-04-04,USC00270690,USC00270690,Spring,0.6,16.1,9.4,0.0,0.0,44.4536,-71.1856,280.4,BERLIN
2025-04-05,USC00270690,USC00270690,Spring,-1.1,8.9,0.0,0.0,0.0,44.4536,-71.1856,280.4,BERLIN
2025-04-06,USC00270690,USC00270690,Spring,0.6,4.4,5.6,0.0,0.0,44.4536,-71.1856,280.4,BERLIN
2025-04-07,USC00270690,USC00270690,Spring,-0.6,8.9,0.5,0.0,0.0,44.4536,-71.1856,280.4,BERLIN
2025-04-08,USC00270690,USC00270690,Spring,-0.6,6.1,0.0,0.0,0.0,44.4536,-71.1856,280.4,BERLIN
2025-04-09,USC00270690,USC00270690,Spring,-7.2,1.7,3.6,3.0,25.0,44.4536,-71.1856,280.4,BERLIN
2025-04-10,USC00270690,USC00270690,Spring,-7.8,1.7,0.0,0.0,0.0,44.4536,-71.1856,280.4,BERLIN
2025-04-11,USC00270690,USC00270690,Spring,-7.8,9.4,0.3,0.0,0.0,44.4536,-71.1856,280.4,BERLIN
2025-04-12,USC00270690,USC00270690,Spring,0.0,6.1,0.0,0.0,0.0,44.4536,-71.1856,280.4,BERLIN
2025-04-13,USC00270690,USC00270690,Spring,0.6,3.3,5.3,0.0,0.0,44.4536,-71.1856,280.4,BERLIN
2025-04-14,USC00270690,USC00270690,Spring,-0.6,4.4,1.5,0.0,0.0,44.4536,-71.1856,280.4,BERLIN
2025-04-15,USC00270690,USC00270690,Spring,1.1,15.6,0.8,0.0,0.0,44.4536,-71.1856,280.4,BERLIN
2025-04-16,USC00270690,USC00270690,Spring,1.7,18.9,1.8,0.0,0.0,44.4536,-71.1856,280.4,BERLIN
2025-04-17,USC00270690,USC00270690,Spring,-0.6,4.4,0.0,0.0,0.0,44.4536,-71.1856,280.4,BERLIN
2025-04-18,USC00270690,USC00270690,Spring,-2.8,8.3,0.0,0.0,0.0,44.4536,-71.1856,280.4,BERLIN
2025-04-19,USC00270690,USC00270690,Spring,-2.2,18.3,1.0,0.0,0.0,44.4536,-71.1856,280.4,BERLIN
2025-04-20,USC00270690,USC00270690,Spring,3.3,20.6,4.6,0.0,0.0,44.4536,-71.1856,280.4,BERLIN
2025-04-21,USC00270690,USC00270690,Spring,-2.2,8.3,0.0,0.0,0.0,44.4536,-71.1856,280.4,BERLIN
2025-04-22,USC00270690,USC00270690,Spring,-1.1,18.3,1.0,0.0,0.0,44.4536,-71.1856,280.4,BERLIN
2025-03-26,USC00270913,USC00270913,Spring,-5.0,5.6,0.0,0.0,25.0,43.2589,-72.0022,248.4,BRADFORD 2
2025-03-27,USC00270913,USC00270913,Spring,-3.3,6.7,0.0,0.0,0.0,43.2589,-72.0022,248.4,BRADFORD 2
2025-03-28,USC00270913,USC00270913,Spring,-3.9,10.0,0.8,0.0,0.0,43.2589,-72.0022,248.4,BRADFORD 2
2025-03-29,USC00270913,USC00270913,Spring,-2.2,10.0,6.4,0.0,0.0,43.2589,-72.0022,248.4,BRADFORD 2
2025-03-30,USC00270913,USC00270913,Spring,-2.2,8.3,,,,43.2589,-72.0022,248.4,BRADFORD 2
2025-03-31,USC00270913,USC00270913,Spring,-1.1,2.2,21.6,0.0,0.0,43.2589,-72.0022,248.4,BRADFORD 2
2025-04-01,USC00270913,USC00270913,Spring,0.0,10.0,0.0,,,43.2589,-72.0022,248.4,BRADFORD 2
2025-04-02,USC00270913,USC00270913,Spring,-5.0,6.1,0.0,,,43.2589,-72.0022,248.4,BRADFORD 2
2025-04-03,USC00270913,USC00270913,Spring,-1.7,6.1,6.4,,,43.2589,-72.0022,248.4,BRADFORD 2
2025-03-26,USC00271190,USC00271190,Spring,-10.6,-2.2,0.8,20.0,711.0,44.2594,-71.1956,1011.0,CARTER NOTCH HUT
2025-03-27,USC00271190,USC00271190,Spring,-8.9,1.7,2.3,25.0,737.0,44.2594,-71.1956,1011.0,CARTER NOTCH HUT
2025-03-28,USC00271190,USC00271190,Spring,-8.3,-1.7,0.8,13.0,762.0,44.2594,-71.1956,1011.0,CARTER NOTCH HUT
2025-03-29,USC00271190,USC00271190,Spring,-5.6,-0.6,12.2,97.0,864.0,44.2594,-71.1956,1011.0,CARTER NOTCH HUT
2025-03-30,USC00271190,USC00271190,Spring,-6.7,-1.1,4.1,38.0,889.0,44.2594,-71.1956,1011.0,CARTER NOTCH HUT
2025-03-31,USC00271190,USC00271190,Spring,-6.1,5.6,3.6,0.0,838.0,44.2594,-71.1956,1011.0,CARTER NOTCH HUT
2025-04-03,USC00271190,USC00271190,Spring,-3.3,7.8,0.0,0.0,787.0,44.2594,-71.1956,1011.0,CARTER NOTCH HUT
2025-04-04,USC00271190,USC00271190,Spring,-5.0,10.0,0.0,0.0,660.0,44.2594,-71.1956,1011.0,CARTER NOTCH HUT
2025-04-05,USC00271190,USC00271190,Spring,-1.7,3.9,0.0,0.0,635.0,44.2594,-71.1956,1011.0,CARTER NOTCH HUT
2025-04-06,USC00271190,USC00271190,Spring,-3.9,1.7,9.1,25.0,635.0,44.2594,-71.1956,1011.0,CARTER NOTCH HUT
2025-04-07,USC00271190,USC00271190,Spring,-5.0,2.8,0.0,0.0,635.0,44.2594,-71.1956,1011.0,CARTER NOTCH HUT
2025-04-08,USC00271190,USC00271190,Spring,-5.6,0.6,0.0,0.0,635.0,44.2594,-71.1956,1011.0,CARTER NOTCH HUT
2025-04-09,USC00271190,USC00271190,Spring,-12.2,-1.1,5.3,178.0,762.0,44.2594,-71.1956,1011.0,CARTER NOTCH HUT
2025-04-10,USC00271190,USC00271190,Spring,-12.2,-3.3,0.0,0.0,711.0,44.2594,-71.1956,1011.0,CARTER NOTCH HUT
2025-04-11,USC00271190,USC00271190,Spring,-10.0,3.3,4.1,3.0,635.0,44.2594,-71.1956,1011.0,CARTER NOTCH HUT
2025-04-14,USC00271190,USC00271190,Spring,-3.9,1.1,7.9,51.0,813.0,44.2594,-71.1956,1011.0,CARTER NOTCH HUT
2025-04-15,USC00271190,USC00271190,Spring,-3.9,6.7,0.0,0.0,787.0,44.2594,-71.1956,1011.0,CARTER NOTCH HUT
2025-04-16,USC00271190,USC00271190,Spring,-3.9,11.1,0.0,0.0,711.0,44.2594,-71.1956,1011.0,CARTER NOTCH HUT
2025-04-17,USC00271190,USC00271190,Spring,-6.1,0.6,0.0,0.0,610.0,44.2594,-71.1956,1011.0,CARTER NOTCH HUT
2025-04-18,USC00271190,USC00271190,Spring,-5.0,1.1,0.0,0.0,610.0,44.2594,-71.1956,1011.0,CARTER NOTCH HUT
2025-04-19,USC00271190,USC00271190,Spring,-4.4,10.0,0.0,0.0,610.0,44.2594,-71.1956,1011.0,CARTER NOTCH HUT
2025-04-20,USC00271190,USC00271190,Spring,-4.4,12.2,0.0,0.0,0.0,44.2594,-71.1956,1011.0,CARTER NOTCH HUT
2025-04-21,USC00271190,USC00271190,Spring,-3.9,1.7,0.0,0.0,0.0,44.2594,-71.1956,1011.0,CARTER NOTCH HUT
2025-03-26,USC00271647,USC00271647,Spring,-1.7,3.9,0.8,0.0,0.0,44.8611,-71.5392,341.4,COLEBROOK 3SW
2025-03-27,USC00271647,USC00271647,Spring,-4.4,3.9,2.0,3.0,0.0,44.8611,-71.5392,341.4,COLEBROOK 3SW
2025-03-28,USC00271647,USC00271647,Spring,-5.0,3.9,0.8,18.0,25.0,44.8611,-71.5392,341.4,COLEBROOK 3SW
2025-03-29,USC00271647,USC00271647,Spring,-4.4,3.9,6.4,69.0,76.0,44.8611,-71.5392,341.4,COLEBROOK 3SW
2025-03-30,USC00271647,USC00271647,Spring,-5.6,1.7,2.0,51.0,76.0,44.8611,-71.5392,341.4,COLEBROOK 3SW
2025-03-31,USC00271647,USC00271647,Spring,-3.9,0.6,16.0,0.0,25.0,44.8611,-71.5392,341.4,COLEBROOK 3SW
2025-04-01,USC00271647,USC00271647,Spring,-0.6,11.7,5.8,,0.0,44.8611,-71.5392,341.4,COLEBROOK 3SW
2025-04-02,USC00271647,USC00271647,Spring,-9.4,1.1,0.3,,,44.8611,-71.5392,341.4,COLEBROOK 3SW
2025-04-03,USC00271647,USC00271647,Spring,-7.8,3.3,6.4,15.0,25.0,44.8611,-71.5392,341.4,COLEBROOK 3SW
2025-04-04,USC00271647,USC00271647,Spring,-0.6,8.9,15.7,,0.0,44.8611,-71.5392,341.4,COLEBROOK 3SW
2025-04-05,USC00271647,USC00271647,Spring,-3.3,8.9,0.3,,0.0,44.8611,-71.5392,341.4,COLEBROOK 3SW
2025-04-06,USC00271647,USC00271647,Spring,-2.8,6.1,10.7,,,44.8611,-71.5392,341.4,COLEBROOK 3SW
2025-04-07,USC00271647,USC00271647,Spring,-2.2,7.8,0.0,,,44.8611,-71.5392,341.4,COLEBROOK 3SW
2025-04-11,USC00271647,USC00271647,Spring,-10.6,7.8,0.5,8.0,0.0,44.8611,-71.5392,341.4,COLEBROOK 3SW
2025-04-12,USC00271647,USC00271647,Spring,-0.6,5.0,0.8,,0.0,44.8611,-71.5392,341.4,COLEBROOK 3SW
2025-04-13,USC00271647,USC00271647,Spring,0.0,3.9,4.3,,,44.8611,-71.5392,341.4,COLEBROOK 3SW
2025-04-14,USC00271647,USC00271647,Spring,-3.3,5.0,0.3,,,44.8611,-71.5392,341.4,COLEBROOK 3SW
2025-04-15,USC00271647,USC00271647,Spring,-3.3,14.4,0.0,,,44.8611,-71.5392,341.4,COLEBROOK 3SW
2025-04-16,USC00271647,USC00271647,Spring,-3.3,17.8,0.5,,,44.8611,-71.5392,341.4,COLEBROOK 3SW
2025-04-17,USC00271647,USC00271647,Spring,-1.7,1.7,2.0,30.0,25.0,44.8611,-71.5392,341.4,COLEBROOK 3SW
2025-04-18,USC00271647,USC00271647,Spring,-5.6,6.7,0.0,,0.0,44.8611,-71.5392,341.4,COLEBROOK 3SW
2025-04-19,USC00271647,USC00271647,Spring,-5.6,13.9,4.8,,,44.8611,-71.5392,341.4,COLEBROOK 3SW
2025-03-26,USC00271800,USC00271800,Spring,-7.2,1.1,0.3,3.0,279.0,44.2197,-71.4128,577.0,CRAWFORD NOTCH
2025-03-27,USC00271800,USC00271800,Spring,-10.6,3.9,3.3,64.0,356.0,44.2197,-71.4128,577.0,CRAWFORD NOTCH
2025-03-28,USC00271800,USC00271800,Spring,-5.6,2.8,0.0,0.0,356.0,44.2197,-71.4128,577.0,CRAWFORD NOTCH
2025-03-29,USC00271800,USC00271800,Spring,-3.9,4.4,8.4,119.0,483.0,44.2197,-71.4128,577.0,CRAWFORD NOTCH
2025-03-30,USC00271800,USC00271800,Spring,-4.4,-1.7,2.8,15.0,483.0,44.2197,-71.4128,577.0,CRAWFORD NOTCH
2025-03-31,USC00271800,USC00271800,Spring,-3.3,2.8,7.9,10.0,406.0,44.2197,-71.4128,577.0,CRAWFORD NOTCH
2025-04-01,USC00271800,USC00271800,Spring,-2.2,11.7,6.1,0.0,279.0,44.2197,-71.4128,577.0,CRAWFORD NOTCH
2025-04-02,USC00271800,USC00271800,Spring,-10.6,0.6,0.0,0.0,279.0,44.2197,-71.4128,577.0,CRAWFORD NOTCH
2025-04-03,USC00271800,USC00271800,Spring,-10.6,3.9,5.1,18.0,279.0,44.2197,-71.4128,577.0,CRAWFORD NOTCH
2025-04-04,USC00271800,USC00271800,Spring,-1.7,15.0,5.8,0.0,229.0,44.2197,-71.4128,577.0,CRAWFORD NOTCH
2025-04-05,USC00271800,USC00271800,Spring,-1.1,6.7,0.0,0.0,203.0,44.2197,-71.4128,577.0,CRAWFORD NOTCH
2025-04-06,USC00271800,USC00271800,Spring,-1.1,1.7,6.6,0.0,203.0,44.2197,-71.4128,577.0,CRAWFORD NOTCH
2025-04-07,USC00271800,USC00271800,Spring,-1.7,5.6,0.0,0.0,203.0,44.2197,-71.4128,577.0,CRAWFORD NOTCH
2025-04-08,USC00271800,USC00271800,Spring,-2.2,3.3,0.0,0.0,203.0,44.2197,-71.4128,577.0,CRAWFORD NOTCH
2025-04-09,USC00271800,USC00271800,Spring,-10.0,-1.7,6.1,91.0,330.0,44.2197,-71.4128,577.0,CRAWFORD NOTCH
2025-04-10,USC00271800,USC00271800,Spring,-11.7,-0.6,0.0,0.0,305.0,44.2197,-71.4128,577.0,CRAWFORD NOTCH
2025-04-11,USC00271800,USC00271800,Spring,-11.1,6.7,0.8,3.0,229.0,44.2197,-71.4128,577.0,CRAWFORD NOTCH
2025-04-12,USC00271800,USC00271800,Spring,-11.1,6.7,0.8,3.0,229.0,44.2197,-71.4128,577.0,CRAWFORD NOTCH
2025-04-13,USC00271800,USC00271800,Spring,-0.6,1.1,1.3,0.0,203.0,44.2197,-71.4128,577.0,CRAWFORD NOTCH
2025-04-14,USC00271800,USC00271800,Spring,-1.1,2.2,1.0,0.0,178.0,44.2197,-71.4128,577.0,CRAWFORD NOTCH
2025-04-15,USC00271800,USC00271800,Spring,-1.1,14.4,0.5,0.0,152.0,44.2197,-71.4128,577.0,CRAWFORD NOTCH
2025-04-16,USC00271800,USC00271800,Spring,0.6,17.2,1.8,0.0,203.0,44.2197,-71.4128,577.0,CRAWFORD NOTCH
2025-04-17,USC00271800,USC00271800,Spring,-2.8,0.6,6.4,5.0,152.0,44.2197,-71.4128,577.0,CRAWFORD NOTCH
2025-04-18,USC00271800,USC00271800,Spring,-4.4,7.2,0.0,0.0,51.0,44.2197,-71.4128,577.0,CRAWFORD NOTCH
2025-04-19,USC00271800,USC00271800,Spring,-3.9,15.6,2.0,0.0,0.0,44.2197,-71.4128,577.0,CRAWFORD NOTCH
2025-04-20,USC00271800,USC00271800,Spring,2.2,20.0,1.5,0.0,0.0,44.2197,-71.4128,577.0,CRAWFORD NOTCH
2025-04-21,USC00271800,USC00271800,Spring,-3.3,7.8,0.0,0.0,0.0,44.2197,-71.4128,577.0,CRAWFORD NOTCH
2025-04-22,USC00271800,USC00271800,Spring,-3.3,15.6,1.0,0.0,0.0,44.2197,-71.4128,577.0,CRAWFORD NOTCH
2025-03-26,USC00272302,USC00272302,Spring,-3.3,8.9,0.0,0.0,0.0,42.8267,-71.6261,73.2,E MILFORD
2025-03-27,USC00272302,USC00272302,Spring,-3.9,8.9,0.0,0.0,0.0,42.8267,-71.6261,73.2,E MILFORD
2025-03-28,USC00272302,USC00272302,Spring,-3.3,9.4,0.5,0.0,0.0,42.8267,-71.6261,73.2,E MILFORD
2025-03-29,USC00272302,USC00272302,Spring,0.6,14.4,5.1,0.0,0.0,42.8267,-71.6261,73.2,E MILFORD
2025-03-30,USC00272302,USC00272302,Spring,-0.6,0.6,8.9,0.0,0.0,42.8267,-71.6261,73.2,E MILFORD
2025-03-31,USC00272302,USC00272302,Spring,0.0,2.8,3.3,0.0,0.0,42.8267,-71.6261,73.2,E MILFORD
2025-04-01,USC00272302,USC00272302,Spring,1.7,15.6,0.0,0.0,0.0,42.8267,-71.6261,73.2,E MILFORD
2025-04-02,USC00272302,USC00272302,Spring,-2.2,10.0,0.0,0.0,0.0,42.8267,-71.6261,73.2,E MILFORD
2025-04-03,USC00272302,USC00272302,Spring,-1.7,7.8,22.9,0.0,0.0,42.8267,-71.6261,73.2,E MILFORD
2025-04-04,USC00272302,USC00272302,Spring,1.7,12.2,7.4,0.0,0.0,42.8267,-71.6261,73.2,E MILFORD
2025-04-05,USC00272302,USC00272302,Spring,2.2,18.9,0.0,0.0,,42.8267,-71.6261,73.2,E MILFORD
2025-04-06,USC00272302,USC00272302,Spring,2.8,6.7,12.7,0.0,0.0,42.8267,-71.6261,73.2,E MILFORD
2025-04-07,USC00272302,USC00272302,Spring,0.6,12.8,6.9,,,42.8267,-71.6261,73.2,E MILFORD
2025-04-08,USC00272302,USC00272302,Spring,0.6,3.3,3.8,,0.0,42.8267,-71.6261,73.2,E MILFORD
2025-04-09,USC00272302,USC00272302,Spring,-3.9,4.4,0.0,0.0,0.0,42.8267,-71.6261,73.2,E MILFORD
2025-04-10,USC00272302,USC00272302,Spring,-4.4,7.8,1.5,0.0,0.0,42.8267,-71.6261,73.2,E MILFORD
2025-04-11,USC00272302,USC00272302,Spring,-2.8,10.6,2.5,0.0,0.0,42.8267,-71.6261,73.2,E MILFORD
2025-04-12,USC00272302,USC00272302,Spring,-2.8,10.6,14.7,64.0,76.0,42.8267,-71.6261,73.2,E MILFORD
2025-04-13,USC00272302,USC00272302,Spring,0.0,2.2,3.6,0.0,0.0,42.8267,-71.6261,73.2,E MILFORD
2025-04-14,USC00272302,USC00272302,Spring,2.2,8.9,0.0,0.0,0.0,42.8267,-71.6261,73.2,E MILFORD
2025-04-15,USC00272302,USC00272302,Spring,5.6,20.0,0.5,0.0,0.0,42.8267,-71.6261,73.2,E MILFORD
2025-04-16,USC00272302,USC00272302,Spring,-1.1,21.1,0.0,0.0,0.0,42.8267,-71.6261,73.2,E MILFORD
2025-04-17,USC00272302,USC00272302,Spring,3.3,10.0,4.6,0.0,0.0,42.8267,-71.6261,73.2,E MILFORD
2025-04-18,USC00272302,USC00272302,Spring,-2.2,15.0,0.0,0.0,0.0,42.8267,-71.6261,73.2,E MILFORD
2025-04-19,USC00272302,USC00272302,Spring,5.6,21.1,0.0,0.0,0.0,42.8267,-71.6261,73.2,E MILFORD
2025-04-20,USC00272302,USC00272302,Spring,11.7,26.7,1.0,0.0,0.0,42.8267,-71.6261,73.2,E MILFORD
2025-04-21,USC00272302,USC00272302,Spring,0.0,15.6,0.0,0.0,0.0,42.8267,-71.6261,73.2,E MILFORD
2025-04-22,USC00272302,USC00272302,Spring,3.9,17.2,3.3,0.0,0.0,42.8267,-71.6261,73.2,E MILFORD
2025-03-26,USC00272303,USC00272303,Spring,-3.3,6.1,0.0,0.0,127.0,43.81,-71.3425,210.9,E SANDWICH
2025-03-27,USC00272303,USC00272303,Spring,-3.9,10.0,0.0,0.0,76.0,43.81,-71.3425,210.9,E SANDWICH
2025-03-28,USC00272303,USC00272303,Spring,-2.2,7.8,0.0,0.0,51.0,43.81,-71.3425,210.9,E SANDWICH
2025-03-29,USC00272303,USC00272303,Spring,-1.1,10.6,7.9,76.0,127.0,43.81,-71.3425,210.9,E SANDWICH
2025-03-30,USC00272303,USC00272303,Spring,-2.2,0.6,10.4,81.0,152.0,43.81,-71.3425,210.9,E SANDWICH
2025-03-31,USC00272303,USC00272303,Spring,-0.6,1.1,10.9,8.0,152.0,43.81,-71.3425,210.9,E SANDWICH
2025-04-01,USC00272303,USC00272303,Spring,0.0,5.6,2.5,0.0,127.0,43.81,-71.3425,210.9,E SANDWICH
2025-04-02,USC00272303,USC00272303,Spring,-5.6,6.7,0.0,0.0,51.0,43.81,-71.3425,210.9,E SANDWICH
2025-04-03,USC00272303,USC00272303,Spring,-5.6,5.0,10.2,25.0,51.0,43.81,-71.3425,210.9,E SANDWICH
2025-04-04,USC00272303,USC00272303,Spring,-0.6,8.3,9.1,3.0,25.0,43.81,-71.3425,210.9,E SANDWICH
2025-04-05,USC00272303,USC00272303,Spring,0.6,13.9,0.0,0.0,25.0,43.81,-71.3425,210.9,E SANDWICH
2025-04-06,USC00272303,USC00272303,Spring,0.6,5.0,9.7,0.0,25.0,43.81,-71.3425,210.9,E SANDWICH
2025-04-07,USC00272303,USC00272303,Spring,1.7,12.8,1.0,0.0,0.0,43.81,-71.3425,210.9,E SANDWICH
2025-04-08,USC00272303,USC00272303,Spring,0.0,5.6,0.0,0.0,0.0,43.81,-71.3425,210.9,E SANDWICH
2025-04-09,USC00272303,USC00272303,Spring,-4.4,2.2,2.8,13.0,0.0,43.81,-71.3425,210.9,E SANDWICH
2025-04-10,USC00272303,USC00272303,Spring,-7.2,5.6,0.0,0.0,0.0,43.81,-71.3425,210.9,E SANDWICH
2025-04-11,USC00272303,USC00272303,Spring,-7.8,11.1,0.3,0.0,0.0,43.81,-71.3425,210.9,E SANDWICH
2025-04-12,USC00272303,USC00272303,Spring,0.6,3.9,0.5,3.0,0.0,43.81,-71.3425,210.9,E SANDWICH
2025-04-13,USC00272303,USC00272303,Spring,0.6,2.8,12.7,43.0,25.0,43.81,-71.3425,210.9,E SANDWICH
2025-04-14,USC00272303,USC00272303,Spring,1.1,8.3,0.5,0.0,0.0,43.81,-71.3425,210.9,E SANDWICH
2025-04-15,USC00272303,USC00272303,Spring,1.1,20.6,3.0,0.0,0.0,43.81,-71.3425,210.9,E SANDWICH
2025-04-16,USC00272303,USC00272303,Spring,3.9,20.6,0.3,0.0,0.0,43.81,-71.3425,210.9,E SANDWICH
2025-04-17,USC00272303,USC00272303,Spring,1.1,10.0,0.3,0.0,0.0,43.81,-71.3425,210.9,E SANDWICH
2025-04-18,USC00272303,USC00272303,Spring,-2.2,13.3,0.0,0.0,0.0,43.81,-71.3425,210.9,E SANDWICH
2025-04-19,USC00272303,USC00272303,Spring,-2.2,19.4,0.5,0.0,0.0,43.81,-71.3425,210.9,E SANDWICH
2025-04-20,USC00272303,USC00272303,Spring,8.9,23.9,0.0,0.0,0.0,43.81,-71.3425,210.9,E SANDWICH
2025-04-21,USC00272303,USC00272303,Spring,-1.7,13.9,0.0,0.0,0.0,43.81,-71.3425,210.9,E SANDWICH
2025-04-22,USC00272303,USC00272303,Spring,-2.2,18.9,1.3,0.0,0.0,43.81,-71.3425,210.9,E SANDWICH
2025-03-26,USC00272800,USC00272800,Spring,-2.8,8.3,0.0,0.0,0.0,43.0306,-71.0833,46.9,EPPING
2025-03-27,USC00272800,USC00272800,Spring,-3.9,9.4,0.0,0.0,0.0,43.0306,-71.0833,46.9,EPPING
2025-03-28,USC00272800,USC00272800,Spring,-3.9,10.0,0.0,0.0,0.0,43.0306,-71.0833,46.9,EPPING
2025-03-29,USC00272800,USC00272800,Spring,0.0,14.4,3.6,0.0,0.0,43.0306,-71.0833,46.9,EPPING
2025-03-30,USC00272800,USC00272800,Spring,-0.6,0.6,6.6,0.0,0.0,43.0306,-71.0833,46.9,EPPING
2025-03-31,USC00272800,USC00272800,Spring,0.0,3.3,4.8,0.0,0.0,43.0306,-71.0833,46.9,EPPING
2025-04-01,USC00272800,USC00272800,Spring,2.2,15.6,7.9,0.0,0.0,43.0306,-71.0833,46.9,EPPING
2025-04-02,USC00272800,USC00272800,Spring,-2.2,8.3,0.0,0.0,0.0,43.0306,-71.0833,46.9,EPPING
2025-04-03,USC00272800,USC00272800,Spring,-1.1,7.2,14.7,0.0,0.0,43.0306,-71.0833,46.9,EPPING
2025-04-04,USC00272800,USC00272800,Spring,2.2,10.6,6.9,0.0,0.0,43.0306,-71.0833,46.9,EPPING
2025-04-06,USC00272800,USC00272800,Spring,2.8,6.1,9.4,0.0,0.0,43.0306,-71.0833,46.9,EPPING
2025-04-07,USC00272800,USC00272800,Spring,1.7,11.7,4.1,0.0,0.0,43.0306,-71.0833,46.9,EPPING
2025-04-08,USC00272800,USC00272800,Spring,0.6,3.3,1.0,0.0,0.0,43.0306,-71.0833,46.9,EPPING
2025-04-09,USC00272800,USC00272800,Spring,-3.3,4.4,1.3,0.0,0.0,43.0306,-71.0833,46.9,EPPING
2025-04-10,USC00272800,USC00272800,Spring,-6.7,7.2,0.0,0.0,0.0,43.0306,-71.0833,46.9,EPPING
2025-04-11,USC00272800,USC00272800,Spring,-5.6,10.0,2.8,0.0,0.0,43.0306,-71.0833,46.9,EPPING
2025-04-12,USC00272800,USC00272800,Spring,0.0,7.2,9.9,38.0,51.0,43.0306,-71.0833,46.9,EPPING
2025-04-13,USC00272800,USC00272800,Spring,0.6,3.9,2.5,0.0,0.0,43.0306,-71.0833,46.9,EPPING
2025-04-14,USC00272800,USC00272800,Spring,-0.6,8.3,3.0,,,43.0306,-71.0833,46.9,EPPING
2025-04-15,USC00272800,USC00272800,Spring,5.6,19.4,2.5,0.0,0.0,43.0306,-71.0833,46.9,EPPING
2025-04-16,USC00272800,USC00272800,Spring,3.9,20.0,2.3,0.0,0.0,43.0306,-71.0833,46.9,EPPING
2025-04-17,USC00272800,USC00272800,Spring,3.3,10.0,0.0,0.0,0.0,43.0306,-71.0833,46.9,EPPING
2025-04-18,USC00272800,USC00272800,Spring,-1.7,14.4,0.0,0.0,0.0,43.0306,-71.0833,46.9,EPPING
2025-04-19,USC00272800,USC00272800,Spring,5.6,20.6,0.0,0.0,0.0,43.0306,-71.0833,46.9,EPPING
2025-04-20,USC00272800,USC00272800,Spring,12.2,27.2,0.0,0.0,0.0,43.0306,-71.0833,46.9,EPPING
2025-04-21,USC00272800,USC00272800,Spring,-0.6,15.0,0.0,0.0,0.0,43.0306,-71.0833,46.9,EPPING
2025-04-22,USC00272800,USC00272800,Spring,-0.6,15.0,3.0,0.0,0.0,43.0306,-71.0833,46.9,EPPING
2025-03-26,USC00272846,USC00272846,Spring,-3.3,2.8,0.5,,,44.7925,-71.1633,378.0,ERROL AP
2025-03-27,USC00272846,USC00272846,Spring,-3.9,4.4,0.0,,,44.7925,-71.1633,378.0,ERROL AP
2025-03-28,USC00272846,USC00272846,Spring,-6.1,3.3,0.3,,,44.7925,-71.1633,378.0,ERROL AP
2025-03-29,USC00272846,USC00272846,Spring,-4.4,3.9,7.9,,,44.7925,-71.1633,378.0,ERROL AP
2025-03-30,USC00272846,USC00272846,Spring,-7.8,0.6,1.8,,,44.7925,-71.1633,378.0,ERROL AP
2025-03-31,USC00272846,USC00272846,Spring,-2.8,0.0,8.6,,,44.7925,-71.1633,378.0,ERROL AP
2025-04-01,USC00272846,USC00272846,Spring,-1.7,6.1,10.9,,,44.7925,-71.1633,378.0,ERROL AP
2025-04-02,USC00272846,USC00272846,Spring,-9.4,1.1,0.0,,,44.7925,-71.1633,378.0,ERROL AP
2025-04-03,USC00272846,USC00272846,Spring,-8.9,3.9,11.9,,,44.7925,-71.1633,378.0,ERROL AP
2025-04-04,USC00272846,USC00272846,Spring,-0.6,12.2,11.2,,,44.7925,-71.1633,378.0,ERROL AP
2025-04-05,USC00272846,USC00272846,Spring,-2.8,6.7,0.0,,,44.7925,-71.1633,378.0,ERROL AP
2025-04-06,USC00272846,USC00272846,Spring,-1.1,3.3,10.7,,,44.7925,-71.1633,378.0,ERROL AP
2025-04-07,USC00272846,USC00272846,Spring,-1.7,7.2,0.3,,,44.7925,-71.1633,378.0,ERROL AP
2025-04-08,USC00272846,USC00272846,Spring,-1.1,6.7,0.0,,,44.7925,-71.1633,378.0,ERROL AP
2025-04-09,USC00272846,USC00272846,Spring,-8.3,0.6,6.1,,,44.7925,-71.1633,378.0,ERROL AP
2025-04-10,USC00272846,USC00272846,Spring,-12.2,0.0,0.0,,,44.7925,-71.1633,378.0,ERROL AP
2025-04-11,USC00272846,USC00272846,Spring,-8.9,7.2,1.0,,,44.7925,-71.1633,378.0,ERROL AP
2025-04-12,USC00272846,USC00272846,Spring,-0.6,3.9,0.5,,,44.7925,-71.1633,378.0,ERROL AP
2025-04-13,USC00272846,USC00272846,Spring,0.0,2.2,4.8,,,44.7925,-71.1633,378.0,ERROL AP
2025-04-14,USC00272846,USC00272846,Spring,0.0,4.4,0.5,,,44.7925,-71.1633,378.0,ERROL AP
2025-04-15,USC00272846,USC00272846,Spring,-1.1,14.4,0.0,,,44.7925,-71.1633,378.0,ERROL AP
2025-04-16,USC00272846,USC00272846,Spring,0.0,18.3,6.9,,,44.7925,-71.1633,378.0,ERROL AP
2025-04-17,USC00272846,USC00272846,Spring,-1.7,2.2,1.0,,,44.7925,-71.1633,378.0,ERROL AP
2025-04-18,USC00272846,USC00272846,Spring,-4.4,6.1,0.0,,,44.7925,-71.1633,378.0,ERROL AP
2025-04-19,USC00272846,USC00272846,Spring,1.1,15.6,3.0,,,44.7925,-71.1633,378.0,ERROL AP
2025-04-20,USC00272846,USC00272846,Spring,1.7,18.9,8.6,,,44.7925,-71.1633,378.0,ERROL AP
2025-04-21,USC00272846,USC00272846,Spring,-3.3,7.2,0.0,,,44.7925,-71.1633,378.0,ERROL AP
2025-04-22,USC00272846,USC00272846,Spring,0.0,17.8,1.5,,,44.7925,-71.1633,378.0,ERROL AP
2025-03-26,USC00272999,USC00272999,Spring,-2.2,3.3,3.0,25.0,254.0,45.09,-71.2906,502.9,FIRST CONNECTICUT LAKE
2025-03-27,USC00272999,USC00272999,Spring,-4.4,3.9,3.0,38.0,279.0,45.09,-71.2906,502.9,FIRST CONNECTICUT LAKE
2025-03-28,USC00272999,USC00272999,Spring,-9.4,3.3,0.5,0.0,279.0,45.09,-71.2906,502.9,FIRST CONNECTICUT LAKE
2025-03-29,USC00272999,USC00272999,Spring,-5.6,2.2,5.8,76.0,356.0,45.09,-71.2906,502.9,FIRST CONNECTICUT LAKE
2025-03-30,USC00272999,USC00272999,Spring,-9.4,1.1,0.8,13.0,381.0,45.09,-71.2906,502.9,FIRST CONNECTICUT LAKE
2025-03-31,USC00272999,USC00272999,Spring,-3.3,1.1,10.4,0.0,381.0,45.09,-71.2906,502.9,FIRST CONNECTICUT LAKE
2025-04-01,USC00272999,USC00272999,Spring,-2.8,12.2,12.7,,,45.09,-71.2906,502.9,FIRST CONNECTICUT LAKE
2025-04-02,USC00272999,USC00272999,Spring,-11.1,1.1,0.0,,,45.09,-71.2906,502.9,FIRST CONNECTICUT LAKE
2025-04-03,USC00272999,USC00272999,Spring,-9.4,2.2,6.4,,,45.09,-71.2906,502.9,FIRST CONNECTICUT LAKE
2025-04-04,USC00272999,USC00272999,Spring,0.0,9.4,10.4,,,45.09,-71.2906,502.9,FIRST CONNECTICUT LAKE
2025-04-05,USC00272999,USC00272999,Spring,-2.8,6.1,0.0,,,45.09,-71.2906,502.9,FIRST CONNECTICUT LAKE
2025-04-06,USC00272999,USC00272999,Spring,0.0,2.8,11.4,,,45.09,-71.2906,502.9,FIRST CONNECTICUT LAKE
2025-04-07,USC00272999,USC00272999,Spring,-3.3,6.7,0.0,,,45.09,-71.2906,502.9,FIRST CONNECTICUT LAKE
2025-04-08,USC00272999,USC00272999,Spring,-2.8,5.0,0.0,,,45.09,-71.2906,502.9,FIRST CONNECTICUT LAKE
2025-04-09,USC00272999,USC00272999,Spring,-9.4,0.0,10.9,,,45.09,-71.2906,502.9,FIRST CONNECTICUT LAKE
2025-04-10,USC00272999,USC00272999,Spring,-17.8,-0.6,0.0,,,45.09,-71.2906,502.9,FIRST CONNECTICUT LAKE
2025-04-11,USC00272999,USC00272999,Spring,-12.8,6.7,1.0,,,45.09,-71.2906,502.9,FIRST CONNECTICUT LAKE
2025-04-12,USC00272999,USC00272999,Spring,0.0,3.9,0.0,,,45.09,-71.2906,502.9,FIRST CONNECTICUT LAKE
2025-04-13,USC00272999,USC00272999,Spring,0.6,3.3,2.8,,,45.09,-71.2906,502.9,FIRST CONNECTICUT LAKE
2025-04-14,USC00272999,USC00272999,Spring,-2.8,4.4,0.5,,,45.09,-71.2906,502.9,FIRST CONNECTICUT LAKE
2025-04-15,USC00272999,USC00272999,Spring,1.7,14.4,0.0,,,45.09,-71.2906,502.9,FIRST CONNECTICUT LAKE
2025-04-16,USC00272999,USC00272999,Spring,0.0,17.8,6.1,,,45.09,-71.2906,502.9,FIRST CONNECTICUT LAKE
2025-04-17,USC00272999,USC00272999,Spring,-2.8,0.6,5.6,,,45.09,-71.2906,502.9,FIRST CONNECTICUT LAKE
2025-04-18,USC00272999,USC00272999,Spring,-5.0,5.6,0.0,0.0,,45.09,-71.2906,502.9,FIRST CONNECTICUT LAKE
2025-04-19,USC00272999,USC00272999,Spring,-1.7,14.4,7.1,,,45.09,-71.2906,502.9,FIRST CONNECTICUT LAKE
2025-04-20,USC00272999,USC00272999,Spring,0.0,17.2,15.2,,,45.09,-71.2906,502.9,FIRST CONNECTICUT LAKE
2025-04-21,USC00272999,USC00272999,Spring,-3.9,6.7,0.0,0.0,0.0,45.09,-71.2906,502.9,FIRST CONNECTICUT LAKE
2025-04-22,USC00272999,USC00272999,Spring,0.0,17.2,2.0,,,45.09,-71.2906,502.9,FIRST CONNECTICUT LAKE
2025-03-26,USC00273182,USC00273182,Spring,-4.4,5.0,0.0,0.0,51.0,43.4703,-71.6536,137.2,FRANKLIN FALLS DAM
2025-03-27,USC00273182,USC00273182,Spring,-3.9,7.2,0.0,0.0,0.0,43.4703,-71.6536,137.2,FRANKLIN FALLS DAM
2025-03-28,USC00273182,USC00273182,Spring,-3.9,7.2,0.0,0.0,0.0,43.4703,-71.6536,137.2,FRANKLIN FALLS DAM
2025-03-29,USC00273182,USC00273182,Spring,-3.3,11.7,,,,43.4703,-71.6536,137.2,FRANKLIN FALLS DAM
2025-03-30,USC00273182,USC00273182,Spring,-1.7,-0.6,,,,43.4703,-71.6536,137.2,FRANKLIN FALLS DAM
2025-03-31,USC00273182,USC00273182,Spring,-0.6,0.6,,0.0,0.0,43.4703,-71.6536,137.2,FRANKLIN FALLS DAM
2025-04-01,USC00273182,USC00273182,Spring,0.0,6.7,0.5,0.0,0.0,43.4703,-71.6536,137.2,FRANKLIN FALLS DAM
2025-04-02,USC00273182,USC00273182,Spring,-4.4,5.6,0.0,0.0,0.0,43.4703,-71.6536,137.2,FRANKLIN FALLS DAM
2025-04-03,USC00273182,USC00273182,Spring,-4.4,5.6,10.9,3.0,0.0,43.4703,-71.6536,137.2,FRANKLIN FALLS DAM
2025-04-04,USC00273182,USC00273182,Spring,0.0,3.9,4.3,0.0,0.0,43.4703,-71.6536,137.2,FRANKLIN FALLS DAM
2025-04-05,USC00273182,USC00273182,Spring,0.6,14.4,,0.0,0.0,43.4703,-71.6536,137.2,FRANKLIN FALLS DAM
2025-04-06,USC00273182,USC00273182,Spring,1.7,4.4,,0.0,0.0,43.4703,-71.6536,137.2,FRANKLIN FALLS DAM
2025-04-07,USC00273182,USC00273182,Spring,1.1,12.2,,,0.0,43.4703,-71.6536,137.2,FRANKLIN FALLS DAM
2025-04-08,USC00273182,USC00273182,Spring,-0.6,4.4,0.0,0.0,0.0,43.4703,-71.6536,137.2,FRANKLIN FALLS DAM
2025-04-09,USC00273182,USC00273182,Spring,-5.0,3.3,1.5,0.0,0.0,43.4703,-71.6536,137.2,FRANKLIN FALLS DAM
2025-04-10,USC00273182,USC00273182,Spring,-7.8,5.0,0.0,0.0,0.0,43.4703,-71.6536,137.2,FRANKLIN FALLS DAM
2025-04-11,USC00273182,USC00273182,Spring,-2.8,11.1,0.8,0.0,0.0,43.4703,-71.6536,137.2,FRANKLIN FALLS DAM
2025-04-12,USC00273182,USC00273182,Spring,-0.6,5.0,,,,43.4703,-71.6536,137.2,FRANKLIN FALLS DAM
2025-04-13,USC00273182,USC00273182,Spring,-0.6,2.2,,,,43.4703,-71.6536,137.2,FRANKLIN FALLS DAM
2025-04-14,USC00273182,USC00273182,Spring,-0.6,8.9,,,0.0,43.4703,-71.6536,137.2,FRANKLIN FALLS DAM
2025-04-15,USC00273182,USC00273182,Spring,4.4,19.4,3.8,0.0,0.0,43.4703,-71.6536,137.2,FRANKLIN FALLS DAM
2025-04-16,USC00273182,USC00273182,Spring,3.9,18.9,0.0,0.0,0.0,43.4703,-71.6536,137.2,FRANKLIN FALLS DAM
2025-04-17,USC00273182,USC00273182,Spring,1.7,8.9,0.0,0.0,0.0,43.4703,-71.6536,137.2,FRANKLIN FALLS DAM
2025-04-18,USC00273182,USC00273182,Spring,-4.4,12.8,0.0,0.0,0.0,43.4703,-71.6536,137.2,FRANKLIN FALLS DAM
2025-04-19,USC00273182,USC00273182,Spring,-2.8,20.0,0.0,0.0,0.0,43.4703,-71.6536,137.2,FRANKLIN FALLS DAM
2025-04-20,USC00273182,USC00273182,Spring,8.3,23.9,0.0,0.0,0.0,43.4703,-71.6536,137.2,FRANKLIN FALLS DAM
2025-04-21,USC00273182,USC00273182,Spring,-2.2,12.8,0.0,0.0,0.0,43.4703,-71.6536,137.2,FRANKLIN FALLS DAM
2025-04-22,USC00273182,USC00273182,Spring,0.0,17.8,3.8,0.0,0.0,43.4703,-71.6536,137.2,FRANKLIN FALLS DAM
2025-03-26,USC00273488,USC00273488,Spring,-4.4,5.0,0.0,,,44.3933,-71.1947,243.8,GORHAM AP
2025-03-27,USC00273488,USC00273488,Spring,-2.8,7.2,0.0,,,44.3933,-71.1947,243.8,GORHAM AP
2025-03-28,USC00273488,USC00273488,Spring,-5.6,6.7,0.0,,,44.3933,-71.1947,243.8,GORHAM AP
2025-03-29,USC00273488,USC00273488,Spring,-2.8,7.2,12.7,,,44.3933,-71.1947,243.8,GORHAM AP
2025-03-30,USC00273488,USC00273488,Spring,-2.8,1.7,0.8,,,44.3933,-71.1947,243.8,GORHAM AP
2025-03-31,USC00273488,USC00273488,Spring,-1.7,1.1,12.2,,,44.3933,-71.1947,243.8,GORHAM AP
2025-04-01,USC00273488,USC00273488,Spring,0.6,8.3,6.6,,,44.3933,-71.1947,243.8,GORHAM AP
2025-04-02,USC00273488,USC00273488,Spring,-8.3,3.9,0.0,,,44.3933,-71.1947,243.8,GORHAM AP
2025-04-03,USC00273488,USC00273488,Spring,-5.6,5.6,6.4,,,44.3933,-71.1947,243.8,GORHAM AP
2025-04-04,USC00273488,USC00273488,Spring,0.0,13.3,9.7,,,44.3933,-71.1947,243.8,GORHAM AP
2025-04-05,USC00273488,USC00273488,Spring,-1.1,10.6,0.0,,,44.3933,-71.1947,243.8,GORHAM AP
2025-04-06,USC00273488,USC00273488,Spring,1.1,5.0,4.8,,,44.3933,-71.1947,243.8,GORHAM AP
2025-04-07,USC00273488,USC00273488,Spring,-0.6,10.0,0.0,,,44.3933,-71.1947,243.8,GORHAM AP
2025-04-08,USC00273488,USC00273488,Spring,0.6,6.1,0.0,,,44.3933,-71.1947,243.8,GORHAM AP
2025-04-09,USC00273488,USC00273488,Spring,-6.1,1.7,3.6,,,44.3933,-71.1947,243.8,GORHAM AP
2025-04-10,USC00273488,USC00273488,Spring,-8.3,2.8,0.0,,,44.3933,-71.1947,243.8,GORHAM AP
2025-04-11,USC00273488,USC00273488,Spring,-5.0,10.6,0.8,,,44.3933,-71.1947,243.8,GORHAM AP
2025-04-12,USC00273488,USC00273488,Spring,-2.8,5.0,0.3,,,44.3933,-71.1947,243.8,GORHAM AP
2025-04-13,USC00273488,USC00273488,Spring,1.1,3.9,3.8,,,44.3933,-71.1947,243.8,GORHAM AP
2025-04-14,USC00273488,USC00273488,Spring,-2.2,5.6,0.3,,,44.3933,-71.1947,243.8,GORHAM AP
2025-04-15,USC00273488,USC00273488,Spring,3.3,17.2,0.0,,,44.3933,-71.1947,243.8,GORHAM AP
2025-04-16,USC00273488,USC00273488,Spring,2.2,19.4,4.6,,,44.3933,-71.1947,243.8,GORHAM AP
2025-04-17,USC00273488,USC00273488,Spring,0.0,5.0,0.0,,,44.3933,-71.1947,243.8,GORHAM AP
2025-04-18,USC00273488,USC00273488,Spring,-2.2,10.0,0.0,,,44.3933,-71.1947,243.8,GORHAM AP
2025-04-19,USC00273488,USC00273488,Spring,1.7,18.9,1.5,,,44.3933,-71.1947,243.8,GORHAM AP
2025-04-20,USC00273488,USC00273488,Spring,4.4,21.7,3.3,,,44.3933,-71.1947,243.8,GORHAM AP
2025-04-21,USC00273488,USC00273488,Spring,-2.8,10.6,0.0,,,44.3933,-71.1947,243.8,GORHAM AP
2025-04-22,USC00273488,USC00273488,Spring,2.2,18.3,0.8,,,44.3933,-71.1947,243.8,GORHAM AP
2025-03-26,USC00273535,USC00273535,Spring,-7.2,-2.8,3.8,20.0,381.0,44.3325,-71.3094,1332.9,GRAY KNOB
2025-03-27,USC00273535,USC00273535,Spring,-10.0,-5.0,4.3,46.0,432.0,44.3325,-71.3094,1332.9,GRAY KNOB
2025-03-28,USC00273535,USC00273535,Spring,-10.6,-7.8,1.0,0.0,432.0,44.3325,-71.3094,1332.9,GRAY KNOB
2025-03-29,USC00273535,USC00273535,Spring,-9.4,-4.4,11.7,178.0,610.0,44.3325,-71.3094,1332.9,GRAY KNOB
2025-03-30,USC00273535,USC00273535,Spring,-8.9,0.0,5.3,46.0,635.0,44.3325,-71.3094,1332.9,GRAY KNOB
2025-04-01,USC00273535,USC00273535,Spring,-8.3,5.6,2.5,3.0,152.0,44.3325,-71.3094,1332.9,GRAY KNOB
2025-04-02,USC00273535,USC00273535,Spring,-15.6,-9.4,0.0,,127.0,44.3325,-71.3094,1332.9,GRAY KNOB
2025-04-03,USC00273535,USC00273535,Spring,-13.3,0.6,7.6,8.0,127.0,44.3325,-71.3094,1332.9,GRAY KNOB
2025-04-04,USC00273535,USC00273535,Spring,-4.4,5.6,7.6,0.0,0.0,44.3325,-71.3094,1332.9,GRAY KNOB
2025-04-07,USC00273535,USC00273535,Spring,-7.8,-0.6,0.0,,,44.3325,-71.3094,1332.9,GRAY KNOB
2025-04-08,USC00273535,USC00273535,Spring,-6.7,-4.4,25.4,,25.0,44.3325,-71.3094,1332.9,GRAY KNOB
2025-04-09,USC00273535,USC00273535,Spring,-15.6,-5.6,,559.0,559.0,44.3325,-71.3094,1332.9,GRAY KNOB
2025-04-10,USC00273535,USC00273535,Spring,-14.4,-6.7,0.0,,559.0,44.3325,-71.3094,1332.9,GRAY KNOB
2025-04-11,USC00273535,USC00273535,Spring,-7.8,-1.1,12.7,13.0,356.0,44.3325,-71.3094,1332.9,GRAY KNOB
2025-04-12,USC00273535,USC00273535,Spring,-1.7,-0.6,50.8,51.0,381.0,44.3325,-71.3094,1332.9,GRAY KNOB
2025-04-13,USC00273535,USC00273535,Spring,-3.9,0.0,0.0,0.0,356.0,44.3325,-71.3094,1332.9,GRAY KNOB
2025-04-14,USC00273535,USC00273535,Spring,-6.1,-3.9,50.8,51.0,330.0,44.3325,-71.3094,1332.9,GRAY KNOB
2025-04-15,USC00273535,USC00273535,Spring,-5.6,3.3,0.0,0.0,178.0,44.3325,-71.3094,1332.9,GRAY KNOB
2025-04-16,USC00273535,USC00273535,Spring,-5.6,8.3,0.0,0.0,178.0,44.3325,-71.3094,1332.9,GRAY KNOB
2025-04-17,USC00273535,USC00273535,Spring,-9.4,-5.6,9.7,13.0,203.0,44.3325,-71.3094,1332.9,GRAY KNOB
2025-04-18,USC00273535,USC00273535,Spring,-8.3,-3.3,0.0,0.0,203.0,44.3325,-71.3094,1332.9,GRAY KNOB
2025-04-19,USC00273535,USC00273535,Spring,-5.6,7.8,2.5,0.0,127.0,44.3325,-71.3094,1332.9,GRAY KNOB
2025-04-20,USC00273535,USC00273535,Spring,-6.1,10.0,0.0,0.0,0.0,44.3325,-71.3094,1332.9,GRAY KNOB
2025-03-26,USC00273626,USC00273626,Spring,-2.2,9.4,0.0,0.0,0.0,43.0211,-70.8258,29.0,GREENLAND
2025-03-27,USC00273626,USC00273626,Spring,-1.7,10.0,0.0,0.0,0.0,43.0211,-70.8258,29.0,GREENLAND
2025-03-28,USC00273626,USC00273626,Spring,-2.2,9.4,0.0,0.0,0.0,43.0211,-70.8258,29.0,GREENLAND
2025-03-29,USC00273626,USC00273626,Spring,0.6,14.4,2.5,0.0,0.0,43.0211,-70.8258,29.0,GREENLAND
2025-03-30,USC00273626,USC00273626,Spring,-1.1,0.6,8.6,0.0,0.0,43.0211,-70.8258,29.0,GREENLAND
2025-03-31,USC00273626,USC00273626,Spring,0.0,3.9,6.1,0.0,0.0,43.0211,-70.8258,29.0,GREENLAND
2025-04-02,USC00273626,USC00273626,Spring,-2.2,8.9,0.0,0.0,0.0,43.0211,-70.8258,29.0,GREENLAND
2025-04-03,USC00273626,USC00273626,Spring,-0.6,5.0,16.3,0.0,0.0,43.0211,-70.8258,29.0,GREENLAND
2025-04-04,USC00273626,USC00273626,Spring,3.3,10.6,9.7,0.0,0.0,43.0211,-70.8258,29.0,GREENLAND
2025-04-05,USC00273626,USC00273626,Spring,0.0,17.8,0.0,0.0,0.0,43.0211,-70.8258,29.0,GREENLAND
2025-04-06,USC00273626,USC00273626,Spring,-0.6,17.8,12.7,0.0,0.0,43.0211,-70.8258,29.0,GREENLAND
2025-04-07,USC00273626,USC00273626,Spring,1.7,11.1,6.6,0.0,0.0,43.0211,-70.8258,29.0,GREENLAND
2025-03-26,USC00273658,USC00273658,Spring,-4.4,6.7,0.0,0.0,0.0,42.7828,-71.7986,274.3,GREENVILLE 1 NNE
2025-03-27,USC00273658,USC00273658,Spring,-4.4,8.9,0.0,0.0,0.0,42.7828,-71.7986,274.3,GREENVILLE 1 NNE
2025-03-28,USC00273658,USC00273658,Spring,-1.7,7.8,0.0,0.0,0.0,42.7828,-71.7986,274.3,GREENVILLE 1 NNE
2025-03-29,USC00273658,USC00273658,Spring,-1.7,12.2,5.1,0.0,0.0,42.7828,-71.7986,274.3,GREENVILLE 1 NNE
2025-03-30,USC00273658,USC00273658,Spring,-2.2,-1.1,10.2,0.0,0.0,42.7828,-71.7986,274.3,GREENVILLE 1 NNE
2025-03-31,USC00273658,USC00273658,Spring,-1.1,0.0,2.5,0.0,0.0,42.7828,-71.7986,274.3,GREENVILLE 1 NNE
2025-04-01,USC00273658,USC00273658,Spring,0.0,15.0,10.7,,,42.7828,-71.7986,274.3,GREENVILLE 1 NNE
2025-03-28,USC00273850,USC00273850,Spring,-1.7,8.3,,,0.0,43.7053,-72.2856,178.0,HANOVER
2025-04-01,USC00273850,USC00273850,Spring,0.6,8.9,,,,43.7053,-72.2856,178.0,HANOVER
2025-04-02,USC00273850,USC00273850,Spring,-5.0,5.6,0.0,,,43.7053,-72.2856,178.0,HANOVER
2025-04-03,USC00273850,USC00273850,Spring,-0.6,7.2,18.0,,,43.7053,-72.2856,178.0,HANOVER
2025-04-04,USC00273850,USC00273850,Spring,3.3,13.9,0.0,,,43.7053,-72.2856,178.0,HANOVER
2025-04-05,USC00273850,USC00273850,Spring,1.1,12.8,5.6,,,43.7053,-72.2856,178.0,HANOVER
2025-04-06,USC00273850,USC00273850,Spring,2.8,12.2,2.3,,,43.7053,-72.2856,178.0,HANOVER
2025-04-07,USC00273850,USC00273850,Spring,-6.1,11.7,0.0,,,43.7053,-72.2856,178.0,HANOVER
2025-04-08,USC00273850,USC00273850,Spring,-2.2,4.4,1.5,,,43.7053,-72.2856,178.0,HANOVER
2025-04-09,USC00273850,USC00273850,Spring,-5.0,5.0,0.0,,,43.7053,-72.2856,178.0,HANOVER
2025-04-13,USC00273850,USC00273850,Spring,1.1,8.3,,,,43.7053,-72.2856,178.0,HANOVER
2025-04-14,USC00273850,USC00273850,Spring,-2.2,18.3,0.3,,,43.7053,-72.2856,178.0,HANOVER
2025-04-15,USC00273850,USC00273850,Spring,6.7,18.9,1.0,,,43.7053,-72.2856,178.0,HANOVER
2025-04-16,USC00273850,USC00273850,Spring,3.9,14.4,0.0,,,43.7053,-72.2856,178.0,HANOVER
2025-04-17,USC00273850,USC00273850,Spring,1.1,12.2,0.0,,,43.7053,-72.2856,178.0,HANOVER
2025-04-18,USC00273850,USC00273850,Spring,-3.3,18.3,0.0,,,43.7053,-72.2856,178.0,HANOVER
2025-04-21,USC00273850,USC00273850,Spring,-1.7,17.8,,,,43.7053,-72.2856,178.0,HANOVER
2025-03-26,USC00273860,USC00273860,Spring,-9.4,-2.8,3.0,25.0,889.0,44.2614,-71.2833,1142.7,HERMIT LAKE SNOWPLOT
2025-03-27,USC00273860,USC00273860,Spring,-10.0,-0.6,5.8,76.0,940.0,44.2614,-71.2833,1142.7,HERMIT LAKE SNOWPLOT
2025-03-28,USC00273860,USC00273860,Spring,-10.0,-5.0,0.0,0.0,965.0,44.2614,-71.2833,1142.7,HERMIT LAKE SNOWPLOT
2025-03-29,USC00273860,USC00273860,Spring,-7.2,1.1,10.2,102.0,1067.0,44.2614,-71.2833,1142.7,HERMIT LAKE SNOWPLOT
2025-03-30,USC00273860,USC00273860,Spring,-6.1,-1.1,8.9,71.0,1092.0,44.2614,-71.2833,1142.7,HERMIT LAKE SNOWPLOT
2025-03-31,USC00273860,USC00273860,Spring,-7.2,8.9,12.7,0.0,914.0,44.2614,-71.2833,1142.7,HERMIT LAKE SNOWPLOT
2025-04-03,USC00273860,USC00273860,Spring,-12.8,-1.1,3.0,10.0,787.0,44.2614,-71.2833,1142.7,HERMIT LAKE SNOWPLOT
2025-04-04,USC00273860,USC00273860,Spring,-5.0,10.0,17.8,0.0,711.0,44.2614,-71.2833,1142.7,HERMIT LAKE SNOWPLOT
2025-04-05,USC00273860,USC00273860,Spring,-1.7,2.2,0.0,0.0,711.0,44.2614,-71.2833,1142.7,HERMIT LAKE SNOWPLOT
2025-04-07,USC00273860,USC00273860,Spring,-6.1,1.7,0.0,0.0,711.0,44.2614,-71.2833,1142.7,HERMIT LAKE SNOWPLOT
2025-04-08,USC00273860,USC00273860,Spring,-5.6,-1.1,0.0,0.0,711.0,44.2614,-71.2833,1142.7,HERMIT LAKE SNOWPLOT
2025-04-09,USC00273860,USC00273860,Spring,-15.0,-2.8,8.9,109.0,838.0,44.2614,-71.2833,1142.7,HERMIT LAKE SNOWPLOT
2025-04-10,USC00273860,USC00273860,Spring,-15.0,-2.8,0.0,0.0,889.0,44.2614,-71.2833,1142.7,HERMIT LAKE SNOWPLOT
2025-04-11,USC00273860,USC00273860,Spring,-12.2,6.1,0.0,0.0,838.0,44.2614,-71.2833,1142.7,HERMIT LAKE SNOWPLOT
2025-04-14,USC00273860,USC00273860,Spring,-2.8,2.2,0.0,20.0,889.0,44.2614,-71.2833,1142.7,HERMIT LAKE SNOWPLOT
2025-04-15,USC00273860,USC00273860,Spring,-0.6,12.8,0.0,0.0,813.0,44.2614,-71.2833,1142.7,HERMIT LAKE SNOWPLOT
2025-04-16,USC00273860,USC00273860,Spring,-4.4,8.9,4.1,20.0,787.0,44.2614,-71.2833,1142.7,HERMIT LAKE SNOWPLOT
2025-04-17,USC00273860,USC00273860,Spring,-7.2,-2.8,5.1,30.0,813.0,44.2614,-71.2833,1142.7,HERMIT LAKE SNOWPLOT
2025-04-18,USC00273860,USC00273860,Spring,-8.9,0.0,0.0,0.0,787.0,44.2614,-71.2833,1142.7,HERMIT LAKE SNOWPLOT
2025-04-19,USC00273860,USC00273860,Spring,0.0,15.0,0.0,0.0,711.0,44.2614,-71.2833,1142.7,HERMIT LAKE SNOWPLOT
2025-04-20,USC00273860,USC00273860,Spring,-5.0,16.1,0.0,0.0,610.0,44.2614,-71.2833,1142.7,HERMIT LAKE SNOWPLOT
2025-04-21,USC00273860,USC00273860,Spring,-5.0,0.6,0.0,0.0,0.0,44.2614,-71.2833,1142.7,HERMIT LAKE SNOWPLOT
2025-03-26,USC00274176,USC00274176,Spring,,,0.0,0.0,51.0,43.7739,-71.6556,249.9,HOLDERNESS 4.6 NW
2025-03-29,USC00274176,USC00274176,Spring,,,9.4,64.0,76.0,43.7739,-71.6556,249.9,HOLDERNESS 4.6 NW
2025-03-30,USC00274176,USC00274176,Spring,,,5.1,0.0,76.0,43.7739,-71.6556,249.9,HOLDERNESS 4.6 NW
2025-03-31,USC00274176,USC00274176,Spring,,,18.3,0.0,76.0,43.7739,-71.6556,249.9,HOLDERNESS 4.6 NW
2025-04-02,USC00274176,USC00274176,Spring,,,0.0,0.0,0.0,43.7739,-71.6556,249.9,HOLDERNESS 4.6 NW
2025-04-08,USC00274176,USC00274176,Spring,,,0.0,0.0,0.0,43.7739,-71.6556,249.9,HOLDERNESS 4.6 NW
2025-04-12,USC00274176,USC00274176,Spring,,,2.3,5.0,0.0,43.7739,-71.6556,249.9,HOLDERNESS 4.6 NW
2025-04-18,USC00274176,USC00274176,Spring,,,0.0,0.0,0.0,43.7739,-71.6556,249.9,HOLDERNESS 4.6 NW
2025-04-19,USC00274176,USC00274176,Spring,,,0.3,0.0,0.0,43.7739,-71.6556,249.9,HOLDERNESS 4.6 NW
2025-04-20,USC00274176,USC00274176,Spring,,,0.0,0.0,0.0,43.7739,-71.6556,249.9,HOLDERNESS 4.6 NW
2025-04-21,USC00274176,USC00274176,Spring,,,0.0,0.0,0.0,43.7739,-71.6556,249.9,HOLDERNESS 4.6 NW
2025-04-22,USC00274176,USC00274176,Spring,,,2.3,0.0,0.0,43.7739,-71.6556,249.9,HOLDERNESS 4.6 NW
2025-03-26,USC00274218,USC00274218,Spring,-2.8,5.6,0.0,0.0,0.0,43.1889,-71.7461,131.1,HOPKINTON LAKE
2025-03-27,USC00274218,USC00274218,Spring,-2.2,8.9,0.0,0.0,0.0,43.1889,-71.7461,131.1,HOPKINTON LAKE
2025-03-28,USC00274218,USC00274218,Spring,-2.2,8.9,0.0,0.0,0.0,43.1889,-71.7461,131.1,HOPKINTON LAKE
2025-03-29,USC00274218,USC00274218,Spring,-1.7,12.2,,0.0,0.0,43.1889,-71.7461,131.1,HOPKINTON LAKE
2025-03-30,USC00274218,USC00274218,Spring,-1.1,0.0,,0.0,0.0,43.1889,-71.7461,131.1,HOPKINTON LAKE
2025-03-31,USC00274218,USC00274218,Spring,-0.6,1.1,,0.0,0.0,43.1889,-71.7461,131.1,HOPKINTON LAKE
2025-04-01,USC00274218,USC00274218,Spring,0.6,8.9,3.8,0.0,0.0,43.1889,-71.7461,131.1,HOPKINTON LAKE
2025-04-02,USC00274218,USC00274218,Spring,-2.8,7.8,0.0,0.0,0.0,43.1889,-71.7461,131.1,HOPKINTON LAKE
2025-04-03,USC00274218,USC00274218,Spring,-4.4,6.7,10.9,,,43.1889,-71.7461,131.1,HOPKINTON LAKE
2025-04-04,USC00274218,USC00274218,Spring,0.6,5.6,7.6,,,43.1889,-71.7461,131.1,HOPKINTON LAKE
2025-04-05,USC00274218,USC00274218,Spring,1.7,16.7,0.0,0.0,0.0,43.1889,-71.7461,131.1,HOPKINTON LAKE
2025-04-06,USC00274218,USC00274218,Spring,1.7,5.6,,0.0,0.0,43.1889,-71.7461,131.1,HOPKINTON LAKE
2025-04-07,USC00274218,USC00274218,Spring,1.7,13.3,,,0.0,43.1889,-71.7461,131.1,HOPKINTON LAKE
2025-04-08,USC00274218,USC00274218,Spring,0.6,3.9,0.5,0.0,0.0,43.1889,-71.7461,131.1,HOPKINTON LAKE
2025-04-09,USC00274218,USC00274218,Spring,-3.9,3.3,1.3,0.0,0.0,43.1889,-71.7461,131.1,HOPKINTON LAKE
2025-04-11,USC00274218,USC00274218,Spring,-5.0,10.0,2.5,,,43.1889,-71.7461,131.1,HOPKINTON LAKE
2025-04-12,USC00274218,USC00274218,Spring,0.0,2.2,3.0,51.0,,43.1889,-71.7461,131.1,HOPKINTON LAKE
2025-04-13,USC00274218,USC00274218,Spring,0.0,5.6,13.5,,,43.1889,-71.7461,131.1,HOPKINTON LAKE
2025-04-14,USC00274218,USC00274218,Spring,0.0,6.1,0.0,,,43.1889,-71.7461,131.1,HOPKINTON LAKE
2025-04-15,USC00274218,USC00274218,Spring,4.4,19.4,6.6,0.0,0.0,43.1889,-71.7461,131.1,HOPKINTON LAKE
2025-04-16,USC00274218,USC00274218,Spring,3.9,19.4,0.0,0.0,0.0,43.1889,-71.7461,131.1,HOPKINTON LAKE
2025-04-17,USC00274218,USC00274218,Spring,3.9,8.9,0.0,0.0,0.0,43.1889,-71.7461,131.1,HOPKINTON LAKE
2025-04-18,USC00274218,USC00274218,Spring,-2.8,13.9,0.0,0.0,0.0,43.1889,-71.7461,131.1,HOPKINTON LAKE
2025-04-19,USC00274218,USC00274218,Spring,-2.2,18.9,0.0,0.0,0.0,43.1889,-71.7461,131.1,HOPKINTON LAKE
2025-04-20,USC00274218,USC00274218,Spring,9.4,26.1,0.5,0.0,0.0,43.1889,-71.7461,131.1,HOPKINTON LAKE
2025-04-21,USC00274218,USC00274218,Spring,0.0,14.4,0.0,0.0,0.0,43.1889,-71.7461,131.1,HOPKINTON LAKE
2025-04-22,USC00274218,USC00274218,Spring,1.7,17.2,4.1,0.0,0.0,43.1889,-71.7461,131.1,HOPKINTON LAKE
2025-03-26,USC00274234,USC00274234,Spring,-3.3,8.9,0.0,0.0,0.0,42.7831,-71.4147,56.4,HUDSON 1 SSE
2025-03-27,USC00274234,USC00274234,Spring,-5.0,10.0,0.0,0.0,0.0,42.7831,-71.4147,56.4,HUDSON 1 SSE
2025-03-28,USC00274234,USC00274234,Spring,-2.8,9.4,0.0,0.0,0.0,42.7831,-71.4147,56.4,HUDSON 1 SSE
2025-03-29,USC00274234,USC00274234,Spring,-0.6,15.0,3.6,0.0,0.0,42.7831,-71.4147,56.4,HUDSON 1 SSE
2025-03-30,USC00274234,USC00274234,Spring,0.0,1.7,8.1,0.0,0.0,42.7831,-71.4147,56.4,HUDSON 1 SSE
2025-03-31,USC00274234,USC00274234,Spring,0.6,4.4,2.3,0.0,0.0,42.7831,-71.4147,56.4,HUDSON 1 SSE
2025-04-01,USC00274234,USC00274234,Spring,3.3,16.7,11.7,0.0,0.0,42.7831,-71.4147,56.4,HUDSON 1 SSE
2025-04-02,USC00274234,USC00274234,Spring,-2.8,10.0,0.0,0.0,0.0,42.7831,-71.4147,56.4,HUDSON 1 SSE
2025-04-03,USC00274234,USC00274234,Spring,-1.1,8.3,10.9,0.0,0.0,42.7831,-71.4147,56.4,HUDSON 1 SSE
2025-04-04,USC00274234,USC00274234,Spring,2.8,12.2,6.4,0.0,0.0,42.7831,-71.4147,56.4,HUDSON 1 SSE
2025-04-05,USC00274234,USC00274234,Spring,1.7,20.0,0.0,0.0,0.0,42.7831,-71.4147,56.4,HUDSON 1 SSE
2025-04-06,USC00274234,USC00274234,Spring,3.3,7.2,12.4,0.0,0.0,42.7831,-71.4147,56.4,HUDSON 1 SSE
2025-04-07,USC00274234,USC00274234,Spring,1.1,11.7,6.4,0.0,0.0,42.7831,-71.4147,56.4,HUDSON 1 SSE
2025-04-08,USC00274234,USC00274234,Spring,1.1,3.3,3.3,0.0,0.0,42.7831,-71.4147,56.4,HUDSON 1 SSE
2025-04-09,USC00274234,USC00274234,Spring,-3.3,4.4,3.6,0.0,0.0,42.7831,-71.4147,56.4,HUDSON 1 SSE
2025-04-10,USC00274234,USC00274234,Spring,-5.0,7.8,0.0,0.0,0.0,42.7831,-71.4147,56.4,HUDSON 1 SSE
2025-04-11,USC00274234,USC00274234,Spring,-1.7,11.7,3.0,0.0,0.0,42.7831,-71.4147,56.4,HUDSON 1 SSE
2025-04-12,USC00274234,USC00274234,Spring,0.0,8.9,9.7,38.0,51.0,42.7831,-71.4147,56.4,HUDSON 1 SSE
2025-04-13,USC00274234,USC00274234,Spring,0.0,3.3,3.8,5.0,0.0,42.7831,-71.4147,56.4,HUDSON 1 SSE
2025-04-14,USC00274234,USC00274234,Spring,-1.7,9.4,0.0,0.0,0.0,42.7831,-71.4147,56.4,HUDSON 1 SSE
2025-04-15,USC00274234,USC00274234,Spring,2.2,20.0,1.5,0.0,0.0,42.7831,-71.4147,56.4,HUDSON 1 SSE
2025-04-16,USC00274234,USC00274234,Spring,3.3,20.6,0.0,0.0,0.0,42.7831,-71.4147,56.4,HUDSON 1 SSE
2025-04-17,USC00274234,USC00274234,Spring,2.8,11.1,0.0,0.0,0.0,42.7831,-71.4147,56.4,HUDSON 1 SSE
2025-04-18,USC00274234,USC00274234,Spring,-3.3,15.6,0.0,0.0,0.0,42.7831,-71.4147,56.4,HUDSON 1 SSE
2025-04-19,USC00274234,USC00274234,Spring,3.3,20.6,0.0,0.0,0.0,42.7831,-71.4147,56.4,HUDSON 1 SSE
2025-04-20,USC00274234,USC00274234,Spring,11.7,27.2,0.8,0.0,0.0,42.7831,-71.4147,56.4,HUDSON 1 SSE
2025-04-21,USC00274234,USC00274234,Spring,-1.1,16.7,0.0,0.0,0.0,42.7831,-71.4147,56.4,HUDSON 1 SSE
2025-04-22,USC00274234,USC00274234,Spring,6.1,17.8,4.8,0.0,0.0,42.7831,-71.4147,56.4,HUDSON 1 SSE
2025-03-26,USC00274304,USC00274304,Spring,-2.2,8.3,0.0,0.0,0.0,42.8089,-72.0053,313.9,JAFFREY SILVER RCH AIRPARK
2025-03-27,USC00274304,USC00274304,Spring,-3.3,9.4,0.0,0.0,0.0,42.8089,-72.0053,313.9,JAFFREY SILVER RCH AIRPARK
2025-03-28,USC00274304,USC00274304,Spring,-0.6,8.3,0.0,0.0,0.0,42.8089,-72.0053,313.9,JAFFREY SILVER RCH AIRPARK
2025-03-29,USC00274304,USC00274304,Spring,0.6,13.3,4.1,0.0,0.0,42.8089,-72.0053,313.9,JAFFREY SILVER RCH AIRPARK
2025-03-30,USC00274304,USC00274304,Spring,0.6,6.7,9.9,0.0,0.0,42.8089,-72.0053,313.9,JAFFREY SILVER RCH AIRPARK
2025-03-31,USC00274304,USC00274304,Spring,1.7,2.8,3.0,0.0,0.0,42.8089,-72.0053,313.9,JAFFREY SILVER RCH AIRPARK
2025-04-01,USC00274304,USC00274304,Spring,2.8,15.0,9.9,,,42.8089,-72.0053,313.9,JAFFREY SILVER RCH AIRPARK
2025-04-02,USC00274304,USC00274304,Spring,-2.8,13.9,0.0,,,42.8089,-72.0053,313.9,JAFFREY SILVER RCH AIRPARK
2025-04-03,USC00274304,USC00274304,Spring,-1.7,8.9,15.2,,,42.8089,-72.0053,313.9,JAFFREY SILVER RCH AIRPARK
2025-04-04,USC00274304,USC00274304,Spring,2.2,15.6,,,,42.8089,-72.0053,313.9,JAFFREY SILVER RCH AIRPARK
2025-04-05,USC00274304,USC00274304,Spring,2.8,16.7,0.0,,,42.8089,-72.0053,313.9,JAFFREY SILVER RCH AIRPARK
2025-04-06,USC00274304,USC00274304,Spring,3.3,6.7,15.2,,,42.8089,-72.0053,313.9,JAFFREY SILVER RCH AIRPARK
2025-04-07,USC00274304,USC00274304,Spring,1.7,12.2,,25.0,25.0,42.8089,-72.0053,313.9,JAFFREY SILVER RCH AIRPARK
2025-04-08,USC00274304,USC00274304,Spring,1.1,6.7,,0.0,0.0,42.8089,-72.0053,313.9,JAFFREY SILVER RCH AIRPARK
2025-04-09,USC00274304,USC00274304,Spring,-6.1,3.9,2.0,0.0,0.0,42.8089,-72.0053,313.9,JAFFREY SILVER RCH AIRPARK
2025-04-10,USC00274304,USC00274304,Spring,-5.0,6.1,0.0,,,42.8089,-72.0053,313.9,JAFFREY SILVER RCH AIRPARK
2025-04-11,USC00274304,USC00274304,Spring,0.0,11.7,3.8,30.0,25.0,42.8089,-72.0053,313.9,JAFFREY SILVER RCH AIRPARK
2025-04-12,USC00274304,USC00274304,Spring,0.0,8.9,14.0,140.0,127.0,42.8089,-72.0053,313.9,JAFFREY SILVER RCH AIRPARK
2025-04-13,USC00274304,USC00274304,Spring,1.1,3.3,0.8,,51.0,42.8089,-72.0053,313.9,JAFFREY SILVER RCH AIRPARK
2025-04-14,USC00274304,USC00274304,Spring,1.1,8.9,0.0,,0.0,42.8089,-72.0053,313.9,JAFFREY SILVER RCH AIRPARK
2025-04-15,USC00274304,USC00274304,Spring,4.4,18.9,0.0,,,42.8089,-72.0053,313.9,JAFFREY SILVER RCH AIRPARK
2025-04-16,USC00274304,USC00274304,Spring,2.2,20.6,1.3,,,42.8089,-72.0053,313.9,JAFFREY SILVER RCH AIRPARK
2025-04-17,USC00274304,USC00274304,Spring,1.7,8.9,0.0,0.0,0.0,42.8089,-72.0053,313.9,JAFFREY SILVER RCH AIRPARK
2025-04-18,USC00274304,USC00274304,Spring,-2.2,12.8,0.0,,,42.8089,-72.0053,313.9,JAFFREY SILVER RCH AIRPARK
2025-04-19,USC00274304,USC00274304,Spring,2.2,18.9,0.0,,,42.8089,-72.0053,313.9,JAFFREY SILVER RCH AIRPARK
2025-04-20,USC00274304,USC00274304,Spring,8.9,25.6,1.3,,,42.8089,-72.0053,313.9,JAFFREY SILVER RCH AIRPARK
2025-04-21,USC00274304,USC00274304,Spring,-0.6,17.2,0.0,,,42.8089,-72.0053,313.9,JAFFREY SILVER RCH AIRPARK
2025-04-22,USC00274304,USC00274304,Spring,6.7,18.3,3.3,,,42.8089,-72.0053,313.9,JAFFREY SILVER RCH AIRPARK
2025-03-26,USC00274329,USC00274329,Spring,-2.2,4.4,0.0,0.0,0.0,44.4169,-71.5008,376.4,JEFFERSON
2025-03-27,USC00274329,USC00274329,Spring,-3.9,5.6,0.8,8.0,0.0,44.4169,-71.5008,376.4,JEFFERSON
2025-03-28,USC00274329,USC00274329,Spring,-3.3,4.4,0.0,0.0,0.0,44.4169,-71.5008,376.4,JEFFERSON
2025-03-29,USC00274329,USC00274329,Spring,-3.3,5.6,12.4,132.0,127.0,44.4169,-71.5008,376.4,JEFFERSON
2025-03-30,USC00274329,USC00274329,Spring,-3.3,4.4,0.3,3.0,127.0,44.4169,-71.5008,376.4,JEFFERSON
2025-03-31,USC00274329,USC00274329,Spring,-1.1,1.1,20.6,0.0,102.0,44.4169,-71.5008,376.4,JEFFERSON
2025-04-01,USC00274329,USC00274329,Spring,-1.1,12.2,4.1,0.0,0.0,44.4169,-71.5008,376.4,JEFFERSON
2025-04-02,USC00274329,USC00274329,Spring,-8.9,1.1,0.0,0.0,0.0,44.4169,-71.5008,376.4,JEFFERSON
2025-04-03,USC00274329,USC00274329,Spring,-8.9,3.3,7.9,0.0,0.0,44.4169,-71.5008,376.4,JEFFERSON
2025-04-04,USC00274329,USC00274329,Spring,0.6,10.0,0.3,0.0,0.0,44.4169,-71.5008,376.4,JEFFERSON
2025-04-05,USC00274329,USC00274329,Spring,-1.1,8.9,0.0,,0.0,44.4169,-71.5008,376.4,JEFFERSON
2025-04-06,USC00274329,USC00274329,Spring,0.0,6.7,16.8,0.0,,44.4169,-71.5008,376.4,JEFFERSON
2025-04-07,USC00274329,USC00274329,Spring,-1.1,8.9,0.0,,,44.4169,-71.5008,376.4,JEFFERSON
2025-04-08,USC00274329,USC00274329,Spring,-1.1,6.7,0.0,,,44.4169,-71.5008,376.4,JEFFERSON
2025-04-09,USC00274329,USC00274329,Spring,-7.8,2.2,6.1,94.0,102.0,44.4169,-71.5008,376.4,JEFFERSON
2025-04-10,USC00274329,USC00274329,Spring,-7.8,2.2,0.0,,0.0,44.4169,-71.5008,376.4,JEFFERSON
2025-04-11,USC00274329,USC00274329,Spring,-7.8,7.8,1.8,3.0,0.0,44.4169,-71.5008,376.4,JEFFERSON
2025-04-12,USC00274329,USC00274329,Spring,0.0,6.7,0.0,,,44.4169,-71.5008,376.4,JEFFERSON
2025-04-13,USC00274329,USC00274329,Spring,0.0,6.7,0.5,0.0,0.0,44.4169,-71.5008,376.4,JEFFERSON
2025-04-14,USC00274329,USC00274329,Spring,-1.1,5.6,0.0,,,44.4169,-71.5008,376.4,JEFFERSON
2025-04-15,USC00274329,USC00274329,Spring,-1.1,15.6,0.0,,,44.4169,-71.5008,376.4,JEFFERSON
2025-04-16,USC00274329,USC00274329,Spring,1.1,18.9,3.3,0.0,0.0,44.4169,-71.5008,376.4,JEFFERSON
2025-04-17,USC00274329,USC00274329,Spring,-1.1,2.2,0.5,5.0,0.0,44.4169,-71.5008,376.4,JEFFERSON
2025-04-18,USC00274329,USC00274329,Spring,-3.3,8.3,0.0,,0.0,44.4169,-71.5008,376.4,JEFFERSON
2025-04-19,USC00274329,USC00274329,Spring,-2.8,17.8,1.8,,,44.4169,-71.5008,376.4,JEFFERSON
2025-04-20,USC00274329,USC00274329,Spring,3.3,18.9,0.0,,,44.4169,-71.5008,376.4,JEFFERSON
2025-04-21,USC00274329,USC00274329,Spring,-2.2,8.9,0.0,0.0,0.0,44.4169,-71.5008,376.4,JEFFERSON
2025-04-22,USC00274329,USC00274329,Spring,-2.2,17.8,3.3,,,44.4169,-71.5008,376.4,JEFFERSON
2025-03-26,USC00274399,USC00274399,Spring,-4.4,5.6,0.0,0.0,0.0,42.9389,-72.3247,155.8,KEENE
2025-03-27,USC00274399,USC00274399,Spring,-5.6,8.9,0.0,0.0,0.0,42.9389,-72.3247,155.8,KEENE
2025-03-28,USC00274399,USC00274399,Spring,-5.6,8.9,0.0,0.0,0.0,42.9389,-72.3247,155.8,KEENE
2025-03-29,USC00274399,USC00274399,Spring,-3.9,12.2,6.6,0.0,0.0,42.9389,-72.3247,155.8,KEENE
2025-03-30,USC00274399,USC00274399,Spring,0.0,1.1,12.7,0.0,0.0,42.9389,-72.3247,155.8,KEENE
2025-03-31,USC00274399,USC00274399,Spring,0.0,2.2,2.8,0.0,0.0,42.9389,-72.3247,155.8,KEENE
2025-04-01,USC00274399,USC00274399,Spring,1.1,16.1,4.6,0.0,0.0,42.9389,-72.3247,155.8,KEENE
2025-04-02,USC00274399,USC00274399,Spring,-3.3,13.3,0.0,0.0,0.0,42.9389,-72.3247,155.8,KEENE
2025-04-03,USC00274399,USC00274399,Spring,-2.8,8.3,19.3,0.0,0.0,42.9389,-72.3247,155.8,KEENE
2025-04-04,USC00274399,USC00274399,Spring,1.7,13.3,7.6,0.0,0.0,42.9389,-72.3247,155.8,KEENE
2025-04-05,USC00274399,USC00274399,Spring,0.6,17.8,0.0,0.0,0.0,42.9389,-72.3247,155.8,KEENE
2025-04-06,USC00274399,USC00274399,Spring,2.8,6.7,10.4,0.0,0.0,42.9389,-72.3247,155.8,KEENE
2025-04-07,USC00274399,USC00274399,Spring,0.0,13.3,5.3,0.0,0.0,42.9389,-72.3247,155.8,KEENE
2025-04-08,USC00274399,USC00274399,Spring,0.0,2.8,3.0,0.0,0.0,42.9389,-72.3247,155.8,KEENE
2025-04-09,USC00274399,USC00274399,Spring,-5.6,2.8,0.5,0.0,0.0,42.9389,-72.3247,155.8,KEENE
2025-04-10,USC00274399,USC00274399,Spring,-7.2,6.7,0.0,0.0,0.0,42.9389,-72.3247,155.8,KEENE
2025-04-11,USC00274399,USC00274399,Spring,-6.7,10.6,4.8,10.0,0.0,42.9389,-72.3247,155.8,KEENE
2025-04-12,USC00274399,USC00274399,Spring,0.0,6.7,3.8,33.0,25.0,42.9389,-72.3247,155.8,KEENE
2025-04-13,USC00274399,USC00274399,Spring,0.0,3.3,5.6,43.0,0.0,42.9389,-72.3247,155.8,KEENE
2025-04-14,USC00274399,USC00274399,Spring,-2.8,8.9,0.0,0.0,0.0,42.9389,-72.3247,155.8,KEENE
2025-04-15,USC00274399,USC00274399,Spring,-2.2,19.4,3.8,0.0,0.0,42.9389,-72.3247,155.8,KEENE
2025-04-16,USC00274399,USC00274399,Spring,2.2,19.4,1.3,0.0,0.0,42.9389,-72.3247,155.8,KEENE
2025-04-17,USC00274399,USC00274399,Spring,-1.1,8.3,0.0,0.0,0.0,42.9389,-72.3247,155.8,KEENE
2025-04-18,USC00274399,USC00274399,Spring,-5.0,14.4,0.0,0.0,0.0,42.9389,-72.3247,155.8,KEENE
2025-04-19,USC00274399,USC00274399,Spring,-3.3,19.4,0.0,0.0,0.0,42.9389,-72.3247,155.8,KEENE
2025-04-20,USC00274399,USC00274399,Spring,8.3,26.1,4.1,0.0,0.0,42.9389,-72.3247,155.8,KEENE
2025-04-21,USC00274399,USC00274399,Spring,-2.8,15.6,0.0,0.0,0.0,42.9389,-72.3247,155.8,KEENE
2025-04-22,USC00274399,USC00274399,Spring,-0.6,16.7,3.0,0.0,0.0,42.9389,-72.3247,155.8,KEENE
2025-03-26,USC00274480,USC00274480,Spring,-3.9,5.0,0.0,0.0,25.0,43.5492,-71.4644,152.4,LAKEPORT 2
2025-03-27,USC00274480,USC00274480,Spring,-2.8,7.8,0.0,0.0,0.0,43.5492,-71.4644,152.4,LAKEPORT 2
2025-03-28,USC00274480,USC00274480,Spring,-1.7,7.2,0.0,0.0,0.0,43.5492,-71.4644,152.4,LAKEPORT 2
2025-03-29,USC00274480,USC00274480,Spring,-1.1,11.7,3.0,0.0,0.0,43.5492,-71.4644,152.4,LAKEPORT 2
2025-03-30,USC00274480,USC00274480,Spring,-1.1,8.9,23.9,0.0,0.0,43.5492,-71.4644,152.4,LAKEPORT 2
2025-03-31,USC00274480,USC00274480,Spring,-1.1,4.4,3.0,0.0,0.0,43.5492,-71.4644,152.4,LAKEPORT 2
2025-04-01,USC00274480,USC00274480,Spring,0.0,5.6,2.5,0.0,0.0,43.5492,-71.4644,152.4,LAKEPORT 2
2025-04-02,USC00274480,USC00274480,Spring,-6.1,5.6,0.0,0.0,0.0,43.5492,-71.4644,152.4,LAKEPORT 2
2025-04-03,USC00274480,USC00274480,Spring,-5.0,6.1,4.1,0.0,0.0,43.5492,-71.4644,152.4,LAKEPORT 2
2025-04-04,USC00274480,USC00274480,Spring,0.6,5.6,13.0,0.0,0.0,43.5492,-71.4644,152.4,LAKEPORT 2
2025-04-05,USC00274480,USC00274480,Spring,1.7,13.3,0.0,0.0,0.0,43.5492,-71.4644,152.4,LAKEPORT 2
2025-04-06,USC00274480,USC00274480,Spring,2.2,4.4,9.9,0.0,0.0,43.5492,-71.4644,152.4,LAKEPORT 2
2025-04-07,USC00274480,USC00274480,Spring,2.8,4.4,0.0,0.0,0.0,43.5492,-71.4644,152.4,LAKEPORT 2
2025-04-08,USC00274480,USC00274480,Spring,0.0,5.6,0.0,0.0,0.0,43.5492,-71.4644,152.4,LAKEPORT 2
2025-04-09,USC00274480,USC00274480,Spring,-4.4,3.3,3.3,0.0,0.0,43.5492,-71.4644,152.4,LAKEPORT 2
2025-04-10,USC00274480,USC00274480,Spring,-5.6,6.7,0.0,0.0,0.0,43.5492,-71.4644,152.4,LAKEPORT 2
2025-04-11,USC00274480,USC00274480,Spring,-4.4,8.3,2.0,0.0,0.0,43.5492,-71.4644,152.4,LAKEPORT 2
2025-04-12,USC00274480,USC00274480,Spring,1.7,4.4,0.5,0.0,0.0,43.5492,-71.4644,152.4,LAKEPORT 2
2025-04-13,USC00274480,USC00274480,Spring,2.2,5.0,12.4,0.0,0.0,43.5492,-71.4644,152.4,LAKEPORT 2
2025-04-14,USC00274480,USC00274480,Spring,1.1,6.1,0.0,0.0,0.0,43.5492,-71.4644,152.4,LAKEPORT 2
2025-04-15,USC00274480,USC00274480,Spring,2.8,15.0,4.6,0.0,0.0,43.5492,-71.4644,152.4,LAKEPORT 2
2025-04-16,USC00274480,USC00274480,Spring,4.4,17.8,3.8,0.0,0.0,43.5492,-71.4644,152.4,LAKEPORT 2
2025-04-17,USC00274480,USC00274480,Spring,1.7,6.1,0.0,0.0,0.0,43.5492,-71.4644,152.4,LAKEPORT 2
2025-04-18,USC00274480,USC00274480,Spring,-1.1,11.7,0.0,0.0,0.0,43.5492,-71.4644,152.4,LAKEPORT 2
2025-04-19,USC00274480,USC00274480,Spring,0.6,16.7,0.0,0.0,0.0,43.5492,-71.4644,152.4,LAKEPORT 2
2025-04-20,USC00274480,USC00274480,Spring,8.9,22.8,0.0,0.0,0.0,43.5492,-71.4644,152.4,LAKEPORT 2
2025-04-21,USC00274480,USC00274480,Spring,0.0,12.8,0.0,0.0,0.0,43.5492,-71.4644,152.4,LAKEPORT 2
2025-04-22,USC00274480,USC00274480,Spring,0.0,16.7,3.0,0.0,0.0,43.5492,-71.4644,152.4,LAKEPORT 2
2025-03-26,USC00274734,USC00274734,Spring,-5.6,5.0,0.5,,,44.0425,-71.6728,246.0,LINCOLN NEPP
2025-03-27,USC00274734,USC00274734,Spring,-4.4,6.7,1.8,,,44.0425,-71.6728,246.0,LINCOLN NEPP
2025-03-28,USC00274734,USC00274734,Spring,-4.4,7.2,0.0,,,44.0425,-71.6728,246.0,LINCOLN NEPP
2025-03-29,USC00274734,USC00274734,Spring,-1.1,9.4,15.7,,,44.0425,-71.6728,246.0,LINCOLN NEPP
2025-03-30,USC00274734,USC00274734,Spring,-1.7,1.7,7.6,,,44.0425,-71.6728,246.0,LINCOLN NEPP
2025-03-31,USC00274734,USC00274734,Spring,-0.6,0.6,16.0,,,44.0425,-71.6728,246.0,LINCOLN NEPP
2025-04-01,USC00274734,USC00274734,Spring,0.0,6.1,9.1,,,44.0425,-71.6728,246.0,LINCOLN NEPP
2025-04-02,USC00274734,USC00274734,Spring,-6.7,3.9,0.0,,,44.0425,-71.6728,246.0,LINCOLN NEPP
2025-04-03,USC00274734,USC00274734,Spring,-5.6,5.0,9.1,,,44.0425,-71.6728,246.0,LINCOLN NEPP
2025-04-04,USC00274734,USC00274734,Spring,0.0,7.8,13.2,,,44.0425,-71.6728,246.0,LINCOLN NEPP
2025-04-05,USC00274734,USC00274734,Spring,1.1,11.1,0.0,,,44.0425,-71.6728,246.0,LINCOLN NEPP
2025-04-06,USC00274734,USC00274734,Spring,1.1,4.4,8.6,,,44.0425,-71.6728,246.0,LINCOLN NEPP
2025-04-07,USC00274734,USC00274734,Spring,1.1,10.6,0.0,,,44.0425,-71.6728,246.0,LINCOLN NEPP
2025-04-08,USC00274734,USC00274734,Spring,-0.6,5.6,0.0,,,44.0425,-71.6728,246.0,LINCOLN NEPP
2025-04-09,USC00274734,USC00274734,Spring,-6.1,2.2,5.3,,,44.0425,-71.6728,246.0,LINCOLN NEPP
2025-04-10,USC00274734,USC00274734,Spring,-7.2,4.4,0.0,,,44.0425,-71.6728,246.0,LINCOLN NEPP
2025-04-11,USC00274734,USC00274734,Spring,-4.4,10.0,0.8,,,44.0425,-71.6728,246.0,LINCOLN NEPP
2025-04-12,USC00274734,USC00274734,Spring,-2.5,4.4,1.5,,,44.0425,-71.6728,246.0,LINCOLN NEPP
2025-04-13,USC00274734,USC00274734,Spring,0.0,5.0,2.0,,,44.0425,-71.6728,246.0,LINCOLN NEPP
2025-04-14,USC00274734,USC00274734,Spring,2.2,7.2,0.0,,,44.0425,-71.6728,246.0,LINCOLN NEPP
2025-04-15,USC00274734,USC00274734,Spring,4.4,18.3,2.3,,,44.0425,-71.6728,246.0,LINCOLN NEPP
2025-04-16,USC00274734,USC00274734,Spring,3.9,17.8,1.3,,,44.0425,-71.6728,246.0,LINCOLN NEPP
2025-04-17,USC00274734,USC00274734,Spring,1.1,5.0,0.0,,,44.0425,-71.6728,246.0,LINCOLN NEPP
2025-04-18,USC00274734,USC00274734,Spring,-2.8,11.1,0.0,,,44.0425,-71.6728,246.0,LINCOLN NEPP
2025-04-19,USC00274734,USC00274734,Spring,0.0,18.3,1.0,,,44.0425,-71.6728,246.0,LINCOLN NEPP
2025-04-20,USC00274734,USC00274734,Spring,4.4,22.2,5.6,,,44.0425,-71.6728,246.0,LINCOLN NEPP
2025-04-21,USC00274734,USC00274734,Spring,-1.7,10.6,0.0,,,44.0425,-71.6728,246.0,LINCOLN NEPP
2025-04-22,USC00274734,USC00274734,Spring,3.3,17.8,3.8,,,44.0425,-71.6728,246.0,LINCOLN NEPP
2025-03-26,USC00275013,USC00275013,Spring,-2.8,7.2,0.0,0.0,0.0,42.8942,-71.9842,295.7,EDWARD MACDOWELL LAKE
2025-03-27,USC00275013,USC00275013,Spring,-2.8,7.8,0.0,0.0,0.0,42.8942,-71.9842,295.7,EDWARD MACDOWELL LAKE
2025-03-28,USC00275013,USC00275013,Spring,-2.8,8.3,0.0,0.0,0.0,42.8942,-71.9842,295.7,EDWARD MACDOWELL LAKE
2025-03-31,USC00275013,USC00275013,Spring,-2.8,7.8,,0.0,0.0,42.8942,-71.9842,295.7,EDWARD MACDOWELL LAKE
2025-04-01,USC00275013,USC00275013,Spring,0.0,13.9,7.1,0.0,0.0,42.8942,-71.9842,295.7,EDWARD MACDOWELL LAKE
2025-04-02,USC00275013,USC00275013,Spring,-3.9,7.8,0.0,0.0,0.0,42.8942,-71.9842,295.7,EDWARD MACDOWELL LAKE
2025-04-03,USC00275013,USC00275013,Spring,-3.9,7.8,14.2,0.0,0.0,42.8942,-71.9842,295.7,EDWARD MACDOWELL LAKE
2025-04-04,USC00275013,USC00275013,Spring,0.0,16.7,5.6,0.0,0.0,42.8942,-71.9842,295.7,EDWARD MACDOWELL LAKE
2025-04-07,USC00275013,USC00275013,Spring,-2.8,8.3,,,0.0,42.8942,-71.9842,295.7,EDWARD MACDOWELL LAKE
2025-04-08,USC00275013,USC00275013,Spring,-0.6,2.2,3.0,0.0,0.0,42.8942,-71.9842,295.7,EDWARD MACDOWELL LAKE
2025-04-09,USC00275013,USC00275013,Spring,-5.6,2.2,1.0,0.0,0.0,42.8942,-71.9842,295.7,EDWARD MACDOWELL LAKE
2025-04-10,USC00275013,USC00275013,Spring,-5.6,5.6,0.0,0.0,0.0,42.8942,-71.9842,295.7,EDWARD MACDOWELL LAKE
2025-04-11,USC00275013,USC00275013,Spring,-5.6,10.0,4.3,13.0,0.0,42.8942,-71.9842,295.7,EDWARD MACDOWELL LAKE
2025-04-14,USC00275013,USC00275013,Spring,-5.6,5.6,,,0.0,42.8942,-71.9842,295.7,EDWARD MACDOWELL LAKE
2025-04-15,USC00275013,USC00275013,Spring,2.2,18.9,0.5,0.0,0.0,42.8942,-71.9842,295.7,EDWARD MACDOWELL LAKE
2025-04-16,USC00275013,USC00275013,Spring,1.7,19.4,0.3,0.0,0.0,42.8942,-71.9842,295.7,EDWARD MACDOWELL LAKE
2025-04-17,USC00275013,USC00275013,Spring,1.1,8.9,0.0,0.0,0.0,42.8942,-71.9842,295.7,EDWARD MACDOWELL LAKE
2025-04-18,USC00275013,USC00275013,Spring,-2.8,13.3,0.0,0.0,0.0,42.8942,-71.9842,295.7,EDWARD MACDOWELL LAKE
2025-04-21,USC00275013,USC00275013,Spring,1.1,13.3,,,0.0,42.8942,-71.9842,295.7,EDWARD MACDOWELL LAKE
2025-04-22,USC00275013,USC00275013,Spring,4.4,16.7,3.8,0.0,0.0,42.8942,-71.9842,295.7,EDWARD MACDOWELL LAKE
2025-03-26,USC00275211,USC00275211,Spring,-2.2,7.8,0.0,0.0,0.0,42.9892,-71.3933,77.1,MASSABESIC LAKE
2025-03-27,USC00275211,USC00275211,Spring,-2.8,8.9,0.0,0.0,0.0,42.9892,-71.3933,77.1,MASSABESIC LAKE
2025-03-28,USC00275211,USC00275211,Spring,-2.2,9.4,0.0,0.0,0.0,42.9892,-71.3933,77.1,MASSABESIC LAKE
2025-03-29,USC00275211,USC00275211,Spring,0.6,13.9,4.1,0.0,0.0,42.9892,-71.3933,77.1,MASSABESIC LAKE
2025-03-30,USC00275211,USC00275211,Spring,-0.6,0.6,10.9,0.0,0.0,42.9892,-71.3933,77.1,MASSABESIC LAKE
2025-03-31,USC00275211,USC00275211,Spring,0.0,1.7,3.0,0.0,0.0,42.9892,-71.3933,77.1,MASSABESIC LAKE
2025-04-01,USC00275211,USC00275211,Spring,-1.7,8.3,0.0,0.0,0.0,42.9892,-71.3933,77.1,MASSABESIC LAKE
2025-04-02,USC00275211,USC00275211,Spring,-1.7,8.600000000000001,,0.0,0.0,42.9892,-71.3933,77.1,MASSABESIC LAKE
2025-04-03,USC00275211,USC00275211,Spring,-1.7,7.2,16.0,0.0,0.0,42.9892,-71.3933,77.1,MASSABESIC LAKE
2025-04-05,USC00275211,USC00275211,Spring,1.7,17.2,0.0,0.0,0.0,42.9892,-71.3933,77.1,MASSABESIC LAKE
2025-04-06,USC00275211,USC00275211,Spring,2.8,5.6,10.9,0.0,0.0,42.9892,-71.3933,77.1,MASSABESIC LAKE
2025-04-07,USC00275211,USC00275211,Spring,1.7,10.6,0.0,0.0,0.0,42.9892,-71.3933,77.1,MASSABESIC LAKE
2025-04-08,USC00275211,USC00275211,Spring,0.6,2.8,8.6,0.0,0.0,42.9892,-71.3933,77.1,MASSABESIC LAKE
2025-04-09,USC00275211,USC00275211,Spring,-3.3,5.0,0.0,0.0,0.0,42.9892,-71.3933,77.1,MASSABESIC LAKE
2025-04-10,USC00275211,USC00275211,Spring,-4.4,7.2,0.0,0.0,0.0,42.9892,-71.3933,77.1,MASSABESIC LAKE
2025-04-11,USC00275211,USC00275211,Spring,-1.7,10.0,4.3,0.0,0.0,42.9892,-71.3933,77.1,MASSABESIC LAKE
2025-04-12,USC00275211,USC00275211,Spring,0.0,6.7,9.4,,0.0,42.9892,-71.3933,77.1,MASSABESIC LAKE
2025-04-13,USC00275211,USC00275211,Spring,1.1,3.9,3.0,0.0,0.0,42.9892,-71.3933,77.1,MASSABESIC LAKE
2025-04-14,USC00275211,USC00275211,Spring,-0.6,9.4,0.0,0.0,0.0,42.9892,-71.3933,77.1,MASSABESIC LAKE
2025-04-15,USC00275211,USC00275211,Spring,5.0,19.4,2.3,,,42.9892,-71.3933,77.1,MASSABESIC LAKE
2025-04-16,USC00275211,USC00275211,Spring,3.9,19.4,3.6,0.0,0.0,42.9892,-71.3933,77.1,MASSABESIC LAKE
2025-04-17,USC00275211,USC00275211,Spring,3.9,9.4,0.0,0.0,0.0,42.9892,-71.3933,77.1,MASSABESIC LAKE
2025-04-18,USC00275211,USC00275211,Spring,-2.2,13.9,0.0,0.0,0.0,42.9892,-71.3933,77.1,MASSABESIC LAKE
2025-04-19,USC00275211,USC00275211,Spring,1.1,20.6,0.0,0.0,0.0,42.9892,-71.3933,77.1,MASSABESIC LAKE
2025-04-20,USC00275211,USC00275211,Spring,11.7,26.7,1.8,0.0,0.0,42.9892,-71.3933,77.1,MASSABESIC LAKE
2025-04-21,USC00275211,USC00275211,Spring,0.6,15.0,0.0,0.0,0.0,42.9892,-71.3933,77.1,MASSABESIC LAKE
2025-04-22,USC00275211,USC00275211,Spring,5.6,16.7,3.6,0.0,0.0,42.9892,-71.3933,77.1,MASSABESIC LAKE
2025-03-26,USC00275703,USC00275703,Spring,-5.6,9.4,0.0,0.0,0.0,42.7347,-71.4803,54.9,NASHUA CWSU
2025-03-27,USC00275703,USC00275703,Spring,-5.6,10.0,0.0,0.0,0.0,42.7347,-71.4803,54.9,NASHUA CWSU
2025-03-28,USC00275703,USC00275703,Spring,-3.3,9.4,0.0,0.0,0.0,42.7347,-71.4803,54.9,NASHUA CWSU
2025-03-29,USC00275703,USC00275703,Spring,1.1,14.4,2.5,0.0,0.0,42.7347,-71.4803,54.9,NASHUA CWSU
2025-03-30,USC00275703,USC00275703,Spring,-1.1,1.1,6.1,0.0,0.0,42.7347,-71.4803,54.9,NASHUA CWSU
2025-03-31,USC00275703,USC00275703,Spring,-0.6,3.3,1.3,0.0,0.0,42.7347,-71.4803,54.9,NASHUA CWSU
2025-04-01,USC00275703,USC00275703,Spring,2.2,16.1,11.9,0.0,0.0,42.7347,-71.4803,54.9,NASHUA CWSU
2025-04-02,USC00275703,USC00275703,Spring,3.3,9.4,0.0,0.0,0.0,42.7347,-71.4803,54.9,NASHUA CWSU
2025-04-03,USC00275703,USC00275703,Spring,-2.2,8.9,9.9,0.0,0.0,42.7347,-71.4803,54.9,NASHUA CWSU
2025-04-04,USC00275703,USC00275703,Spring,1.7,12.2,6.1,0.0,0.0,42.7347,-71.4803,54.9,NASHUA CWSU
2025-04-05,USC00275703,USC00275703,Spring,2.2,18.9,0.0,0.0,0.0,42.7347,-71.4803,54.9,NASHUA CWSU
2025-04-06,USC00275703,USC00275703,Spring,2.2,6.7,16.0,0.0,0.0,42.7347,-71.4803,54.9,NASHUA CWSU
2025-04-07,USC00275703,USC00275703,Spring,1.1,11.1,4.1,0.0,0.0,42.7347,-71.4803,54.9,NASHUA CWSU
2025-04-08,USC00275703,USC00275703,Spring,0.0,3.3,3.3,0.0,0.0,42.7347,-71.4803,54.9,NASHUA CWSU
2025-04-09,USC00275703,USC00275703,Spring,-3.9,3.3,2.5,0.0,0.0,42.7347,-71.4803,54.9,NASHUA CWSU
2025-04-10,USC00275703,USC00275703,Spring,-5.6,8.9,0.0,0.0,0.0,42.7347,-71.4803,54.9,NASHUA CWSU
2025-04-11,USC00275703,USC00275703,Spring,-1.7,5.6,3.3,0.0,0.0,42.7347,-71.4803,54.9,NASHUA CWSU
2025-04-12,USC00275703,USC00275703,Spring,-0.6,7.8,8.4,30.0,25.0,42.7347,-71.4803,54.9,NASHUA CWSU
2025-04-13,USC00275703,USC00275703,Spring,-0.6,2.2,4.3,15.0,0.0,42.7347,-71.4803,54.9,NASHUA CWSU
2025-04-14,USC00275703,USC00275703,Spring,-1.7,9.4,0.0,0.0,0.0,42.7347,-71.4803,54.9,NASHUA CWSU
2025-04-15,USC00275703,USC00275703,Spring,7.2,20.0,0.5,0.0,0.0,42.7347,-71.4803,54.9,NASHUA CWSU
2025-04-16,USC00275703,USC00275703,Spring,2.2,21.1,0.3,0.0,0.0,42.7347,-71.4803,54.9,NASHUA CWSU
2025-04-17,USC00275703,USC00275703,Spring,0.6,10.0,0.0,0.0,0.0,42.7347,-71.4803,54.9,NASHUA CWSU
2025-04-18,USC00275703,USC00275703,Spring,-4.4,14.4,0.0,0.0,0.0,42.7347,-71.4803,54.9,NASHUA CWSU
2025-04-19,USC00275703,USC00275703,Spring,0.0,20.6,0.0,0.0,0.0,42.7347,-71.4803,54.9,NASHUA CWSU
2025-04-20,USC00275703,USC00275703,Spring,12.2,26.7,0.3,0.0,0.0,42.7347,-71.4803,54.9,NASHUA CWSU
2025-04-21,USC00275703,USC00275703,Spring,-0.6,16.1,0.0,0.0,0.0,42.7347,-71.4803,54.9,NASHUA CWSU
2025-04-22,USC00275703,USC00275703,Spring,5.6,17.8,3.8,0.0,0.0,42.7347,-71.4803,54.9,NASHUA CWSU
2025-03-26,USC00275712,USC00275712,Spring,-2.8,8.9,0.0,0.0,0.0,42.7914,-71.4736,41.1,NASHUA 2 NNW
2025-03-27,USC00275712,USC00275712,Spring,-2.8,9.4,0.0,0.0,0.0,42.7914,-71.4736,41.1,NASHUA 2 NNW
2025-03-28,USC00275712,USC00275712,Spring,-1.1,10.0,0.0,0.0,0.0,42.7914,-71.4736,41.1,NASHUA 2 NNW
2025-03-29,USC00275712,USC00275712,Spring,1.1,14.4,3.3,0.0,0.0,42.7914,-71.4736,41.1,NASHUA 2 NNW
2025-03-30,USC00275712,USC00275712,Spring,0.0,1.7,8.4,0.0,0.0,42.7914,-71.4736,41.1,NASHUA 2 NNW
2025-03-31,USC00275712,USC00275712,Spring,1.7,4.4,2.3,0.0,0.0,42.7914,-71.4736,41.1,NASHUA 2 NNW
2025-03-26,USC00275868,USC00275868,Spring,-6.1,5.0,0.0,0.0,51.0,43.3772,-72.1811,234.7,NEWPORT
2025-03-27,USC00275868,USC00275868,Spring,-6.7,6.7,0.0,0.0,0.0,43.3772,-72.1811,234.7,NEWPORT
2025-03-28,USC00275868,USC00275868,Spring,-4.4,7.2,0.0,0.0,0.0,43.3772,-72.1811,234.7,NEWPORT
2025-03-29,USC00275868,USC00275868,Spring,0.0,10.6,7.6,0.0,0.0,43.3772,-72.1811,234.7,NEWPORT
2025-03-30,USC00275868,USC00275868,Spring,-1.1,0.0,12.7,0.0,0.0,43.3772,-72.1811,234.7,NEWPORT
2025-03-31,USC00275868,USC00275868,Spring,0.0,2.2,6.9,0.0,0.0,43.3772,-72.1811,234.7,NEWPORT
2025-04-01,USC00275868,USC00275868,Spring,0.0,12.8,2.5,0.0,0.0,43.3772,-72.1811,234.7,NEWPORT
2025-04-02,USC00275868,USC00275868,Spring,-4.4,6.7,0.0,0.0,0.0,43.3772,-72.1811,234.7,NEWPORT
2025-04-03,USC00275868,USC00275868,Spring,-5.0,7.2,12.7,0.0,0.0,43.3772,-72.1811,234.7,NEWPORT
2025-04-05,USC00275868,USC00275868,Spring,-0.6,15.0,0.0,0.0,0.0,43.3772,-72.1811,234.7,NEWPORT
2025-04-06,USC00275868,USC00275868,Spring,2.8,5.6,8.1,0.0,0.0,43.3772,-72.1811,234.7,NEWPORT
2025-04-07,USC00275868,USC00275868,Spring,0.0,11.7,0.0,0.0,0.0,43.3772,-72.1811,234.7,NEWPORT
2025-04-15,USC00275868,USC00275868,Spring,-0.6,18.3,2.5,0.0,0.0,43.3772,-72.1811,234.7,NEWPORT
2025-04-16,USC00275868,USC00275868,Spring,2.8,18.3,0.0,0.0,0.0,43.3772,-72.1811,234.7,NEWPORT
2025-04-19,USC00275868,USC00275868,Spring,-5.0,19.4,0.0,0.0,,43.3772,-72.1811,234.7,NEWPORT
2025-04-20,USC00275868,USC00275868,Spring,7.2,23.9,0.0,0.0,0.0,43.3772,-72.1811,234.7,NEWPORT
2025-04-21,USC00275868,USC00275868,Spring,-2.8,13.3,0.0,0.0,0.0,43.3772,-72.1811,234.7,NEWPORT
2025-03-26,USC00275995,USC00275995,Spring,-5.0,7.2,0.0,0.0,76.0,44.0561,-71.1297,159.1,N CONWAY
2025-03-27,USC00275995,USC00275995,Spring,-2.2,8.9,0.0,0.0,0.0,44.0561,-71.1297,159.1,N CONWAY
2025-03-28,USC00275995,USC00275995,Spring,-3.9,7.2,0.0,0.0,0.0,44.0561,-71.1297,159.1,N CONWAY
2025-03-29,USC00275995,USC00275995,Spring,-2.8,10.0,13.2,127.0,127.0,44.0561,-71.1297,159.1,N CONWAY
2025-03-30,USC00275995,USC00275995,Spring,-2.8,1.7,4.3,0.0,127.0,44.0561,-71.1297,159.1,N CONWAY
2025-03-31,USC00275995,USC00275995,Spring,-1.1,0.6,7.9,0.0,76.0,44.0561,-71.1297,159.1,N CONWAY
2025-04-01,USC00275995,USC00275995,Spring,0.6,7.2,3.8,0.0,0.0,44.0561,-71.1297,159.1,N CONWAY
2025-04-02,USC00275995,USC00275995,Spring,-5.6,2.8,0.0,0.0,0.0,44.0561,-71.1297,159.1,N CONWAY
2025-04-03,USC00275995,USC00275995,Spring,-3.3,6.1,14.5,23.0,25.0,44.0561,-71.1297,159.1,N CONWAY
2025-04-04,USC00275995,USC00275995,Spring,0.0,7.8,4.8,0.0,0.0,44.0561,-71.1297,159.1,N CONWAY
2025-04-05,USC00275995,USC00275995,Spring,0.0,12.8,0.0,0.0,0.0,44.0561,-71.1297,159.1,N CONWAY
2025-04-06,USC00275995,USC00275995,Spring,1.1,5.0,6.6,0.0,0.0,44.0561,-71.1297,159.1,N CONWAY
2025-04-07,USC00275995,USC00275995,Spring,1.1,11.7,0.0,0.0,0.0,44.0561,-71.1297,159.1,N CONWAY
2025-04-08,USC00275995,USC00275995,Spring,0.0,6.1,0.0,0.0,0.0,44.0561,-71.1297,159.1,N CONWAY
2025-04-09,USC00275995,USC00275995,Spring,-4.4,2.8,2.0,0.0,0.0,44.0561,-71.1297,159.1,N CONWAY
2025-04-10,USC00275995,USC00275995,Spring,-6.7,4.4,0.0,0.0,0.0,44.0561,-71.1297,159.1,N CONWAY
2025-04-11,USC00275995,USC00275995,Spring,-1.1,10.6,0.0,0.0,0.0,44.0561,-71.1297,159.1,N CONWAY
2025-04-12,USC00275995,USC00275995,Spring,0.6,3.9,3.3,0.0,0.0,44.0561,-71.1297,159.1,N CONWAY
2025-04-13,USC00275995,USC00275995,Spring,0.6,3.3,9.4,0.0,0.0,44.0561,-71.1297,159.1,N CONWAY
2025-04-14,USC00275995,USC00275995,Spring,1.1,9.4,0.5,0.0,0.0,44.0561,-71.1297,159.1,N CONWAY
2025-04-15,USC00275995,USC00275995,Spring,4.4,18.9,1.5,0.0,0.0,44.0561,-71.1297,159.1,N CONWAY
2025-04-16,USC00275995,USC00275995,Spring,3.9,18.9,0.3,0.0,0.0,44.0561,-71.1297,159.1,N CONWAY
2025-04-17,USC00275995,USC00275995,Spring,1.1,6.1,0.0,0.0,0.0,44.0561,-71.1297,159.1,N CONWAY
2025-04-18,USC00275995,USC00275995,Spring,-3.3,11.7,0.0,0.0,0.0,44.0561,-71.1297,159.1,N CONWAY
2025-04-19,USC00275995,USC00275995,Spring,4.4,18.3,0.3,0.0,0.0,44.0561,-71.1297,159.1,N CONWAY
2025-04-20,USC00275995,USC00275995,Spring,6.7,24.4,0.0,0.0,0.0,44.0561,-71.1297,159.1,N CONWAY
2025-04-21,USC00275995,USC00275995,Spring,-1.1,11.7,0.0,,,44.0561,-71.1297,159.1,N CONWAY
2025-04-22,USC00275995,USC00275995,Spring,-1.1,17.8,1.0,,,44.0561,-71.1297,159.1,N CONWAY
2025-03-26,USC00276070,USC00276070,Spring,,,0.0,0.0,0.0,42.9589,-70.8228,18.3,N HAMPTON
2025-03-27,USC00276070,USC00276070,Spring,,,0.0,0.0,0.0,42.9589,-70.8228,18.3,N HAMPTON
2025-03-28,USC00276070,USC00276070,Spring,,,0.0,0.0,0.0,42.9589,-70.8228,18.3,N HAMPTON
2025-03-29,USC00276070,USC00276070,Spring,,,3.0,0.0,0.0,42.9589,-70.8228,18.3,N HAMPTON
2025-03-30,USC00276070,USC00276070,Spring,,,10.4,0.0,0.0,42.9589,-70.8228,18.3,N HAMPTON
2025-03-31,USC00276070,USC00276070,Spring,,,3.6,0.0,0.0,42.9589,-70.8228,18.3,N HAMPTON
2025-03-26,USC00276365,USC00276365,Spring,-5.6,4.4,0.0,0.0,0.0,44.5283,-71.5044,338.9,NORTHUMBERLAND
2025-03-27,USC00276365,USC00276365,Spring,-4.4,6.7,0.0,0.0,0.0,44.5283,-71.5044,338.9,NORTHUMBERLAND
2025-03-28,USC00276365,USC00276365,Spring,-5.6,5.6,0.0,0.0,0.0,44.5283,-71.5044,338.9,NORTHUMBERLAND
2025-03-29,USC00276365,USC00276365,Spring,-3.9,6.7,13.5,127.0,127.0,44.5283,-71.5044,338.9,NORTHUMBERLAND
2025-03-30,USC00276365,USC00276365,Spring,-3.3,1.7,4.1,0.0,102.0,44.5283,-71.5044,338.9,NORTHUMBERLAND
2025-03-31,USC00276365,USC00276365,Spring,-1.1,0.6,12.7,0.0,76.0,44.5283,-71.5044,338.9,NORTHUMBERLAND
2025-04-01,USC00276365,USC00276365,Spring,-1.7,11.1,9.7,0.0,25.0,44.5283,-71.5044,338.9,NORTHUMBERLAND
2025-04-02,USC00276365,USC00276365,Spring,-10.6,3.3,0.0,0.0,0.0,44.5283,-71.5044,338.9,NORTHUMBERLAND
2025-04-03,USC00276365,USC00276365,Spring,-8.3,3.9,8.1,0.0,0.0,44.5283,-71.5044,338.9,NORTHUMBERLAND
2025-04-04,USC00276365,USC00276365,Spring,0.0,8.3,11.9,0.0,0.0,44.5283,-71.5044,338.9,NORTHUMBERLAND
2025-04-05,USC00276365,USC00276365,Spring,-2.8,10.0,0.0,0.0,0.0,44.5283,-71.5044,338.9,NORTHUMBERLAND
2025-04-06,USC00276365,USC00276365,Spring,-1.1,7.2,8.4,0.0,0.0,44.5283,-71.5044,338.9,NORTHUMBERLAND
2025-04-07,USC00276365,USC00276365,Spring,-2.2,10.0,0.0,0.0,0.0,44.5283,-71.5044,338.9,NORTHUMBERLAND
2025-04-08,USC00276365,USC00276365,Spring,-0.6,6.7,0.0,0.0,0.0,44.5283,-71.5044,338.9,NORTHUMBERLAND
2025-04-09,USC00276365,USC00276365,Spring,-8.3,0.6,12.7,140.0,127.0,44.5283,-71.5044,338.9,NORTHUMBERLAND
2025-04-10,USC00276365,USC00276365,Spring,-11.1,1.7,0.0,0.0,76.0,44.5283,-71.5044,338.9,NORTHUMBERLAND
2025-04-11,USC00276365,USC00276365,Spring,-11.1,7.8,0.0,0.0,0.0,44.5283,-71.5044,338.9,NORTHUMBERLAND
2025-04-12,USC00276365,USC00276365,Spring,-0.6,6.7,0.0,0.0,0.0,44.5283,-71.5044,338.9,NORTHUMBERLAND
2025-04-13,USC00276365,USC00276365,Spring,0.0,4.4,1.3,0.0,0.0,44.5283,-71.5044,338.9,NORTHUMBERLAND
2025-04-14,USC00276365,USC00276365,Spring,-4.4,6.1,0.0,0.0,0.0,44.5283,-71.5044,338.9,NORTHUMBERLAND
2025-04-15,USC00276365,USC00276365,Spring,-2.2,17.2,0.0,0.0,0.0,44.5283,-71.5044,338.9,NORTHUMBERLAND
2025-04-16,USC00276365,USC00276365,Spring,0.6,17.2,2.8,0.0,0.0,44.5283,-71.5044,338.9,NORTHUMBERLAND
2025-04-17,USC00276365,USC00276365,Spring,-1.1,2.2,0.0,0.0,0.0,44.5283,-71.5044,338.9,NORTHUMBERLAND
2025-04-18,USC00276365,USC00276365,Spring,-6.7,9.4,0.0,0.0,0.0,44.5283,-71.5044,338.9,NORTHUMBERLAND
2025-04-19,USC00276365,USC00276365,Spring,-5.6,17.2,1.8,0.0,0.0,44.5283,-71.5044,338.9,NORTHUMBERLAND
2025-04-20,USC00276365,USC00276365,Spring,2.2,17.8,13.7,0.0,0.0,44.5283,-71.5044,338.9,NORTHUMBERLAND
2025-04-21,USC00276365,USC00276365,Spring,-5.0,9.4,0.0,0.0,0.0,44.5283,-71.5044,338.9,NORTHUMBERLAND
2025-04-22,USC00276365,USC00276365,Spring,-3.9,18.3,0.8,0.0,0.0,44.5283,-71.5044,338.9,NORTHUMBERLAND
2025-03-26,USC00276368,USC00276368,Spring,,,0.0,0.0,0.0,43.2142,-71.2469,161.5,NORTHWOOD
2025-03-27,USC00276368,USC00276368,Spring,,,0.0,0.0,0.0,43.2142,-71.2469,161.5,NORTHWOOD
2025-03-28,USC00276368,USC00276368,Spring,,,0.0,0.0,0.0,43.2142,-71.2469,161.5,NORTHWOOD
2025-03-29,USC00276368,USC00276368,Spring,,,3.6,0.0,0.0,43.2142,-71.2469,161.5,NORTHWOOD
2025-03-30,USC00276368,USC00276368,Spring,,,7.6,0.0,0.0,43.2142,-71.2469,161.5,NORTHWOOD
2025-03-31,USC00276368,USC00276368,Spring,,,6.6,0.0,0.0,43.2142,-71.2469,161.5,NORTHWOOD
2025-04-01,USC00276368,USC00276368,Spring,,,14.5,0.0,0.0,43.2142,-71.2469,161.5,NORTHWOOD
2025-04-02,USC00276368,USC00276368,Spring,,,0.0,0.0,0.0,43.2142,-71.2469,161.5,NORTHWOOD
2025-04-03,USC00276368,USC00276368,Spring,,,11.7,0.0,0.0,43.2142,-71.2469,161.5,NORTHWOOD
2025-04-04,USC00276368,USC00276368,Spring,,,7.6,0.0,0.0,43.2142,-71.2469,161.5,NORTHWOOD
2025-04-06,USC00276368,USC00276368,Spring,,,7.6,0.0,0.0,43.2142,-71.2469,161.5,NORTHWOOD
2025-04-07,USC00276368,USC00276368,Spring,,,3.6,,,43.2142,-71.2469,161.5,NORTHWOOD
2025-04-08,USC00276368,USC00276368,Spring,,,1.3,0.0,0.0,43.2142,-71.2469,161.5,NORTHWOOD
2025-04-09,USC00276368,USC00276368,Spring,,,1.0,0.0,0.0,43.2142,-71.2469,161.5,NORTHWOOD
2025-04-10,USC00276368,USC00276368,Spring,,,0.0,0.0,0.0,43.2142,-71.2469,161.5,NORTHWOOD
2025-04-11,USC00276368,USC00276368,Spring,,,2.3,0.0,0.0,43.2142,-71.2469,161.5,NORTHWOOD
2025-04-12,USC00276368,USC00276368,Spring,,,3.8,23.0,25.0,43.2142,-71.2469,161.5,NORTHWOOD
2025-04-13,USC00276368,USC00276368,Spring,,,9.9,76.0,0.0,43.2142,-71.2469,161.5,NORTHWOOD
2025-04-14,USC00276368,USC00276368,Spring,,,1.3,0.0,0.0,43.2142,-71.2469,161.5,NORTHWOOD
2025-04-16,USC00276368,USC00276368,Spring,,,,,0.0,43.2142,-71.2469,161.5,NORTHWOOD
2025-04-17,USC00276368,USC00276368,Spring,,,0.0,0.0,0.0,43.2142,-71.2469,161.5,NORTHWOOD
2025-04-18,USC00276368,USC00276368,Spring,,,0.0,0.0,0.0,43.2142,-71.2469,161.5,NORTHWOOD
2025-04-19,USC00276368,USC00276368,Spring,,,0.0,0.0,0.0,43.2142,-71.2469,161.5,NORTHWOOD
2025-04-20,USC00276368,USC00276368,Spring,,,2.3,0.0,0.0,43.2142,-71.2469,161.5,NORTHWOOD
2025-04-21,USC00276368,USC00276368,Spring,,,0.0,0.0,0.0,43.2142,-71.2469,161.5,NORTHWOOD
2025-03-26,USC00276550,USC00276550,Spring,-3.3,5.6,0.0,0.0,0.0,42.9453,-72.2369,207.3,OTTER BROOK LAKE
2025-03-27,USC00276550,USC00276550,Spring,-5.0,7.8,0.0,0.0,0.0,42.9453,-72.2369,207.3,OTTER BROOK LAKE
2025-03-28,USC00276550,USC00276550,Spring,-4.4,7.8,0.0,0.0,0.0,42.9453,-72.2369,207.3,OTTER BROOK LAKE
2025-03-29,USC00276550,USC00276550,Spring,-4.4,12.2,6.9,0.0,0.0,42.9453,-72.2369,207.3,OTTER BROOK LAKE
2025-03-30,USC00276550,USC00276550,Spring,0.0,1.1,13.0,0.0,0.0,42.9453,-72.2369,207.3,OTTER BROOK LAKE
2025-03-31,USC00276550,USC00276550,Spring,-3.85,7.8,3.0,0.0,0.0,42.9453,-72.2369,207.3,OTTER BROOK LAKE
2025-04-01,USC00276550,USC00276550,Spring,1.7,13.9,3.8,,,42.9453,-72.2369,207.3,OTTER BROOK LAKE
2025-04-02,USC00276550,USC00276550,Spring,-3.3,7.8,0.0,,,42.9453,-72.2369,207.3,OTTER BROOK LAKE
2025-04-03,USC00276550,USC00276550,Spring,-3.3,7.8,16.0,0.0,0.0,42.9453,-72.2369,207.3,OTTER BROOK LAKE
2025-04-04,USC00276550,USC00276550,Spring,1.1,12.2,7.9,,,42.9453,-72.2369,207.3,OTTER BROOK LAKE
2025-04-05,USC00276550,USC00276550,Spring,1.1,16.7,,,,42.9453,-72.2369,207.3,OTTER BROOK LAKE
2025-04-06,USC00276550,USC00276550,Spring,2.2,6.7,,,,42.9453,-72.2369,207.3,OTTER BROOK LAKE
2025-04-07,USC00276550,USC00276550,Spring,0.0,16.7,,,,42.9453,-72.2369,207.3,OTTER BROOK LAKE
2025-04-08,USC00276550,USC00276550,Spring,0.0,2.8,1.8,,,42.9453,-72.2369,207.3,OTTER BROOK LAKE
2025-04-09,USC00276550,USC00276550,Spring,-5.6,2.8,1.5,,,42.9453,-72.2369,207.3,OTTER BROOK LAKE
2025-04-10,USC00276550,USC00276550,Spring,-5.6,5.6,0.0,,,42.9453,-72.2369,207.3,OTTER BROOK LAKE
2025-04-11,USC00276550,USC00276550,Spring,-5.6,9.4,4.8,0.0,0.0,42.9453,-72.2369,207.3,OTTER BROOK LAKE
2025-04-12,USC00276550,USC00276550,Spring,0.0,6.1,,,,42.9453,-72.2369,207.3,OTTER BROOK LAKE
2025-04-13,USC00276550,USC00276550,Spring,0.0,6.1,,,,42.9453,-72.2369,207.3,OTTER BROOK LAKE
2025-04-14,USC00276550,USC00276550,Spring,-2.8,5.85,0.0,,,42.9453,-72.2369,207.3,OTTER BROOK LAKE
2025-04-15,USC00276550,USC00276550,Spring,-1.1,18.3,4.1,,,42.9453,-72.2369,207.3,OTTER BROOK LAKE
2025-04-16,USC00276550,USC00276550,Spring,2.2,18.3,0.3,,,42.9453,-72.2369,207.3,OTTER BROOK LAKE
2025-04-17,USC00276550,USC00276550,Spring,-0.6,7.2,0.0,,,42.9453,-72.2369,207.3,OTTER BROOK LAKE
2025-04-18,USC00276550,USC00276550,Spring,-3.3,13.9,0.0,,,42.9453,-72.2369,207.3,OTTER BROOK LAKE
2025-04-19,USC00276550,USC00276550,Spring,-0.6,13.9,0.0,,,42.9453,-72.2369,207.3,OTTER BROOK LAKE
2025-04-20,USC00276550,USC00276550,Spring,-0.8500000000000001,16.1,4.1,,,42.9453,-72.2369,207.3,OTTER BROOK LAKE
2025-04-21,USC00276550,USC00276550,Spring,-0.8500000000000001,16.1,0.0,,,42.9453,-72.2369,207.3,OTTER BROOK LAKE
2025-04-22,USC00276550,USC00276550,Spring,-0.6,16.1,3.0,,,42.9453,-72.2369,207.3,OTTER BROOK LAKE
2025-03-26,USC00276818,USC00276818,Spring,-6.1,2.2,0.0,0.0,51.0,44.2581,-71.2525,617.2,PINKHAM NOTCH
2025-03-27,USC00276818,USC00276818,Spring,-7.8,5.6,3.6,25.0,76.0,44.2581,-71.2525,617.2,PINKHAM NOTCH
2025-03-28,USC00276818,USC00276818,Spring,-5.0,2.2,0.3,5.0,25.0,44.2581,-71.2525,617.2,PINKHAM NOTCH
2025-03-29,USC00276818,USC00276818,Spring,-3.9,4.4,3.8,43.0,51.0,44.2581,-71.2525,617.2,PINKHAM NOTCH
2025-03-30,USC00276818,USC00276818,Spring,-5.0,-1.7,0.3,76.0,127.0,44.2581,-71.2525,617.2,PINKHAM NOTCH
2025-03-31,USC00276818,USC00276818,Spring,-4.4,-0.6,5.1,0.0,102.0,44.2581,-71.2525,617.2,PINKHAM NOTCH
2025-04-01,USC00276818,USC00276818,Spring,-1.7,10.6,2.0,0.0,76.0,44.2581,-71.2525,617.2,PINKHAM NOTCH
2025-04-03,USC00276818,USC00276818,Spring,-10.0,3.3,4.6,51.0,76.0,44.2581,-71.2525,617.2,PINKHAM NOTCH
2025-04-04,USC00276818,USC00276818,Spring,-3.9,15.0,0.3,0.0,25.0,44.2581,-71.2525,617.2,PINKHAM NOTCH
2025-04-05,USC00276818,USC00276818,Spring,-0.6,8.9,0.0,0.0,0.0,44.2581,-71.2525,617.2,PINKHAM NOTCH
2025-04-06,USC00276818,USC00276818,Spring,-1.7,2.2,7.1,25.0,25.0,44.2581,-71.2525,617.2,PINKHAM NOTCH
2025-04-07,USC00276818,USC00276818,Spring,-2.2,7.8,0.0,0.0,0.0,44.2581,-71.2525,617.2,PINKHAM NOTCH
2025-04-08,USC00276818,USC00276818,Spring,-2.2,2.8,0.0,0.0,0.0,44.2581,-71.2525,617.2,PINKHAM NOTCH
2025-04-09,USC00276818,USC00276818,Spring,-8.3,1.1,4.6,51.0,51.0,44.2581,-71.2525,617.2,PINKHAM NOTCH
2025-04-10,USC00276818,USC00276818,Spring,-8.9,0.0,0.0,0.0,0.0,44.2581,-71.2525,617.2,PINKHAM NOTCH
2025-04-11,USC00276818,USC00276818,Spring,-10.0,6.7,0.3,3.0,0.0,44.2581,-71.2525,617.2,PINKHAM NOTCH
2025-04-12,USC00276818,USC00276818,Spring,-1.1,1.1,0.3,0.0,0.0,44.2581,-71.2525,617.2,PINKHAM NOTCH
2025-04-13,USC00276818,USC00276818,Spring,-1.1,1.7,0.3,3.0,0.0,44.2581,-71.2525,617.2,PINKHAM NOTCH
2025-04-14,USC00276818,USC00276818,Spring,-1.1,2.2,0.0,0.0,0.0,44.2581,-71.2525,617.2,PINKHAM NOTCH
2025-04-15,USC00276818,USC00276818,Spring,0.6,14.4,0.0,0.0,0.0,44.2581,-71.2525,617.2,PINKHAM NOTCH
2025-04-16,USC00276818,USC00276818,Spring,1.1,16.1,3.0,0.0,0.0,44.2581,-71.2525,617.2,PINKHAM NOTCH
2025-04-17,USC00276818,USC00276818,Spring,-5.0,3.9,2.0,0.0,0.0,44.2581,-71.2525,617.2,PINKHAM NOTCH
2025-04-18,USC00276818,USC00276818,Spring,-2.8,6.1,2.0,0.0,0.0,44.2581,-71.2525,617.2,PINKHAM NOTCH
2025-04-19,USC00276818,USC00276818,Spring,-2.8,16.1,2.8,0.0,0.0,44.2581,-71.2525,617.2,PINKHAM NOTCH
2025-04-20,USC00276818,USC00276818,Spring,6.1,20.6,1.3,0.0,0.0,44.2581,-71.2525,617.2,PINKHAM NOTCH
2025-04-21,USC00276818,USC00276818,Spring,-2.2,7.2,0.0,0.0,0.0,44.2581,-71.2525,617.2,PINKHAM NOTCH
2025-04-22,USC00276818,USC00276818,Spring,-1.7,15.0,2.5,0.0,0.0,44.2581,-71.2525,617.2,PINKHAM NOTCH
2025-03-26,USC00276856,USC00276856,Spring,-2.8,3.3,1.3,0.0,0.0,45.0469,-71.3831,405.4,PITTSBURG RSVR
2025-03-27,USC00276856,USC00276856,Spring,-3.3,2.2,2.5,13.0,25.0,45.0469,-71.3831,405.4,PITTSBURG RSVR
2025-03-28,USC00276856,USC00276856,Spring,-6.1,3.3,0.0,0.0,0.0,45.0469,-71.3831,405.4,PITTSBURG RSVR
2025-03-29,USC00276856,USC00276856,Spring,-4.4,2.2,5.6,0.0,0.0,45.0469,-71.3831,405.4,PITTSBURG RSVR
2025-03-30,USC00276856,USC00276856,Spring,-7.8,2.2,1.0,0.0,51.0,45.0469,-71.3831,405.4,PITTSBURG RSVR
2025-03-31,USC00276856,USC00276856,Spring,-2.8,0.6,9.1,0.0,25.0,45.0469,-71.3831,405.4,PITTSBURG RSVR
2025-04-01,USC00276856,USC00276856,Spring,-2.8,11.7,15.0,0.0,0.0,45.0469,-71.3831,405.4,PITTSBURG RSVR
2025-04-04,USC00276856,USC00276856,Spring,0.6,10.6,1.3,0.0,0.0,45.0469,-71.3831,405.4,PITTSBURG RSVR
2025-04-05,USC00276856,USC00276856,Spring,-3.3,6.7,0.0,0.0,0.0,45.0469,-71.3831,405.4,PITTSBURG RSVR
2025-04-06,USC00276856,USC00276856,Spring,0.0,3.9,8.4,0.0,0.0,45.0469,-71.3831,405.4,PITTSBURG RSVR
2025-04-07,USC00276856,USC00276856,Spring,-2.8,6.1,0.0,0.0,0.0,45.0469,-71.3831,405.4,PITTSBURG RSVR
2025-04-08,USC00276856,USC00276856,Spring,-2.8,6.1,0.0,0.0,0.0,45.0469,-71.3831,405.4,PITTSBURG RSVR
2025-04-09,USC00276856,USC00276856,Spring,-8.9,0.6,6.4,102.0,102.0,45.0469,-71.3831,405.4,PITTSBURG RSVR
2025-04-10,USC00276856,USC00276856,Spring,-13.3,-0.6,0.0,0.0,51.0,45.0469,-71.3831,405.4,PITTSBURG RSVR
2025-04-11,USC00276856,USC00276856,Spring,-12.2,7.2,0.0,0.0,0.0,45.0469,-71.3831,405.4,PITTSBURG RSVR
2025-04-12,USC00276856,USC00276856,Spring,0.0,4.4,0.3,0.0,0.0,45.0469,-71.3831,405.4,PITTSBURG RSVR
2025-04-13,USC00276856,USC00276856,Spring,0.6,3.3,3.8,0.0,0.0,45.0469,-71.3831,405.4,PITTSBURG RSVR
2025-04-14,USC00276856,USC00276856,Spring,-3.3,5.0,0.0,0.0,0.0,45.0469,-71.3831,405.4,PITTSBURG RSVR
2025-04-15,USC00276856,USC00276856,Spring,0.0,13.9,0.3,0.0,0.0,45.0469,-71.3831,405.4,PITTSBURG RSVR
2025-04-16,USC00276856,USC00276856,Spring,0.6,16.7,1.3,0.0,0.0,45.0469,-71.3831,405.4,PITTSBURG RSVR
2025-04-17,USC00276856,USC00276856,Spring,-2.2,0.6,2.0,,0.0,45.0469,-71.3831,405.4,PITTSBURG RSVR
2025-04-18,USC00276856,USC00276856,Spring,-6.1,5.6,0.3,0.0,0.0,45.0469,-71.3831,405.4,PITTSBURG RSVR
2025-04-19,USC00276856,USC00276856,Spring,-3.9,13.9,7.1,0.0,0.0,45.0469,-71.3831,405.4,PITTSBURG RSVR
2025-04-20,USC00276856,USC00276856,Spring,-0.6,17.2,7.4,0.0,0.0,45.0469,-71.3831,405.4,PITTSBURG RSVR
2025-04-21,USC00276856,USC00276856,Spring,-4.4,6.1,0.0,0.0,0.0,45.0469,-71.3831,405.4,PITTSBURG RSVR
2025-03-26,USC00277833,USC00277833,Spring,-2.2,6.7,0.0,,,43.3544,-71.7364,167.6,SALISBURY
2025-03-27,USC00277833,USC00277833,Spring,-2.8,8.3,0.0,,,43.3544,-71.7364,167.6,SALISBURY
2025-03-28,USC00277833,USC00277833,Spring,-2.2,7.2,0.0,,,43.3544,-71.7364,167.6,SALISBURY
2025-03-29,USC00277833,USC00277833,Spring,-0.6,11.7,5.8,,,43.3544,-71.7364,167.6,SALISBURY
2025-03-30,USC00277833,USC00277833,Spring,-1.1,-0.6,7.6,,,43.3544,-71.7364,167.6,SALISBURY
2025-03-31,USC00277833,USC00277833,Spring,-0.6,0.6,9.1,,,43.3544,-71.7364,167.6,SALISBURY
2025-04-01,USC00277833,USC00277833,Spring,0.0,9.4,2.5,,,43.3544,-71.7364,167.6,SALISBURY
2025-04-02,USC00277833,USC00277833,Spring,-3.9,6.1,0.0,,,43.3544,-71.7364,167.6,SALISBURY
2025-04-03,USC00277833,USC00277833,Spring,-3.9,5.6,12.7,,,43.3544,-71.7364,167.6,SALISBURY
2025-04-04,USC00277833,USC00277833,Spring,0.0,7.8,6.9,,,43.3544,-71.7364,167.6,SALISBURY
2025-04-05,USC00277833,USC00277833,Spring,1.7,15.0,0.0,,,43.3544,-71.7364,167.6,SALISBURY
2025-04-06,USC00277833,USC00277833,Spring,1.7,4.4,9.9,,,43.3544,-71.7364,167.6,SALISBURY
2025-04-07,USC00277833,USC00277833,Spring,0.6,11.7,,,,43.3544,-71.7364,167.6,SALISBURY
2025-04-08,USC00277833,USC00277833,Spring,-0.6,3.9,,,,43.3544,-71.7364,167.6,SALISBURY
2025-04-09,USC00277833,USC00277833,Spring,-5.0,2.8,2.5,,,43.3544,-71.7364,167.6,SALISBURY
2025-04-10,USC00277833,USC00277833,Spring,-6.1,5.0,0.0,,,43.3544,-71.7364,167.6,SALISBURY
2025-04-11,USC00277833,USC00277833,Spring,-2.2,10.0,1.5,,,43.3544,-71.7364,167.6,SALISBURY
2025-04-12,USC00277833,USC00277833,Spring,0.0,5.0,2.8,,,43.3544,-71.7364,167.6,SALISBURY
2025-04-13,USC00277833,USC00277833,Spring,0.0,2.8,5.6,,,43.3544,-71.7364,167.6,SALISBURY
2025-04-14,USC00277833,USC00277833,Spring,0.6,8.3,0.0,,,43.3544,-71.7364,167.6,SALISBURY
2025-04-15,USC00277833,USC00277833,Spring,5.6,18.3,6.6,,,43.3544,-71.7364,167.6,SALISBURY
2025-04-16,USC00277833,USC00277833,Spring,3.3,18.3,6.4,,,43.3544,-71.7364,167.6,SALISBURY
2025-04-17,USC00277833,USC00277833,Spring,1.7,8.9,,,,43.3544,-71.7364,167.6,SALISBURY
2025-04-18,USC00277833,USC00277833,Spring,-3.3,12.2,0.0,,,43.3544,-71.7364,167.6,SALISBURY
2025-04-19,USC00277833,USC00277833,Spring,0.6,19.4,0.0,,,43.3544,-71.7364,167.6,SALISBURY
2025-04-20,USC00277833,USC00277833,Spring,8.3,24.4,0.0,,,43.3544,-71.7364,167.6,SALISBURY
2025-04-21,USC00277833,USC00277833,Spring,1.1,12.8,0.0,,,43.3544,-71.7364,167.6,SALISBURY
2025-04-22,USC00277833,USC00277833,Spring,5.0,16.7,5.6,,,43.3544,-71.7364,167.6,SALISBURY
2025-03-26,USC00278539,USC00278539,Spring,-3.3,4.4,0.0,0.0,0.0,42.9967,-72.3128,170.7,SURRY MTN LAKE
2025-03-27,USC00278539,USC00278539,Spring,-5.0,8.9,0.0,0.0,0.0,42.9967,-72.3128,170.7,SURRY MTN LAKE
2025-03-28,USC00278539,USC00278539,Spring,-5.0,9.4,0.0,0.0,0.0,42.9967,-72.3128,170.7,SURRY MTN LAKE
2025-03-29,USC00278539,USC00278539,Spring,-5.0,8.9,,0.0,0.0,42.9967,-72.3128,170.7,SURRY MTN LAKE
2025-03-30,USC00278539,USC00278539,Spring,-5.0,8.9,,0.0,0.0,42.9967,-72.3128,170.7,SURRY MTN LAKE
2025-03-31,USC00278539,USC00278539,Spring,-5.0,8.9,,0.0,0.0,42.9967,-72.3128,170.7,SURRY MTN LAKE
2025-04-01,USC00278539,USC00278539,Spring,1.1,13.3,4.3,0.0,0.0,42.9967,-72.3128,170.7,SURRY MTN LAKE
2025-04-02,USC00278539,USC00278539,Spring,-3.3,8.9,0.0,0.0,0.0,42.9967,-72.3128,170.7,SURRY MTN LAKE
2025-04-03,USC00278539,USC00278539,Spring,-2.8,8.9,0.0,0.0,0.0,42.9967,-72.3128,170.7,SURRY MTN LAKE
2025-04-04,USC00278539,USC00278539,Spring,1.1,10.6,6.1,0.0,0.0,42.9967,-72.3128,170.7,SURRY MTN LAKE
2025-04-05,USC00278539,USC00278539,Spring,-0.8499999999999999,9.75,,0.0,0.0,42.9967,-72.3128,170.7,SURRY MTN LAKE
2025-04-06,USC00278539,USC00278539,Spring,-0.8499999999999999,9.75,,0.0,0.0,42.9967,-72.3128,170.7,SURRY MTN LAKE
2025-04-07,USC00278539,USC00278539,Spring,-0.8499999999999999,9.75,14.5,0.0,0.0,42.9967,-72.3128,170.7,SURRY MTN LAKE
2025-04-08,USC00278539,USC00278539,Spring,0.0,3.3,1.3,0.0,0.0,42.9967,-72.3128,170.7,SURRY MTN LAKE
2025-04-09,USC00278539,USC00278539,Spring,-5.0,2.8,0.0,0.0,0.0,42.9967,-72.3128,170.7,SURRY MTN LAKE
2025-04-10,USC00278539,USC00278539,Spring,-5.6,6.1,0.0,0.0,0.0,42.9967,-72.3128,170.7,SURRY MTN LAKE
2025-04-11,USC00278539,USC00278539,Spring,-4.4,10.0,5.1,,,42.9967,-72.3128,170.7,SURRY MTN LAKE
2025-04-12,USC00278539,USC00278539,Spring,-4.7,4.699999999999999,0.0,0.0,0.0,42.9967,-72.3128,170.7,SURRY MTN LAKE
2025-04-13,USC00278539,USC00278539,Spring,-4.7,4.699999999999999,0.0,0.0,0.0,42.9967,-72.3128,170.7,SURRY MTN LAKE
2025-04-14,USC00278539,USC00278539,Spring,-4.7,4.699999999999999,9.9,0.0,0.0,42.9967,-72.3128,170.7,SURRY MTN LAKE
2025-04-15,USC00278539,USC00278539,Spring,-0.6,19.4,5.6,0.0,0.0,42.9967,-72.3128,170.7,SURRY MTN LAKE
2025-04-16,USC00278539,USC00278539,Spring,2.2,16.7,0.8,0.0,0.0,42.9967,-72.3128,170.7,SURRY MTN LAKE
2025-04-17,USC00278539,USC00278539,Spring,1.7,8.3,0.0,0.0,0.0,42.9967,-72.3128,170.7,SURRY MTN LAKE
2025-04-18,USC00278539,USC00278539,Spring,-3.3,13.9,0.0,0.0,0.0,42.9967,-72.3128,170.7,SURRY MTN LAKE
2025-04-19,USC00278539,USC00278539,Spring,0.55,15.3,0.0,0.0,0.0,42.9967,-72.3128,170.7,SURRY MTN LAKE
2025-04-20,USC00278539,USC00278539,Spring,0.55,15.3,0.0,0.0,0.0,42.9967,-72.3128,170.7,SURRY MTN LAKE
2025-04-21,USC00278539,USC00278539,Spring,0.55,15.3,3.0,0.0,0.0,42.9967,-72.3128,170.7,SURRY MTN LAKE
2025-03-26,USC00278614,USC00278614,Spring,-6.1,7.2,0.0,0.0,76.0,43.8644,-71.2664,164.9,TAMWORTH 4
2025-03-27,USC00278614,USC00278614,Spring,-5.0,8.3,0.0,0.0,25.0,43.8644,-71.2664,164.9,TAMWORTH 4
2025-03-28,USC00278614,USC00278614,Spring,-5.0,7.2,0.0,0.0,0.0,43.8644,-71.2664,164.9,TAMWORTH 4
2025-03-29,USC00278614,USC00278614,Spring,-1.7,10.0,11.2,94.0,102.0,43.8644,-71.2664,164.9,TAMWORTH 4
2025-03-30,USC00278614,USC00278614,Spring,-2.8,0.6,8.1,51.0,152.0,43.8644,-71.2664,164.9,TAMWORTH 4
2025-03-31,USC00278614,USC00278614,Spring,-1.1,1.1,9.1,0.0,102.0,43.8644,-71.2664,164.9,TAMWORTH 4
2025-04-01,USC00278614,USC00278614,Spring,0.0,6.1,4.6,0.0,38.0,43.8644,-71.2664,164.9,TAMWORTH 4
2025-04-02,USC00278614,USC00278614,Spring,-5.6,5.6,0.0,0.0,0.0,43.8644,-71.2664,164.9,TAMWORTH 4
2025-04-03,USC00278614,USC00278614,Spring,-5.6,5.6,10.2,20.0,25.0,43.8644,-71.2664,164.9,TAMWORTH 4
2025-04-04,USC00278614,USC00278614,Spring,-0.6,7.2,8.9,0.0,13.0,43.8644,-71.2664,164.9,TAMWORTH 4
2025-04-05,USC00278614,USC00278614,Spring,0.6,14.4,0.0,0.0,0.0,43.8644,-71.2664,164.9,TAMWORTH 4
2025-04-06,USC00278614,USC00278614,Spring,0.6,5.0,9.9,0.0,0.0,43.8644,-71.2664,164.9,TAMWORTH 4
2025-04-07,USC00278614,USC00278614,Spring,0.6,12.8,0.5,0.0,0.0,43.8644,-71.2664,164.9,TAMWORTH 4
2025-04-08,USC00278614,USC00278614,Spring,0.0,5.6,0.0,0.0,0.0,43.8644,-71.2664,164.9,TAMWORTH 4
2025-04-09,USC00278614,USC00278614,Spring,0.3,6.4,2.5,0.0,0.0,43.8644,-71.2664,164.9,TAMWORTH 4
2025-04-10,USC00278614,USC00278614,Spring,-7.8,4.4,0.0,0.0,0.0,43.8644,-71.2664,164.9,TAMWORTH 4
2025-04-11,USC00278614,USC00278614,Spring,-7.2,10.0,1.5,0.0,0.0,43.8644,-71.2664,164.9,TAMWORTH 4
2025-04-12,USC00278614,USC00278614,Spring,0.0,3.9,3.6,3.0,0.0,43.8644,-71.2664,164.9,TAMWORTH 4
2025-04-13,USC00278614,USC00278614,Spring,0.0,3.3,7.6,25.0,0.0,43.8644,-71.2664,164.9,TAMWORTH 4
2025-04-14,USC00278614,USC00278614,Spring,1.1,8.3,0.5,0.0,0.0,43.8644,-71.2664,164.9,TAMWORTH 4
2025-04-15,USC00278614,USC00278614,Spring,1.1,18.9,2.8,0.0,0.0,43.8644,-71.2664,164.9,TAMWORTH 4
2025-04-16,USC00278614,USC00278614,Spring,3.3,19.4,0.0,0.0,0.0,43.8644,-71.2664,164.9,TAMWORTH 4
2025-04-17,USC00278614,USC00278614,Spring,1.1,8.9,0.0,0.0,0.0,43.8644,-71.2664,164.9,TAMWORTH 4
2025-04-18,USC00278614,USC00278614,Spring,-3.9,12.2,0.0,0.0,0.0,43.8644,-71.2664,164.9,TAMWORTH 4
2025-04-19,USC00278614,USC00278614,Spring,-2.2,19.4,0.3,0.0,0.0,43.8644,-71.2664,164.9,TAMWORTH 4
2025-04-20,USC00278614,USC00278614,Spring,7.8,23.3,0.0,0.0,0.0,43.8644,-71.2664,164.9,TAMWORTH 4
2025-04-21,USC00278614,USC00278614,Spring,-2.8,12.8,0.0,0.0,0.0,43.8644,-71.2664,164.9,TAMWORTH 4
2025-04-22,USC00278614,USC00278614,Spring,-1.1,17.2,1.0,0.0,0.0,43.8644,-71.2664,164.9,TAMWORTH 4
2025-03-26,USC00278856,USC00278856,Spring,-3.3,5.6,0.5,,,43.0336,-72.4328,184.1,WALPOLE 2S NEPP
2025-03-27,USC00278856,USC00278856,Spring,-3.3,7.2,0.0,,,43.0336,-72.4328,184.1,WALPOLE 2S NEPP
2025-03-28,USC00278856,USC00278856,Spring,-1.7,8.3,0.0,,,43.0336,-72.4328,184.1,WALPOLE 2S NEPP
2025-03-29,USC00278856,USC00278856,Spring,-0.6,12.2,9.9,,,43.0336,-72.4328,184.1,WALPOLE 2S NEPP
2025-03-30,USC00278856,USC00278856,Spring,0.0,1.7,17.0,,,43.0336,-72.4328,184.1,WALPOLE 2S NEPP
2025-03-31,USC00278856,USC00278856,Spring,0.0,2.2,2.0,,,43.0336,-72.4328,184.1,WALPOLE 2S NEPP
2025-04-01,USC00278856,USC00278856,Spring,2.2,15.0,5.3,,,43.0336,-72.4328,184.1,WALPOLE 2S NEPP
2025-04-02,USC00278856,USC00278856,Spring,-3.3,8.3,0.0,,,43.0336,-72.4328,184.1,WALPOLE 2S NEPP
2025-04-03,USC00278856,USC00278856,Spring,-2.8,6.7,19.8,,,43.0336,-72.4328,184.1,WALPOLE 2S NEPP
2025-04-04,USC00278856,USC00278856,Spring,1.7,16.7,5.3,,,43.0336,-72.4328,184.1,WALPOLE 2S NEPP
2025-04-05,USC00278856,USC00278856,Spring,2.2,16.7,0.0,,,43.0336,-72.4328,184.1,WALPOLE 2S NEPP
2025-04-06,USC00278856,USC00278856,Spring,2.8,7.2,,,,43.0336,-72.4328,184.1,WALPOLE 2S NEPP
2025-04-07,USC00278856,USC00278856,Spring,0.0,13.3,3.3,,,43.0336,-72.4328,184.1,WALPOLE 2S NEPP
2025-04-08,USC00278856,USC00278856,Spring,0.6,3.9,0.3,,,43.0336,-72.4328,184.1,WALPOLE 2S NEPP
2025-04-09,USC00278856,USC00278856,Spring,-5.0,2.2,0.5,,,43.0336,-72.4328,184.1,WALPOLE 2S NEPP
2025-04-10,USC00278856,USC00278856,Spring,-5.6,5.6,0.0,,,43.0336,-72.4328,184.1,WALPOLE 2S NEPP
2025-04-11,USC00278856,USC00278856,Spring,-3.9,10.0,4.1,,,43.0336,-72.4328,184.1,WALPOLE 2S NEPP
2025-04-12,USC00278856,USC00278856,Spring,0.0,5.6,3.3,,,43.0336,-72.4328,184.1,WALPOLE 2S NEPP
2025-04-13,USC00278856,USC00278856,Spring,0.0,2.8,5.3,,,43.0336,-72.4328,184.1,WALPOLE 2S NEPP
2025-04-14,USC00278856,USC00278856,Spring,-2.2,8.3,0.0,,,43.0336,-72.4328,184.1,WALPOLE 2S NEPP
2025-04-15,USC00278856,USC00278856,Spring,0.0,18.9,3.8,,,43.0336,-72.4328,184.1,WALPOLE 2S NEPP
2025-04-16,USC00278856,USC00278856,Spring,2.8,18.9,1.0,,,43.0336,-72.4328,184.1,WALPOLE 2S NEPP
2025-04-17,USC00278856,USC00278856,Spring,2.2,7.8,0.3,,,43.0336,-72.4328,184.1,WALPOLE 2S NEPP
2025-04-18,USC00278856,USC00278856,Spring,-2.8,13.9,0.0,,,43.0336,-72.4328,184.1,WALPOLE 2S NEPP
2025-04-19,USC00278856,USC00278856,Spring,-1.7,20.0,0.0,,,43.0336,-72.4328,184.1,WALPOLE 2S NEPP
2025-04-20,USC00278856,USC00278856,Spring,8.9,26.7,2.5,,,43.0336,-72.4328,184.1,WALPOLE 2S NEPP
2025-04-21,USC00278856,USC00278856,Spring,-1.1,14.4,0.0,,,43.0336,-72.4328,184.1,WALPOLE 2S NEPP
2025-04-22,USC00278856,USC00278856,Spring,1.1,16.7,3.6,,,43.0336,-72.4328,184.1,WALPOLE 2S NEPP
2025-03-26,USC00278961,USC00278961,Spring,-5.0,3.3,0.0,,,43.9458,-71.5111,435.6,WATERVILLE VALLEY NEPP
2025-03-27,USC00278961,USC00278961,Spring,-4.4,5.6,0.8,,,43.9458,-71.5111,435.6,WATERVILLE VALLEY NEPP
2025-03-28,USC00278961,USC00278961,Spring,-3.9,5.0,0.0,,,43.9458,-71.5111,435.6,WATERVILLE VALLEY NEPP
2025-03-29,USC00278961,USC00278961,Spring,-2.8,7.2,12.7,,,43.9458,-71.5111,435.6,WATERVILLE VALLEY NEPP
2025-03-30,USC00278961,USC00278961,Spring,-2.8,0.6,9.4,,,43.9458,-71.5111,435.6,WATERVILLE VALLEY NEPP
2025-03-31,USC00278961,USC00278961,Spring,-1.1,0.0,14.7,,,43.9458,-71.5111,435.6,WATERVILLE VALLEY NEPP
2025-04-02,USC00278961,USC00278961,Spring,-7.2,2.2,0.0,,,43.9458,-71.5111,435.6,WATERVILLE VALLEY NEPP
2025-04-03,USC00278961,USC00278961,Spring,-6.1,3.9,7.4,,,43.9458,-71.5111,435.6,WATERVILLE VALLEY NEPP
2025-04-04,USC00278961,USC00278961,Spring,-0.6,12.8,10.4,,,43.9458,-71.5111,435.6,WATERVILLE VALLEY NEPP
2025-04-05,USC00278961,USC00278961,Spring,-0.6,10.0,0.0,,,43.9458,-71.5111,435.6,WATERVILLE VALLEY NEPP
2025-04-06,USC00278961,USC00278961,Spring,0.0,2.8,7.4,,,43.9458,-71.5111,435.6,WATERVILLE VALLEY NEPP
2025-04-07,USC00278961,USC00278961,Spring,-0.6,9.4,,,,43.9458,-71.5111,435.6,WATERVILLE VALLEY NEPP
2025-04-08,USC00278961,USC00278961,Spring,-1.1,4.4,0.0,,,43.9458,-71.5111,435.6,WATERVILLE VALLEY NEPP
2025-04-09,USC00278961,USC00278961,Spring,-7.2,0.6,4.1,,,43.9458,-71.5111,435.6,WATERVILLE VALLEY NEPP
2025-04-10,USC00278961,USC00278961,Spring,-9.4,2.2,0.0,,,43.9458,-71.5111,435.6,WATERVILLE VALLEY NEPP
2025-04-11,USC00278961,USC00278961,Spring,-5.6,8.3,1.0,,,43.9458,-71.5111,435.6,WATERVILLE VALLEY NEPP
2025-04-12,USC00278961,USC00278961,Spring,0.0,3.3,1.5,,,43.9458,-71.5111,435.6,WATERVILLE VALLEY NEPP
2025-04-13,USC00278961,USC00278961,Spring,0.0,2.8,4.1,,,43.9458,-71.5111,435.6,WATERVILLE VALLEY NEPP
2025-04-14,USC00278961,USC00278961,Spring,-2.2,6.7,0.0,,,43.9458,-71.5111,435.6,WATERVILLE VALLEY NEPP
2025-04-15,USC00278961,USC00278961,Spring,3.3,16.1,,,,43.9458,-71.5111,435.6,WATERVILLE VALLEY NEPP
2025-04-16,USC00278961,USC00278961,Spring,1.7,16.1,0.5,,,43.9458,-71.5111,435.6,WATERVILLE VALLEY NEPP
2025-04-17,USC00278961,USC00278961,Spring,-0.6,4.4,0.3,,,43.9458,-71.5111,435.6,WATERVILLE VALLEY NEPP
2025-04-18,USC00278961,USC00278961,Spring,-3.3,8.9,0.0,,,43.9458,-71.5111,435.6,WATERVILLE VALLEY NEPP
2025-04-19,USC00278961,USC00278961,Spring,0.0,16.7,0.8,,,43.9458,-71.5111,435.6,WATERVILLE VALLEY NEPP
2025-04-20,USC00278961,USC00278961,Spring,3.3,20.0,0.8,,,43.9458,-71.5111,435.6,WATERVILLE VALLEY NEPP
2025-04-21,USC00278961,USC00278961,Spring,-2.8,8.3,0.0,,,43.9458,-71.5111,435.6,WATERVILLE VALLEY NEPP
2025-04-22,USC00278961,USC00278961,Spring,1.7,15.6,1.8,,,43.9458,-71.5111,435.6,WATERVILLE VALLEY NEPP
2025-04-11,USC00279091,USC00279091,Spring,-7.8,11.1,0.8,,,43.8669,-71.9164,199.0,WENTWORTH
2025-03-26,USC00279278,USC00279278,Spring,-1.7,9.4,0.0,0.0,0.0,42.9108,-71.2019,87.8,W HAMPSTEAD
2025-03-27,USC00279278,USC00279278,Spring,-1.7,10.6,0.0,0.0,0.0,42.9108,-71.2019,87.8,W HAMPSTEAD
2025-03-28,USC00279278,USC00279278,Spring,-1.7,9.4,0.0,0.0,0.0,42.9108,-71.2019,87.8,W HAMPSTEAD
2025-03-29,USC00279278,USC00279278,Spring,0.6,14.4,4.6,0.0,0.0,42.9108,-71.2019,87.8,W HAMPSTEAD
2025-03-30,USC00279278,USC00279278,Spring,0.0,1.1,9.9,5.0,0.0,42.9108,-71.2019,87.8,W HAMPSTEAD
2025-03-31,USC00279278,USC00279278,Spring,0.6,3.3,2.0,0.0,0.0,42.9108,-71.2019,87.8,W HAMPSTEAD
2025-04-01,USC00279278,USC00279278,Spring,2.2,16.1,9.9,0.0,0.0,42.9108,-71.2019,87.8,W HAMPSTEAD
2025-04-02,USC00279278,USC00279278,Spring,-2.2,9.4,0.0,0.0,0.0,42.9108,-71.2019,87.8,W HAMPSTEAD
2025-04-03,USC00279278,USC00279278,Spring,-2.2,7.8,16.8,3.0,0.0,42.9108,-71.2019,87.8,W HAMPSTEAD
2025-04-04,USC00279278,USC00279278,Spring,2.2,13.3,8.6,0.0,0.0,42.9108,-71.2019,87.8,W HAMPSTEAD
2025-04-05,USC00279278,USC00279278,Spring,1.7,18.9,0.0,0.0,0.0,42.9108,-71.2019,87.8,W HAMPSTEAD
2025-04-06,USC00279278,USC00279278,Spring,2.8,6.1,10.4,0.0,0.0,42.9108,-71.2019,87.8,W HAMPSTEAD
2025-04-07,USC00279278,USC00279278,Spring,2.2,11.1,5.8,0.0,0.0,42.9108,-71.2019,87.8,W HAMPSTEAD
2025-04-08,USC00279278,USC00279278,Spring,1.1,3.3,3.8,0.0,0.0,42.9108,-71.2019,87.8,W HAMPSTEAD
2025-04-09,USC00279278,USC00279278,Spring,-3.9,4.4,2.5,0.0,0.0,42.9108,-71.2019,87.8,W HAMPSTEAD
2025-04-10,USC00279278,USC00279278,Spring,-3.9,7.2,0.0,0.0,0.0,42.9108,-71.2019,87.8,W HAMPSTEAD
2025-04-11,USC00279278,USC00279278,Spring,-3.9,11.1,1.5,3.0,0.0,42.9108,-71.2019,87.8,W HAMPSTEAD
2025-04-12,USC00279278,USC00279278,Spring,0.0,7.8,6.9,33.0,25.0,42.9108,-71.2019,87.8,W HAMPSTEAD
2025-04-13,USC00279278,USC00279278,Spring,0.0,2.8,3.8,23.0,0.0,42.9108,-71.2019,87.8,W HAMPSTEAD
2025-04-14,USC00279278,USC00279278,Spring,1.7,8.3,1.3,0.0,0.0,42.9108,-71.2019,87.8,W HAMPSTEAD
2025-04-15,USC00279278,USC00279278,Spring,2.2,19.4,0.8,0.0,0.0,42.9108,-71.2019,87.8,W HAMPSTEAD
2025-04-16,USC00279278,USC00279278,Spring,3.3,20.6,2.0,0.0,0.0,42.9108,-71.2019,87.8,W HAMPSTEAD
2025-04-17,USC00279278,USC00279278,Spring,2.8,11.7,0.0,0.0,0.0,42.9108,-71.2019,87.8,W HAMPSTEAD
2025-04-18,USC00279278,USC00279278,Spring,-0.6,14.4,0.0,0.0,0.0,42.9108,-71.2019,87.8,W HAMPSTEAD
2025-04-19,USC00279278,USC00279278,Spring,3.9,21.1,0.0,0.0,0.0,42.9108,-71.2019,87.8,W HAMPSTEAD
2025-04-20,USC00279278,USC00279278,Spring,11.7,27.8,1.3,0.0,0.0,42.9108,-71.2019,87.8,W HAMPSTEAD
2025-04-21,USC00279278,USC00279278,Spring,0.6,16.1,0.0,0.0,0.0,42.9108,-71.2019,87.8,W HAMPSTEAD
2025-04-22,USC00279278,USC00279278,Spring,1.1,16.7,4.3,0.0,0.0,42.9108,-71.2019,87.8,W HAMPSTEAD
2025-03-26,USC00279966,USC00279966,Spring,-2.8,3.3,0.0,0.0,51.0,44.5067,-71.3336,463.0,YORK POND
2025-03-27,USC00279966,USC00279966,Spring,-4.4,5.0,0.0,0.0,51.0,44.5067,-71.3336,463.0,YORK POND
2025-03-28,USC00279966,USC00279966,Spring,-4.4,5.0,0.0,0.0,51.0,44.5067,-71.3336,463.0,YORK POND
2025-03-29,USC00279966,USC00279966,Spring,-4.4,5.6,18.5,152.0,203.0,44.5067,-71.3336,463.0,YORK POND
2025-03-30,USC00279966,USC00279966,Spring,-4.4,0.0,0.8,0.0,152.0,44.5067,-71.3336,463.0,YORK POND
2025-03-31,USC00279966,USC00279966,Spring,-2.8,0.0,15.2,0.0,127.0,44.5067,-71.3336,463.0,YORK POND
2025-03-26,USC00279970,USC00279970,Spring,,-3.3,0.0,25.0,559.0,44.1958,-71.4944,823.0,ZEALAND FALLS HUT
2025-03-27,USC00279970,USC00279970,Spring,,-3.3,5.1,102.0,635.0,44.1958,-71.4944,823.0,ZEALAND FALLS HUT
2025-03-28,USC00279970,USC00279970,Spring,-12.2,-1.1,0.0,0.0,610.0,44.1958,-71.4944,823.0,ZEALAND FALLS HUT
2025-03-29,USC00279970,USC00279970,Spring,-6.1,-1.7,14.5,114.0,711.0,44.1958,-71.4944,823.0,ZEALAND FALLS HUT
2025-03-30,USC00279970,USC00279970,Spring,-4.4,3.9,3.8,8.0,711.0,44.1958,-71.4944,823.0,ZEALAND FALLS HUT
2025-03-31,USC00279970,USC00279970,Spring,-3.9,4.4,8.9,13.0,711.0,44.1958,-71.4944,823.0,ZEALAND FALLS HUT
2025-04-03,USC00279970,USC00279970,Spring,-1.1,11.7,0.0,0.0,584.0,44.1958,-71.4944,823.0,ZEALAND FALLS HUT
2025-04-04,USC00279970,USC00279970,Spring,0.0,12.2,2.5,0.0,559.0,44.1958,-71.4944,823.0,ZEALAND FALLS HUT
2025-04-05,USC00279970,USC00279970,Spring,-1.1,8.9,0.0,0.0,559.0,44.1958,-71.4944,823.0,ZEALAND FALLS HUT
2025-04-06,USC00279970,USC00279970,Spring,-1.1,2.8,9.7,13.0,559.0,44.1958,-71.4944,823.0,ZEALAND FALLS HUT
2025-04-07,USC00279970,USC00279970,Spring,-3.3,4.4,0.0,0.0,533.0,44.1958,-71.4944,823.0,ZEALAND FALLS HUT
2025-04-08,USC00279970,USC00279970,Spring,-3.9,4.4,0.0,0.0,533.0,44.1958,-71.4944,823.0,ZEALAND FALLS HUT
2025-04-09,USC00279970,USC00279970,Spring,-11.1,1.7,6.6,178.0,686.0,44.1958,-71.4944,823.0,ZEALAND FALLS HUT
2025-04-10,USC00279970,USC00279970,Spring,-12.8,0.0,0.0,3.0,,44.1958,-71.4944,823.0,ZEALAND FALLS HUT
2025-04-11,USC00279970,USC00279970,Spring,-9.4,8.3,0.0,0.0,635.0,44.1958,-71.4944,823.0,ZEALAND FALLS HUT
2025-04-14,USC00279970,USC00279970,Spring,-3.3,3.3,1.3,13.0,635.0,44.1958,-71.4944,823.0,ZEALAND FALLS HUT
2025-04-15,USC00279970,USC00279970,Spring,0.6,15.6,0.0,0.0,610.0,44.1958,-71.4944,823.0,ZEALAND FALLS HUT
2025-04-16,USC00279970,USC00279970,Spring,-1.7,15.6,3.3,13.0,533.0,44.1958,-71.4944,823.0,ZEALAND FALLS HUT
2025-04-17,USC00279970,USC00279970,Spring,-4.4,1.7,1.8,13.0,533.0,44.1958,-71.4944,823.0,ZEALAND FALLS HUT
2025-04-18,USC00279970,USC00279970,Spring,-4.4,8.3,0.0,0.0,533.0,44.1958,-71.4944,823.0,ZEALAND FALLS HUT
2025-04-19,USC00279970,USC00279970,Spring,0.0,15.6,2.5,0.0,483.0,44.1958,-71.4944,823.0,ZEALAND FALLS HUT
2025-04-20,USC00279970,USC00279970,Spring,-0.6,13.9,4.8,0.0,330.0,44.1958,-71.4944,823.0,ZEALAND FALLS HUT
2025-04-21,USC00279970,USC00279970,Spring,-6.1,1.7,0.0,0.0,0.0,44.1958,-71.4944,823.0,ZEALAND FALLS HUT
2025-03-26,USR0000NWMT,USR0000NWMT,Spring,-5.6,10.6,,,,43.9806,-71.1406,140.2,WHITE MOUNTAIN NF NEW HAMPSHIR
2025-03-27,USR0000NWMT,USR0000NWMT,Spring,-4.4,8.3,,,,43.9806,-71.1406,140.2,WHITE MOUNTAIN NF NEW HAMPSHIR
2025-03-28,USR0000NWMT,USR0000NWMT,Spring,-4.4,11.7,,,,43.9806,-71.1406,140.2,WHITE MOUNTAIN NF NEW HAMPSHIR
2025-03-29,USR0000NWMT,USR0000NWMT,Spring,-2.8,1.7,,,,43.9806,-71.1406,140.2,WHITE MOUNTAIN NF NEW HAMPSHIR
2025-03-30,USR0000NWMT,USR0000NWMT,Spring,-2.2,2.8,,,,43.9806,-71.1406,140.2,WHITE MOUNTAIN NF NEW HAMPSHIR
2025-03-31,USR0000NWMT,USR0000NWMT,Spring,0.0,7.8,,,,43.9806,-71.1406,140.2,WHITE MOUNTAIN NF NEW HAMPSHIR
2025-04-01,USR0000NWMT,USR0000NWMT,Spring,-1.7,6.7,,,,43.9806,-71.1406,140.2,WHITE MOUNTAIN NF NEW HAMPSHIR
2025-04-02,USR0000NWMT,USR0000NWMT,Spring,-5.0,6.7,,,,43.9806,-71.1406,140.2,WHITE MOUNTAIN NF NEW HAMPSHIR
2025-04-03,USR0000NWMT,USR0000NWMT,Spring,-1.7,6.1,,,,43.9806,-71.1406,140.2,WHITE MOUNTAIN NF NEW HAMPSHIR
2025-04-04,USR0000NWMT,USR0000NWMT,Spring,0.0,15.0,,,,43.9806,-71.1406,140.2,WHITE MOUNTAIN NF NEW HAMPSHIR
2025-04-05,USR0000NWMT,USR0000NWMT,Spring,-0.6,5.6,,,,43.9806,-71.1406,140.2,WHITE MOUNTAIN NF NEW HAMPSHIR
2025-04-06,USR0000NWMT,USR0000NWMT,Spring,1.7,12.8,,,,43.9806,-71.1406,140.2,WHITE MOUNTAIN NF NEW HAMPSHIR
2025-04-07,USR0000NWMT,USR0000NWMT,Spring,1.1,6.7,,,,43.9806,-71.1406,140.2,WHITE MOUNTAIN NF NEW HAMPSHIR
2025-04-08,USR0000NWMT,USR0000NWMT,Spring,-3.3,3.3,,,,43.9806,-71.1406,140.2,WHITE MOUNTAIN NF NEW HAMPSHIR
2025-04-09,USR0000NWMT,USR0000NWMT,Spring,-4.4,6.7,,,,43.9806,-71.1406,140.2,WHITE MOUNTAIN NF NEW HAMPSHIR
2025-04-10,USR0000NWMT,USR0000NWMT,Spring,-7.2,11.1,,,,43.9806,-71.1406,140.2,WHITE MOUNTAIN NF NEW HAMPSHIR
2025-04-11,USR0000NWMT,USR0000NWMT,Spring,1.7,4.4,,,,43.9806,-71.1406,140.2,WHITE MOUNTAIN NF NEW HAMPSHIR
2025-04-12,USR0000NWMT,USR0000NWMT,Spring,0.6,3.9,,,,43.9806,-71.1406,140.2,WHITE MOUNTAIN NF NEW HAMPSHIR
2025-04-13,USR0000NWMT,USR0000NWMT,Spring,2.2,8.9,,,,43.9806,-71.1406,140.2,WHITE MOUNTAIN NF NEW HAMPSHIR
2025-04-14,USR0000NWMT,USR0000NWMT,Spring,-1.7,20.6,,,,43.9806,-71.1406,140.2,WHITE MOUNTAIN NF NEW HAMPSHIR
2025-04-15,USR0000NWMT,USR0000NWMT,Spring,3.9,20.0,,,,43.9806,-71.1406,140.2,WHITE MOUNTAIN NF NEW HAMPSHIR
2025-04-16,USR0000NWMT,USR0000NWMT,Spring,3.9,9.4,,,,43.9806,-71.1406,140.2,WHITE MOUNTAIN NF NEW HAMPSHIR
2025-04-17,USR0000NWMT,USR0000NWMT,Spring,1.1,13.3,,,,43.9806,-71.1406,140.2,WHITE MOUNTAIN NF NEW HAMPSHIR
2025-04-18,USR0000NWMT,USR0000NWMT,Spring,-3.3,19.4,,,,43.9806,-71.1406,140.2,WHITE MOUNTAIN NF NEW HAMPSHIR
2025-04-19,USR0000NWMT,USR0000NWMT,Spring,7.2,25.0,,,,43.9806,-71.1406,140.2,WHITE MOUNTAIN NF NEW HAMPSHIR
2025-04-20,USR0000NWMT,USR0000NWMT,Spring,1.7,16.7,,,,43.9806,-71.1406,140.2,WHITE MOUNTAIN NF NEW HAMPSHIR
2025-04-21,USR0000NWMT,USR0000NWMT,Spring,-1.1,18.9,,,,43.9806,-71.1406,140.2,WHITE MOUNTAIN NF NEW HAMPSHIR
2025-03-26,USW00014710,USW00014710,Spring,-2.1,12.2,0.0,0.0,0.0,42.9297,-71.4356,69.8,MANCHESTER AP
2025-03-27,USW00014710,USW00014710,Spring,-2.1,11.1,0.0,0.0,0.0,42.9297,-71.4356,69.8,MANCHESTER AP
2025-03-28,USW00014710,USW00014710,Spring,0.0,15.6,0.0,0.0,0.0,42.9297,-71.4356,69.8,MANCHESTER AP
2025-03-29,USW00014710,USW00014710,Spring,0.0,9.4,11.4,0.0,0.0,42.9297,-71.4356,69.8,MANCHESTER AP
2025-03-30,USW00014710,USW00014710,Spring,0.6,3.9,3.8,0.0,0.0,42.9297,-71.4356,69.8,MANCHESTER AP
2025-03-31,USW00014710,USW00014710,Spring,2.8,17.2,6.9,0.0,0.0,42.9297,-71.4356,69.8,MANCHESTER AP
2025-04-01,USW00014710,USW00014710,Spring,0.6,17.2,5.6,0.0,0.0,42.9297,-71.4356,69.8,MANCHESTER AP
2025-04-02,USW00014710,USW00014710,Spring,-0.5,8.9,3.0,0.0,0.0,42.9297,-71.4356,69.8,MANCHESTER AP
2025-04-03,USW00014710,USW00014710,Spring,1.7,11.7,20.1,0.0,0.0,42.9297,-71.4356,69.8,MANCHESTER AP
2025-04-04,USW00014710,USW00014710,Spring,4.4,20.0,0.0,0.0,0.0,42.9297,-71.4356,69.8,MANCHESTER AP
2025-04-05,USW00014710,USW00014710,Spring,2.8,7.8,8.1,0.0,0.0,42.9297,-71.4356,69.8,MANCHESTER AP
2025-04-06,USW00014710,USW00014710,Spring,3.9,12.8,7.1,0.0,0.0,42.9297,-71.4356,69.8,MANCHESTER AP
2025-04-07,USW00014710,USW00014710,Spring,1.7,7.8,2.5,0.0,0.0,42.9297,-71.4356,69.8,MANCHESTER AP
2025-04-08,USW00014710,USW00014710,Spring,-2.1,6.1,2.3,0.0,0.0,42.9297,-71.4356,69.8,MANCHESTER AP
2025-04-09,USW00014710,USW00014710,Spring,-2.1,8.3,0.0,0.0,0.0,42.9297,-71.4356,69.8,MANCHESTER AP
2025-04-10,USW00014710,USW00014710,Spring,-3.8,11.7,0.0,0.0,0.0,42.9297,-71.4356,69.8,MANCHESTER AP
2025-04-11,USW00014710,USW00014710,Spring,1.1,8.9,2.5,0.0,0.0,42.9297,-71.4356,69.8,MANCHESTER AP
2025-04-12,USW00014710,USW00014710,Spring,1.1,4.4,12.2,66.0,30.0,42.9297,-71.4356,69.8,MANCHESTER AP
2025-04-13,USW00014710,USW00014710,Spring,1.7,10.6,0.0,0.0,0.0,42.9297,-71.4356,69.8,MANCHESTER AP
2025-04-14,USW00014710,USW00014710,Spring,-0.5,21.7,0.0,0.0,0.0,42.9297,-71.4356,69.8,MANCHESTER AP
2025-04-15,USW00014710,USW00014710,Spring,8.3,21.7,8.6,0.0,0.0,42.9297,-71.4356,69.8,MANCHESTER AP
2025-04-16,USW00014710,USW00014710,Spring,5.0,12.2,0.0,0.0,0.0,42.9297,-71.4356,69.8,MANCHESTER AP
2025-04-17,USW00014710,USW00014710,Spring,2.8,16.1,0.0,0.0,0.0,42.9297,-71.4356,69.8,MANCHESTER AP
2025-04-18,USW00014710,USW00014710,Spring,-1.6,22.8,0.0,0.0,0.0,42.9297,-71.4356,69.8,MANCHESTER AP
2025-04-19,USW00014710,USW00014710,Spring,15.6,28.3,1.5,0.0,0.0,42.9297,-71.4356,69.8,MANCHESTER AP
2025-04-20,USW00014710,USW00014710,Spring,7.2,21.1,0.0,0.0,0.0,42.9297,-71.4356,69.8,MANCHESTER AP
2025-04-21,USW00014710,USW00014710,Spring,1.1,18.9,0.0,0.0,0.0,42.9297,-71.4356,69.8,MANCHESTER AP
2025-03-26,USW00014745,USW00014745,Spring,-4.9,10.6,0.0,0.0,0.0,43.205,-71.5025,103.0,CONCORD ASOS
2025-03-27,USW00014745,USW00014745,Spring,-4.3,9.4,0.0,0.0,0.0,43.205,-71.5025,103.0,CONCORD ASOS
2025-03-28,USW00014745,USW00014745,Spring,-3.8,13.9,0.0,0.0,0.0,43.205,-71.5025,103.0,CONCORD ASOS
2025-03-29,USW00014745,USW00014745,Spring,-0.5,6.7,10.2,0.0,0.0,43.205,-71.5025,103.0,CONCORD ASOS
2025-03-30,USW00014745,USW00014745,Spring,0.0,2.2,7.1,0.0,0.0,43.205,-71.5025,103.0,CONCORD ASOS
2025-03-31,USW00014745,USW00014745,Spring,1.1,12.2,4.6,0.0,0.0,43.205,-71.5025,103.0,CONCORD ASOS
2025-04-01,USW00014745,USW00014745,Spring,-1.6,9.4,4.1,0.0,0.0,43.205,-71.5025,103.0,CONCORD ASOS
2025-04-02,USW00014745,USW00014745,Spring,-2.7,7.2,2.8,0.0,0.0,43.205,-71.5025,103.0,CONCORD ASOS
2025-04-03,USW00014745,USW00014745,Spring,0.6,6.7,13.5,0.0,0.0,43.205,-71.5025,103.0,CONCORD ASOS
2025-04-04,USW00014745,USW00014745,Spring,2.8,17.2,0.0,0.0,0.0,43.205,-71.5025,103.0,CONCORD ASOS
2025-04-05,USW00014745,USW00014745,Spring,0.0,6.1,6.4,0.0,0.0,43.205,-71.5025,103.0,CONCORD ASOS
2025-04-06,USW00014745,USW00014745,Spring,2.2,13.3,5.3,0.0,0.0,43.205,-71.5025,103.0,CONCORD ASOS
2025-04-07,USW00014745,USW00014745,Spring,1.1,6.1,0.5,0.0,0.0,43.205,-71.5025,103.0,CONCORD ASOS
2025-04-08,USW00014745,USW00014745,Spring,-3.2,3.9,2.5,0.0,0.0,43.205,-71.5025,103.0,CONCORD ASOS
2025-04-09,USW00014745,USW00014745,Spring,-4.9,7.2,0.0,0.0,0.0,43.205,-71.5025,103.0,CONCORD ASOS
2025-04-10,USW00014745,USW00014745,Spring,-7.1,11.7,0.0,0.0,0.0,43.205,-71.5025,103.0,CONCORD ASOS
2025-04-11,USW00014745,USW00014745,Spring,0.6,6.1,1.5,0.0,0.0,43.205,-71.5025,103.0,CONCORD ASOS
2025-04-12,USW00014745,USW00014745,Spring,0.6,3.3,16.0,53.0,30.0,43.205,-71.5025,103.0,CONCORD ASOS
2025-04-13,USW00014745,USW00014745,Spring,0.0,9.4,0.3,0.0,0.0,43.205,-71.5025,103.0,CONCORD ASOS
2025-04-14,USW00014745,USW00014745,Spring,-2.7,20.0,0.0,0.0,0.0,43.205,-71.5025,103.0,CONCORD ASOS
2025-04-15,USW00014745,USW00014745,Spring,6.1,21.1,7.9,0.0,0.0,43.205,-71.5025,103.0,CONCORD ASOS
2025-04-16,USW00014745,USW00014745,Spring,3.9,8.9,0.0,0.0,0.0,43.205,-71.5025,103.0,CONCORD ASOS
2025-04-17,USW00014745,USW00014745,Spring,-1.0,14.4,0.0,0.0,0.0,43.205,-71.5025,103.0,CONCORD ASOS
2025-04-18,USW00014745,USW00014745,Spring,-3.2,21.1,0.0,0.0,0.0,43.205,-71.5025,103.0,CONCORD ASOS
2025-04-19,USW00014745,USW00014745,Spring,11.7,26.7,1.5,0.0,0.0,43.205,-71.5025,103.0,CONCORD ASOS
2025-04-20,USW00014745,USW00014745,Spring,4.4,19.4,0.0,0.0,0.0,43.205,-71.5025,103.0,CONCORD ASOS
2025-04-21,USW00014745,USW00014745,Spring,-1.6,17.2,0.5,0.0,0.0,43.205,-71.5025,103.0,CONCORD ASOS
2025-03-26,USW00014755,USW00014755,Spring,-11.7,-6.7,2.5,25.0,127.0,44.2703,-71.3033,1911.7,MT WASHINGTON
2025-03-27,USW00014755,USW00014755,Spring,-13.9,-6.7,8.1,119.0,152.0,44.2703,-71.3033,1911.7,MT WASHINGTON
2025-03-29,USW00014755,USW00014755,Spring,-13.3,-5.6,9.4,102.0,178.0,44.2703,-71.3033,1911.7,MT WASHINGTON
2025-03-30,USW00014755,USW00014755,Spring,-6.7,-1.1,3.6,13.0,178.0,44.2703,-71.3033,1911.7,MT WASHINGTON
2025-03-31,USW00014755,USW00014755,Spring,-1.1,6.1,14.2,0.0,102.0,44.2703,-71.3033,1911.7,MT WASHINGTON
2025-04-01,USW00014755,USW00014755,Spring,-11.1,6.1,6.9,8.0,25.0,44.2703,-71.3033,1911.7,MT WASHINGTON
2025-04-03,USW00014755,USW00014755,Spring,-8.9,-5.0,7.4,33.0,25.0,44.2703,-71.3033,1911.7,MT WASHINGTON
2025-04-04,USW00014755,USW00014755,Spring,-6.1,5.6,12.2,0.0,25.0,44.2703,-71.3033,1911.7,MT WASHINGTON
2025-04-05,USW00014755,USW00014755,Spring,-5.6,0.0,0.0,0.0,25.0,44.2703,-71.3033,1911.7,MT WASHINGTON
2025-04-06,USW00014755,USW00014755,Spring,-2.8,2.2,16.0,10.0,25.0,44.2703,-71.3033,1911.7,MT WASHINGTON
2025-04-07,USW00014755,USW00014755,Spring,-12.8,1.1,1.0,3.0,25.0,44.2703,-71.3033,1911.7,MT WASHINGTON
2025-04-08,USW00014755,USW00014755,Spring,-12.2,-7.8,0.3,3.0,25.0,44.2703,-71.3033,1911.7,MT WASHINGTON
2025-04-09,USW00014755,USW00014755,Spring,-20.0,-7.2,13.2,201.0,152.0,44.2703,-71.3033,1911.7,MT WASHINGTON
2025-04-10,USW00014755,USW00014755,Spring,-20.0,-12.2,0.5,13.0,152.0,44.2703,-71.3033,1911.7,MT WASHINGTON
2025-04-11,USW00014755,USW00014755,Spring,-13.9,-6.1,1.0,13.0,152.0,44.2703,-71.3033,1911.7,MT WASHINGTON
2025-04-14,USW00014755,USW00014755,Spring,-7.2,-2.2,2.3,20.0,152.0,44.2703,-71.3033,1911.7,MT WASHINGTON
2025-04-15,USW00014755,USW00014755,Spring,-1.7,2.2,1.5,8.0,152.0,44.2703,-71.3033,1911.7,MT WASHINGTON
2025-04-17,USW00014755,USW00014755,Spring,-12.8,-10.0,3.6,38.0,178.0,44.2703,-71.3033,1911.7,MT WASHINGTON
2025-04-18,USW00014755,USW00014755,Spring,-12.8,-2.8,0.0,0.0,0.0,44.2703,-71.3033,1911.7,MT WASHINGTON
2025-04-19,USW00014755,USW00014755,Spring,-10.0,6.1,5.6,0.0,0.0,44.2703,-71.3033,1911.7,MT WASHINGTON
2025-04-20,USW00014755,USW00014755,Spring,-7.8,8.3,8.6,0.0,25.0,44.2703,-71.3033,1911.7,MT WASHINGTON
2025-04-21,USW00014755,USW00014755,Spring,-10.6,0.0,0.0,0.0,0.0,44.2703,-71.3033,1911.7,MT WASHINGTON
2025-04-22,USW00014755,USW00014755,Spring,0.0,4.4,7.9,0.0,0.0,44.2703,-71.3033,1911.7,MT WASHINGTON
2025-03-26,USW00054728,USW00054728,Spring,-6.0,6.1,0.8,,,44.3658,-71.5522,319.1,WHITEFIELD MT WASHINGTON RGNL
2025-03-27,USW00054728,USW00054728,Spring,-6.6,5.6,0.0,,,44.3658,-71.5522,319.1,WHITEFIELD MT WASHINGTON RGNL
2025-03-28,USW00054728,USW00054728,Spring,-3.2,6.7,0.0,,,44.3658,-71.5522,319.1,WHITEFIELD MT WASHINGTON RGNL
2025-03-29,USW00054728,USW00054728,Spring,-3.2,2.2,12.4,,,44.3658,-71.5522,319.1,WHITEFIELD MT WASHINGTON RGNL
2025-03-30,USW00054728,USW00054728,Spring,-1.6,1.7,11.9,,,44.3658,-71.5522,319.1,WHITEFIELD MT WASHINGTON RGNL
2025-03-31,USW00054728,USW00054728,Spring,0.0,11.7,10.9,,,44.3658,-71.5522,319.1,WHITEFIELD MT WASHINGTON RGNL
2025-04-01,USW00054728,USW00054728,Spring,-4.3,6.7,2.0,,,44.3658,-71.5522,319.1,WHITEFIELD MT WASHINGTON RGNL
2025-04-02,USW00054728,USW00054728,Spring,-8.2,4.4,0.0,,,44.3658,-71.5522,319.1,WHITEFIELD MT WASHINGTON RGNL
2025-04-03,USW00054728,USW00054728,Spring,-0.5,8.9,16.0,,,44.3658,-71.5522,319.1,WHITEFIELD MT WASHINGTON RGNL
2025-04-04,USW00054728,USW00054728,Spring,-2.7,8.9,0.0,,,44.3658,-71.5522,319.1,WHITEFIELD MT WASHINGTON RGNL
2025-04-05,USW00054728,USW00054728,Spring,-2.7,8.3,2.8,,,44.3658,-71.5522,319.1,WHITEFIELD MT WASHINGTON RGNL
2025-04-06,USW00054728,USW00054728,Spring,-0.5,9.4,3.3,,,44.3658,-71.5522,319.1,WHITEFIELD MT WASHINGTON RGNL
2025-04-07,USW00054728,USW00054728,Spring,-1.0,6.1,0.0,,,44.3658,-71.5522,319.1,WHITEFIELD MT WASHINGTON RGNL
2025-04-08,USW00054728,USW00054728,Spring,-6.0,2.8,5.8,,,44.3658,-71.5522,319.1,WHITEFIELD MT WASHINGTON RGNL
2025-04-09,USW00054728,USW00054728,Spring,-7.1,1.7,0.0,,,44.3658,-71.5522,319.1,WHITEFIELD MT WASHINGTON RGNL
2025-04-10,USW00054728,USW00054728,Spring,-9.3,8.3,,,,44.3658,-71.5522,319.1,WHITEFIELD MT WASHINGTON RGNL
2025-04-11,USW00054728,USW00054728,Spring,0.6,6.7,0.3,,,44.3658,-71.5522,319.1,WHITEFIELD MT WASHINGTON RGNL
2025-04-12,USW00054728,USW00054728,Spring,1.7,5.6,1.8,,,44.3658,-71.5522,319.1,WHITEFIELD MT WASHINGTON RGNL
2025-04-13,USW00054728,USW00054728,Spring,-2.1,6.1,0.3,,,44.3658,-71.5522,319.1,WHITEFIELD MT WASHINGTON RGNL
2025-04-14,USW00054728,USW00054728,Spring,-6.0,16.1,0.5,,,44.3658,-71.5522,319.1,WHITEFIELD MT WASHINGTON RGNL
2025-04-15,USW00054728,USW00054728,Spring,1.1,18.3,2.0,,,44.3658,-71.5522,319.1,WHITEFIELD MT WASHINGTON RGNL
2025-04-16,USW00054728,USW00054728,Spring,0.6,4.4,0.3,,,44.3658,-71.5522,319.1,WHITEFIELD MT WASHINGTON RGNL
2025-04-17,USW00054728,USW00054728,Spring,-4.3,8.9,0.0,,,44.3658,-71.5522,319.1,WHITEFIELD MT WASHINGTON RGNL
2025-04-18,USW00054728,USW00054728,Spring,-7.1,17.8,0.0,,,44.3658,-71.5522,319.1,WHITEFIELD MT WASHINGTON RGNL
2025-04-19,USW00054728,USW00054728,Spring,8.3,20.0,7.4,,,44.3658,-71.5522,319.1,WHITEFIELD MT WASHINGTON RGNL
2025-04-20,USW00054728,USW00054728,Spring,-3.8,15.0,0.0,,,44.3658,-71.5522,319.1,WHITEFIELD MT WASHINGTON RGNL
2025-04-21,USW00054728,USW00054728,Spring,-4.9,17.8,1.0,,,44.3658,-71.5522,319.1,WHITEFIELD MT WASHINGTON RGNL
2025-03-26,USW00054770,USW00054770,Spring,-3.8,7.2,0.0,,,42.8067,-72.0014,308.5,JAFFREY MUNI AP SILVER RCH
2025-03-27,USW00054770,USW00054770,Spring,-3.8,7.8,0.0,,,42.8067,-72.0014,308.5,JAFFREY MUNI AP SILVER RCH
2025-03-28,USW00054770,USW00054770,Spring,-1.6,11.7,0.0,,,42.8067,-72.0014,308.5,JAFFREY MUNI AP SILVER RCH
2025-03-29,USW00054770,USW00054770,Spring,-1.0,5.6,7.9,,,42.8067,-72.0014,308.5,JAFFREY MUNI AP SILVER RCH
2025-03-30,USW00054770,USW00054770,Spring,-0.5,1.1,3.3,,,42.8067,-72.0014,308.5,JAFFREY MUNI AP SILVER RCH
2025-03-31,USW00054770,USW00054770,Spring,0.0,15.0,7.6,,,42.8067,-72.0014,308.5,JAFFREY MUNI AP SILVER RCH
2025-04-01,USW00054770,USW00054770,Spring,-1.6,12.8,3.6,,,42.8067,-72.0014,308.5,JAFFREY MUNI AP SILVER RCH
2025-04-02,USW00054770,USW00054770,Spring,-3.2,6.7,4.1,,,42.8067,-72.0014,308.5,JAFFREY MUNI AP SILVER RCH
2025-04-03,USW00054770,USW00054770,Spring,0.6,16.1,13.2,,,42.8067,-72.0014,308.5,JAFFREY MUNI AP SILVER RCH
2025-04-04,USW00054770,USW00054770,Spring,2.8,17.2,0.0,,,42.8067,-72.0014,308.5,JAFFREY MUNI AP SILVER RCH
2025-04-05,USW00054770,USW00054770,Spring,0.6,5.6,11.4,,,42.8067,-72.0014,308.5,JAFFREY MUNI AP SILVER RCH
2025-04-06,USW00054770,USW00054770,Spring,2.2,11.7,5.6,,,42.8067,-72.0014,308.5,JAFFREY MUNI AP SILVER RCH
2025-04-07,USW00054770,USW00054770,Spring,0.0,5.0,2.8,,,42.8067,-72.0014,308.5,JAFFREY MUNI AP SILVER RCH
2025-04-08,USW00054770,USW00054770,Spring,-4.9,1.7,1.0,,,42.8067,-72.0014,308.5,JAFFREY MUNI AP SILVER RCH
2025-04-09,USW00054770,USW00054770,Spring,-5.5,5.6,0.0,,,42.8067,-72.0014,308.5,JAFFREY MUNI AP SILVER RCH
2025-04-10,USW00054770,USW00054770,Spring,-6.0,8.9,0.0,,,42.8067,-72.0014,308.5,JAFFREY MUNI AP SILVER RCH
2025-04-11,USW00054770,USW00054770,Spring,0.0,5.0,3.0,,,42.8067,-72.0014,308.5,JAFFREY MUNI AP SILVER RCH
2025-04-12,USW00054770,USW00054770,Spring,-0.5,1.7,11.7,,,42.8067,-72.0014,308.5,JAFFREY MUNI AP SILVER RCH
2025-04-17,USW00054770,USW00054770,Spring,-1.0,12.8,,,,42.8067,-72.0014,308.5,JAFFREY MUNI AP SILVER RCH
2025-04-18,USW00054770,USW00054770,Spring,-3.8,17.8,0.0,,,42.8067,-72.0014,308.5,JAFFREY MUNI AP SILVER RCH
2025-04-19,USW00054770,USW00054770,Spring,11.7,25.0,1.0,,,42.8067,-72.0014,308.5,JAFFREY MUNI AP SILVER RCH
2025-04-20,USW00054770,USW00054770,Spring,3.3,17.8,0.0,,,42.8067,-72.0014,308.5,JAFFREY MUNI AP SILVER RCH
2025-03-26,USW00054791,USW00054791,Spring,-1.6,10.6,0.0,,,43.2794,-70.9242,100.3,ROCHESTER SKYHAVEN AP
2025-03-27,USW00054791,USW00054791,Spring,-2.1,9.4,0.0,,,43.2794,-70.9242,100.3,ROCHESTER SKYHAVEN AP
2025-03-28,USW00054791,USW00054791,Spring,-1.0,13.9,0.0,,,43.2794,-70.9242,100.3,ROCHESTER SKYHAVEN AP
2025-03-29,USW00054791,USW00054791,Spring,-1.0,6.1,5.1,,,43.2794,-70.9242,100.3,ROCHESTER SKYHAVEN AP
2025-03-30,USW00054791,USW00054791,Spring,-0.5,2.2,4.6,,,43.2794,-70.9242,100.3,ROCHESTER SKYHAVEN AP
2025-03-31,USW00054791,USW00054791,Spring,1.1,13.3,3.0,,,43.2794,-70.9242,100.3,ROCHESTER SKYHAVEN AP
2025-04-01,USW00054791,USW00054791,Spring,-1.0,13.9,5.8,,,43.2794,-70.9242,100.3,ROCHESTER SKYHAVEN AP
2025-04-02,USW00054791,USW00054791,Spring,-2.7,7.2,2.5,,,43.2794,-70.9242,100.3,ROCHESTER SKYHAVEN AP
2025-04-03,USW00054791,USW00054791,Spring,0.0,10.0,15.5,,,43.2794,-70.9242,100.3,ROCHESTER SKYHAVEN AP
2025-04-04,USW00054791,USW00054791,Spring,3.9,16.7,0.0,,,43.2794,-70.9242,100.3,ROCHESTER SKYHAVEN AP
2025-04-05,USW00054791,USW00054791,Spring,0.6,5.0,6.4,,,43.2794,-70.9242,100.3,ROCHESTER SKYHAVEN AP
2025-04-06,USW00054791,USW00054791,Spring,2.8,12.8,4.6,,,43.2794,-70.9242,100.3,ROCHESTER SKYHAVEN AP
2025-04-07,USW00054791,USW00054791,Spring,1.7,6.1,0.5,,,43.2794,-70.9242,100.3,ROCHESTER SKYHAVEN AP
2025-04-08,USW00054791,USW00054791,Spring,-3.2,5.0,2.0,,,43.2794,-70.9242,100.3,ROCHESTER SKYHAVEN AP
2025-04-09,USW00054791,USW00054791,Spring,-3.2,7.2,0.0,,,43.2794,-70.9242,100.3,ROCHESTER SKYHAVEN AP
2025-04-10,USW00054791,USW00054791,Spring,-5.5,10.0,0.0,,,43.2794,-70.9242,100.3,ROCHESTER SKYHAVEN AP
2025-04-11,USW00054791,USW00054791,Spring,0.6,7.2,2.0,,,43.2794,-70.9242,100.3,ROCHESTER SKYHAVEN AP
2025-04-12,USW00054791,USW00054791,Spring,0.6,3.3,12.4,,,43.2794,-70.9242,100.3,ROCHESTER SKYHAVEN AP
2025-04-13,USW00054791,USW00054791,Spring,2.2,7.2,3.6,,,43.2794,-70.9242,100.3,ROCHESTER SKYHAVEN AP
2025-04-14,USW00054791,USW00054791,Spring,1.1,20.0,0.0,,,43.2794,-70.9242,100.3,ROCHESTER SKYHAVEN AP
2025-04-15,USW00054791,USW00054791,Spring,4.4,18.9,11.9,,,43.2794,-70.9242,100.3,ROCHESTER SKYHAVEN AP
2025-04-16,USW00054791,USW00054791,Spring,3.9,10.6,0.0,,,43.2794,-70.9242,100.3,ROCHESTER SKYHAVEN AP
2025-04-17,USW00054791,USW00054791,Spring,3.3,13.9,0.0,,,43.2794,-70.9242,100.3,ROCHESTER SKYHAVEN AP
2025-04-18,USW00054791,USW00054791,Spring,-0.5,20.0,0.0,,,43.2794,-70.9242,100.3,ROCHESTER SKYHAVEN AP
2025-04-19,USW00054791,USW00054791,Spring,10.6,27.2,2.8,,,43.2794,-70.9242,100.3,ROCHESTER SKYHAVEN AP
2025-04-20,USW00054791,USW00054791,Spring,3.9,18.3,0.0,,,43.2794,-70.9242,100.3,ROCHESTER SKYHAVEN AP
2025-04-21,USW00054791,USW00054791,Spring,-1.6,14.4,0.0,,,43.2794,-70.9242,100.3,ROCHESTER SKYHAVEN AP
2025-03-26,USW00054794,USW00054794,Spring,-3.2,9.6,0.0,,,43.1717,-70.9278,36.3,DURHAM 2 N
2025-03-27,USW00054794,USW00054794,Spring,-2.3,9.4,0.0,,,43.1717,-70.9278,36.3,DURHAM 2 N
2025-03-28,USW00054794,USW00054794,Spring,-2.5,13.7,0.0,,,43.1717,-70.9278,36.3,DURHAM 2 N
2025-03-29,USW00054794,USW00054794,Spring,-0.9,6.7,6.1,,,43.1717,-70.9278,36.3,DURHAM 2 N
2025-03-30,USW00054794,USW00054794,Spring,-0.3,3.1,6.8,,,43.1717,-70.9278,36.3,DURHAM 2 N
2025-03-31,USW00054794,USW00054794,Spring,1.4,13.5,5.4,,,43.1717,-70.9278,36.3,DURHAM 2 N
2025-04-01,USW00054794,USW00054794,Spring,-0.7,14.0,0.3,,,43.1717,-70.9278,36.3,DURHAM 2 N
2025-04-02,USW00054794,USW00054794,Spring,-1.8,5.5,2.9,,,43.1717,-70.9278,36.3,DURHAM 2 N
2025-04-03,USW00054794,USW00054794,Spring,0.4,9.4,19.2,,,43.1717,-70.9278,36.3,DURHAM 2 N
2025-04-04,USW00054794,USW00054794,Spring,3.7,16.5,0.0,,,43.1717,-70.9278,36.3,DURHAM 2 N
2025-04-05,USW00054794,USW00054794,Spring,0.3,5.0,7.5,,,43.1717,-70.9278,36.3,DURHAM 2 N
2025-04-06,USW00054794,USW00054794,Spring,2.9,11.3,5.2,,,43.1717,-70.9278,36.3,DURHAM 2 N
2025-04-07,USW00054794,USW00054794,Spring,1.9,6.4,1.1,,,43.1717,-70.9278,36.3,DURHAM 2 N
2025-04-08,USW00054794,USW00054794,Spring,-2.6,4.4,2.6,,,43.1717,-70.9278,36.3,DURHAM 2 N
2025-04-09,USW00054794,USW00054794,Spring,-3.0,6.3,0.0,,,43.1717,-70.9278,36.3,DURHAM 2 N
2025-04-10,USW00054794,USW00054794,Spring,-5.3,7.8,0.0,,,43.1717,-70.9278,36.3,DURHAM 2 N
2025-04-11,USW00054794,USW00054794,Spring,0.3,6.3,2.6,,,43.1717,-70.9278,36.3,DURHAM 2 N
2025-04-12,USW00054794,USW00054794,Spring,0.2,3.6,13.8,,,43.1717,-70.9278,36.3,DURHAM 2 N
2025-04-13,USW00054794,USW00054794,Spring,2.5,7.0,5.1,,,43.1717,-70.9278,36.3,DURHAM 2 N
2025-04-14,USW00054794,USW00054794,Spring,-0.2,19.0,0.0,,,43.1717,-70.9278,36.3,DURHAM 2 N
2025-04-15,USW00054794,USW00054794,Spring,4.7,17.1,5.2,,,43.1717,-70.9278,36.3,DURHAM 2 N
2025-04-16,USW00054794,USW00054794,Spring,3.6,11.0,0.0,,,43.1717,-70.9278,36.3,DURHAM 2 N
2025-04-17,USW00054794,USW00054794,Spring,1.1,13.5,0.0,,,43.1717,-70.9278,36.3,DURHAM 2 N
2025-04-18,USW00054794,USW00054794,Spring,-1.8,18.4,0.0,,,43.1717,-70.9278,36.3,DURHAM 2 N
2025-04-19,USW00054794,USW00054794,Spring,9.9,26.5,0.6,,,43.1717,-70.9278,36.3,DURHAM 2 N
2025-04-20,USW00054794,USW00054794,Spring,4.3,19.7,0.0,,,43.1717,-70.9278,36.3,DURHAM 2 N
2025-04-21,USW00054794,USW00054794,Spring,-1.5,11.9,0.0,,,43.1717,-70.9278,36.3,DURHAM 2 N
2025-03-26,USW00054795,USW00054795,Spring,-2.7,9.9,0.0,,,43.1092,-70.9483,19.2,DURHAM 2 SSW
2025-03-27,USW00054795,USW00054795,Spring,-3.1,9.4,0.0,,,43.1092,-70.9483,19.2,DURHAM 2 SSW
2025-03-28,USW00054795,USW00054795,Spring,-2.6,14.0,0.0,,,43.1092,-70.9483,19.2,DURHAM 2 SSW
2025-03-29,USW00054795,USW00054795,Spring,-0.8,7.0,8.3,,,43.1092,-70.9483,19.2,DURHAM 2 SSW
2025-03-30,USW00054795,USW00054795,Spring,-0.3,3.4,7.0,,,43.1092,-70.9483,19.2,DURHAM 2 SSW
2025-03-31,USW00054795,USW00054795,Spring,1.6,13.1,4.8,,,43.1092,-70.9483,19.2,DURHAM 2 SSW
2025-04-01,USW00054795,USW00054795,Spring,-0.3,13.8,6.5,,,43.1092,-70.9483,19.2,DURHAM 2 SSW
2025-04-02,USW00054795,USW00054795,Spring,-2.5,5.6,3.7,,,43.1092,-70.9483,19.2,DURHAM 2 SSW
2025-04-03,USW00054795,USW00054795,Spring,0.4,9.8,22.4,,,43.1092,-70.9483,19.2,DURHAM 2 SSW
2025-04-04,USW00054795,USW00054795,Spring,4.2,17.0,0.0,,,43.1092,-70.9483,19.2,DURHAM 2 SSW
2025-04-05,USW00054795,USW00054795,Spring,-0.4,5.3,8.0,,,43.1092,-70.9483,19.2,DURHAM 2 SSW
2025-04-06,USW00054795,USW00054795,Spring,3.0,11.3,5.7,,,43.1092,-70.9483,19.2,DURHAM 2 SSW
2025-04-07,USW00054795,USW00054795,Spring,1.7,6.4,1.8,,,43.1092,-70.9483,19.2,DURHAM 2 SSW
2025-04-08,USW00054795,USW00054795,Spring,-2.8,4.3,3.0,,,43.1092,-70.9483,19.2,DURHAM 2 SSW
2025-04-09,USW00054795,USW00054795,Spring,-3.3,6.5,0.0,,,43.1092,-70.9483,19.2,DURHAM 2 SSW
2025-04-10,USW00054795,USW00054795,Spring,-6.0,9.0,0.0,,,43.1092,-70.9483,19.2,DURHAM 2 SSW
2025-04-11,USW00054795,USW00054795,Spring,0.5,6.9,2.5,,,43.1092,-70.9483,19.2,DURHAM 2 SSW
2025-04-12,USW00054795,USW00054795,Spring,0.2,3.8,14.7,,,43.1092,-70.9483,19.2,DURHAM 2 SSW
2025-04-13,USW00054795,USW00054795,Spring,2.6,7.2,4.1,,,43.1092,-70.9483,19.2,DURHAM 2 SSW
2025-04-14,USW00054795,USW00054795,Spring,-1.0,19.0,0.0,,,43.1092,-70.9483,19.2,DURHAM 2 SSW
2025-04-15,USW00054795,USW00054795,Spring,4.9,18.3,6.5,,,43.1092,-70.9483,19.2,DURHAM 2 SSW
2025-04-16,USW00054795,USW00054795,Spring,3.8,10.5,0.0,,,43.1092,-70.9483,19.2,DURHAM 2 SSW
2025-04-17,USW00054795,USW00054795,Spring,1.1,13.7,0.0,,,43.1092,-70.9483,19.2,DURHAM 2 SSW
2025-04-18,USW00054795,USW00054795,Spring,-1.7,19.5,0.0,,,43.1092,-70.9483,19.2,DURHAM 2 SSW
2025-04-19,USW00054795,USW00054795,Spring,10.2,27.1,0.0,,,43.1092,-70.9483,19.2,DURHAM 2 SSW
2025-04-20,USW00054795,USW00054795,Spring,4.0,19.6,0.0,,,43.1092,-70.9483,19.2,DURHAM 2 SSW
2025-04-21,USW00054795,USW00054795,Spring,-1.5,12.6,0.0,,,43.1092,-70.9483,19.2,DURHAM 2 SSW
2025-03-26,USW00094700,USW00094700,Spring,-3.8,5.6,0.0,,,44.5761,-71.1783,342.3,BERLIN MUNI AP
2025-03-27,USW00094700,USW00094700,Spring,-7.1,5.6,0.0,,,44.5761,-71.1783,342.3,BERLIN MUNI AP
2025-03-28,USW00094700,USW00094700,Spring,-4.9,6.7,0.0,,,44.5761,-71.1783,342.3,BERLIN MUNI AP
2025-03-29,USW00094700,USW00094700,Spring,-4.3,2.8,8.6,,,44.5761,-71.1783,342.3,BERLIN MUNI AP
2025-03-30,USW00094700,USW00094700,Spring,-4.3,0.6,6.9,,,44.5761,-71.1783,342.3,BERLIN MUNI AP
2025-03-31,USW00094700,USW00094700,Spring,0.6,8.9,9.9,,,44.5761,-71.1783,342.3,BERLIN MUNI AP
2025-04-01,USW00094700,USW00094700,Spring,-4.3,7.2,0.0,,,44.5761,-71.1783,342.3,BERLIN MUNI AP
2025-04-02,USW00094700,USW00094700,Spring,-9.9,5.0,0.3,,,44.5761,-71.1783,342.3,BERLIN MUNI AP
2025-04-03,USW00094700,USW00094700,Spring,-1.6,8.3,12.7,,,44.5761,-71.1783,342.3,BERLIN MUNI AP
2025-04-04,USW00094700,USW00094700,Spring,-1.6,9.4,0.0,,,44.5761,-71.1783,342.3,BERLIN MUNI AP
2025-04-05,USW00094700,USW00094700,Spring,-2.7,4.4,1.5,,,44.5761,-71.1783,342.3,BERLIN MUNI AP
2025-04-06,USW00094700,USW00094700,Spring,-1.0,10.0,2.0,,,44.5761,-71.1783,342.3,BERLIN MUNI AP
2025-04-07,USW00094700,USW00094700,Spring,-1.0,6.1,0.0,,,44.5761,-71.1783,342.3,BERLIN MUNI AP
2025-04-08,USW00094700,USW00094700,Spring,-5.5,1.7,2.8,,,44.5761,-71.1783,342.3,BERLIN MUNI AP
2025-04-09,USW00094700,USW00094700,Spring,-6.6,1.7,0.0,,,44.5761,-71.1783,342.3,BERLIN MUNI AP
2025-04-10,USW00094700,USW00094700,Spring,-10.5,8.9,0.0,,,44.5761,-71.1783,342.3,BERLIN MUNI AP
2025-04-11,USW00094700,USW00094700,Spring,0.0,5.6,0.3,,,44.5761,-71.1783,342.3,BERLIN MUNI AP
2025-04-12,USW00094700,USW00094700,Spring,0.6,3.9,4.1,,,44.5761,-71.1783,342.3,BERLIN MUNI AP
2025-04-13,USW00094700,USW00094700,Spring,1.1,5.0,0.5,,,44.5761,-71.1783,342.3,BERLIN MUNI AP
2025-04-14,USW00094700,USW00094700,Spring,-3.2,16.7,0.0,,,44.5761,-71.1783,342.3,BERLIN MUNI AP
2025-04-15,USW00094700,USW00094700,Spring,0.0,20.0,0.3,,,44.5761,-71.1783,342.3,BERLIN MUNI AP
2025-04-16,USW00094700,USW00094700,Spring,0.6,4.4,0.0,,,44.5761,-71.1783,342.3,BERLIN MUNI AP
2025-04-17,USW00094700,USW00094700,Spring,-0.5,8.9,0.0,,,44.5761,-71.1783,342.3,BERLIN MUNI AP
2025-04-18,USW00094700,USW00094700,Spring,-5.5,18.3,0.0,,,44.5761,-71.1783,342.3,BERLIN MUNI AP
2025-04-19,USW00094700,USW00094700,Spring,6.7,20.0,6.9,,,44.5761,-71.1783,342.3,BERLIN MUNI AP
2025-04-20,USW00094700,USW00094700,Spring,-2.7,13.9,0.3,,,44.5761,-71.1783,342.3,BERLIN MUNI AP
2025-04-21,USW00094700,USW00094700,Spring,-5.5,18.3,0.8,,,44.5761,-71.1783,342.3,BERLIN MUNI AP
2025-03-26,USW00094765,USW00094765,Spring,-4.9,8.9,0.0,,,43.6269,-72.3053,168.9,LEBANON MUNI AP
2025-03-27,USW00094765,USW00094765,Spring,-2.7,9.4,0.0,,,43.6269,-72.3053,168.9,LEBANON MUNI AP
2025-03-28,USW00094765,USW00094765,Spring,-1.6,12.2,0.0,,,43.6269,-72.3053,168.9,LEBANON MUNI AP
2025-03-29,USW00094765,USW00094765,Spring,0.6,2.8,16.5,,,43.6269,-72.3053,168.9,LEBANON MUNI AP
2025-03-30,USW00094765,USW00094765,Spring,1.1,2.8,8.9,,,43.6269,-72.3053,168.9,LEBANON MUNI AP
2025-03-31,USW00094765,USW00094765,Spring,1.7,15.0,4.1,,,43.6269,-72.3053,168.9,LEBANON MUNI AP
2025-04-01,USW00094765,USW00094765,Spring,-1.0,11.1,0.8,,,43.6269,-72.3053,168.9,LEBANON MUNI AP
2025-04-02,USW00094765,USW00094765,Spring,-3.8,7.2,0.8,,,43.6269,-72.3053,168.9,LEBANON MUNI AP
2025-04-03,USW00094765,USW00094765,Spring,1.7,10.0,12.2,,,43.6269,-72.3053,168.9,LEBANON MUNI AP
2025-04-04,USW00094765,USW00094765,Spring,1.1,16.1,0.0,,,43.6269,-72.3053,168.9,LEBANON MUNI AP
2025-04-05,USW00094765,USW00094765,Spring,0.6,7.2,7.1,,,43.6269,-72.3053,168.9,LEBANON MUNI AP
2025-04-06,USW00094765,USW00094765,Spring,4.4,13.9,0.8,,,43.6269,-72.3053,168.9,LEBANON MUNI AP
2025-04-07,USW00094765,USW00094765,Spring,2.8,7.8,0.0,,,43.6269,-72.3053,168.9,LEBANON MUNI AP
2025-04-08,USW00094765,USW00094765,Spring,-3.2,4.4,0.8,,,43.6269,-72.3053,168.9,LEBANON MUNI AP
2025-04-09,USW00094765,USW00094765,Spring,-3.8,7.2,0.0,,,43.6269,-72.3053,168.9,LEBANON MUNI AP
2025-04-10,USW00094765,USW00094765,Spring,-7.1,10.0,0.0,,,43.6269,-72.3053,168.9,LEBANON MUNI AP
2025-04-11,USW00094765,USW00094765,Spring,2.8,8.3,0.3,,,43.6269,-72.3053,168.9,LEBANON MUNI AP
2025-04-12,USW00094765,USW00094765,Spring,1.7,5.6,9.1,,,43.6269,-72.3053,168.9,LEBANON MUNI AP
2025-04-13,USW00094765,USW00094765,Spring,0.0,10.0,0.0,,,43.6269,-72.3053,168.9,LEBANON MUNI AP
2025-04-14,USW00094765,USW00094765,Spring,-1.6,21.1,0.0,,,43.6269,-72.3053,168.9,LEBANON MUNI AP
2025-04-15,USW00094765,USW00094765,Spring,6.7,20.6,1.0,,,43.6269,-72.3053,168.9,LEBANON MUNI AP
2025-04-16,USW00094765,USW00094765,Spring,2.2,8.3,0.0,,,43.6269,-72.3053,168.9,LEBANON MUNI AP
2025-04-17,USW00094765,USW00094765,Spring,-2.1,13.9,0.0,,,43.6269,-72.3053,168.9,LEBANON MUNI AP
2025-04-18,USW00094765,USW00094765,Spring,-4.3,20.6,0.0,,,43.6269,-72.3053,168.9,LEBANON MUNI AP
2025-04-19,USW00094765,USW00094765,Spring,10.0,25.6,0.3,,,43.6269,-72.3053,168.9,LEBANON MUNI AP
2025-04-20,USW00094765,USW00094765,Spring,-0.5,18.3,0.0,,,43.6269,-72.3053,168.9,LEBANON MUNI AP
2025-04-21,USW00094765,USW00094765,Spring,-2.1,18.3,0.8,,,43.6269,-72.3053,168.9,LEBANON MUNI AP
