DATE,Station_ID,LATITUDE,LONGITUDE,ELEVATION,NAME,Season,TMIN,TMAX,PRCP,SNOW,SNWD
2025-03-30,US1NHBK0001,,,,US1NHBK0001,Spring,,,12.4,,
2025-03-31,US1NHBK0001,,,,US1NHBK0001,Spring,,,8.1,,
2025-04-01,US1NHBK0001,,,,US1NHBK0001,Spring,,,2.0,,
2025-04-02,US1NHBK0001,,,,US1NHBK0001,Spring,,,0.0,0.0,
2025-04-03,US1NHBK0001,,,,US1NHBK0001,Spring,,,10.9,8.0,
2025-04-04,US1NHBK0001,,,,US1NHBK0001,Spring,,,4.6,,
2025-04-05,US1NHBK0001,,,,US1NHBK0001,Spring,,,0.0,0.0,
2025-04-06,US1NHBK0001,,,,US1NHBK0001,Spring,,,11.2,,
2025-04-07,US1NHBK0001,,,,US1NHBK0001,Spring,,,0.3,0.0,
2025-04-08,US1NHBK0001,,,,US1NHBK0001,Spring,,,0.3,3.0,
2025-04-09,US1NHBK0001,,,,US1NHBK0001,Spring,,,3.0,,
2025-04-10,US1NHBK0001,,,,US1NHBK0001,Spring,,,0.0,0.0,
2025-04-11,US1NHBK0001,,,,US1NHBK0001,Spring,,,0.8,,
2025-04-12,US1NHBK0001,,,,US1NHBK0001,Spring,,,6.4,81.0,
2025-04-13,US1NHBK0001,,,,US1NHBK0001,Spring,,,1.8,25.0,
2025-04-14,US1NHBK0001,,,,US1NHBK0001,Spring,,,0.0,0.0,
2025-04-15,US1NHBK0001,,,,US1NHBK0001,Spring,,,5.6,,
2025-04-16,US1NHBK0001,,,,US1NHBK0001,Spring,,,0.0,0.0,
2025-04-17,US1NHBK0001,,,,US1NHBK0001,Spring,,,0.0,0.0,
2025-04-18,US1NHBK0001,,,,US1NHBK0001,Spring,,,0.0,0.0,
2025-04-19,US1NHBK0001,,,,US1NHBK0001,Spring,,,0.0,,
2025-04-20,US1NHBK0001,,,,US1NHBK0001,Spring,,,0.0,,
2025-04-21,US1NHBK0001,,,,US1NHBK0001,Spring,,,0.0,0.0,
2025-04-22,US1NHBK0001,,,,US1NHBK0001,Spring,,,4.1,,
2025-04-23,US1NHBK0001,,,,US1NHBK0001,Spring,,,0.0,0.0,
2025-04-24,US1NHBK0001,,,,US1NHBK0001,Spring,,,0.0,0.0,
2025-04-25,US1NHBK0001,,,,US1NHBK0001,Spring,,,1.0,,
2025-04-26,US1NHBK0001,,,,US1NHBK0001,Spring,,,8.1,,
2025-03-30,US1NHBK0002,,,,US1NHBK0002,Spring,,,10.2,0.0,0.0
2025-03-31,US1NHBK0002,,,,US1NHBK0002,Spring,,,8.9,0.0,0.0
2025-04-01,US1NHBK0002,,,,US1NHBK0002,Spring,,,2.0,0.0,0.0
2025-04-03,US1NHBK0002,,,,US1NHBK0002,Spring,,,9.9,8.0,0.0
2025-04-04,US1NHBK0002,,,,US1NHBK0002,Spring,,,4.8,0.0,0.0
2025-04-05,US1NHBK0002,,,,US1NHBK0002,Spring,,,0.0,0.0,0.0
2025-04-06,US1NHBK0002,,,,US1NHBK0002,Spring,,,9.7,0.0,0.0
2025-04-07,US1NHBK0002,,,,US1NHBK0002,Spring,,,4.6,0.0,0.0
2025-04-08,US1NHBK0002,,,,US1NHBK0002,Spring,,,0.3,0.0,0.0
2025-04-09,US1NHBK0002,,,,US1NHBK0002,Spring,,,2.8,0.0,0.0
2025-04-11,US1NHBK0002,,,,US1NHBK0002,Spring,,,0.8,0.0,0.0
2025-04-12,US1NHBK0002,,,,US1NHBK0002,Spring,,,1.5,18.0,13.0
2025-04-13,US1NHBK0002,,,,US1NHBK0002,Spring,,,9.7,69.0,0.0
2025-04-14,US1NHBK0002,,,,US1NHBK0002,Spring,,,0.0,0.0,0.0
2025-04-15,US1NHBK0002,,,,US1NHBK0002,Spring,,,6.6,0.0,0.0
2025-04-16,US1NHBK0002,,,,US1NHBK0002,Spring,,,0.3,0.0,0.0
2025-04-19,US1NHBK0002,,,,US1NHBK0002,Spring,,,0.0,0.0,0.0
2025-04-20,US1NHBK0002,,,,US1NHBK0002,Spring,,,0.3,0.0,0.0
2025-04-21,US1NHBK0002,,,,US1NHBK0002,Spring,,,0.0,0.0,0.0
2025-04-22,US1NHBK0002,,,,US1NHBK0002,Spring,,,3.3,0.0,0.0
2025-04-23,US1NHBK0002,,,,US1NHBK0002,Spring,,,0.0,0.0,0.0
2025-04-25,US1NHBK0002,,,,US1NHBK0002,Spring,,,1.5,0.0,0.0
2025-04-26,US1NHBK0002,,,,US1NHBK0002,Spring,,,6.9,0.0,0.0
2025-03-30,US1NHBK0009,,,,US1NHBK0009,Spring,,,10.2,3.0,13.0
2025-03-31,US1NHBK0009,,,,US1NHBK0009,Spring,,,10.4,0.0,0.0
2025-04-01,US1NHBK0009,,,,US1NHBK0009,Spring,,,4.3,0.0,0.0
2025-04-02,US1NHBK0009,,,,US1NHBK0009,Spring,,,0.0,0.0,0.0
2025-04-03,US1NHBK0009,,,,US1NHBK0009,Spring,,,11.2,5.0,0.0
2025-04-04,US1NHBK0009,,,,US1NHBK0009,Spring,,,5.8,0.0,0.0
2025-04-05,US1NHBK0009,,,,US1NHBK0009,Spring,,,0.0,0.0,0.0
2025-04-06,US1NHBK0009,,,,US1NHBK0009,Spring,,,13.0,0.0,0.0
2025-04-07,US1NHBK0009,,,,US1NHBK0009,Spring,,,0.0,0.0,0.0
2025-04-08,US1NHBK0009,,,,US1NHBK0009,Spring,,,0.0,0.0,0.0
2025-04-09,US1NHBK0009,,,,US1NHBK0009,Spring,,,2.0,0.0,0.0
2025-04-10,US1NHBK0009,,,,US1NHBK0009,Spring,,,0.0,0.0,0.0
2025-04-11,US1NHBK0009,,,,US1NHBK0009,Spring,,,0.5,0.0,0.0
2025-04-12,US1NHBK0009,,,,US1NHBK0009,Spring,,,1.3,15.0,13.0
2025-04-13,US1NHBK0009,,,,US1NHBK0009,Spring,,,11.4,5.0,0.0
2025-04-14,US1NHBK0009,,,,US1NHBK0009,Spring,,,0.0,0.0,0.0
2025-04-15,US1NHBK0009,,,,US1NHBK0009,Spring,,,3.8,0.0,0.0
2025-04-16,US1NHBK0009,,,,US1NHBK0009,Spring,,,0.0,0.0,0.0
2025-04-17,US1NHBK0009,,,,US1NHBK0009,Spring,,,0.0,0.0,0.0
2025-04-18,US1NHBK0009,,,,US1NHBK0009,Spring,,,0.0,0.0,0.0
2025-04-19,US1NHBK0009,,,,US1NHBK0009,Spring,,,0.8,0.0,0.0
2025-04-20,US1NHBK0009,,,,US1NHBK0009,Spring,,,0.0,0.0,0.0
2025-04-21,US1NHBK0009,,,,US1NHBK0009,Spring,,,0.0,0.0,0.0
2025-04-22,US1NHBK0009,,,,US1NHBK0009,Spring,,,2.0,,
2025-04-23,US1NHBK0009,,,,US1NHBK0009,Spring,,,0.0,0.0,
2025-04-24,US1NHBK0009,,,,US1NHBK0009,Spring,,,0.0,0.0,
2025-04-25,US1NHBK0009,,,,US1NHBK0009,Spring,,,0.8,,
2025-03-30,US1NHBK0010,,,,US1NHBK0010,Spring,,,11.4,,
2025-03-31,US1NHBK0010,,,,US1NHBK0010,Spring,,,5.8,,
2025-04-01,US1NHBK0010,,,,US1NHBK0010,Spring,,,2.8,,
2025-04-02,US1NHBK0010,,,,US1NHBK0010,Spring,,,0.0,0.0,
2025-04-03,US1NHBK0010,,,,US1NHBK0010,Spring,,,3.0,,
2025-04-04,US1NHBK0010,,,,US1NHBK0010,Spring,,,8.9,,
2025-04-05,US1NHBK0010,,,,US1NHBK0010,Spring,,,0.0,0.0,
2025-04-06,US1NHBK0010,,,,US1NHBK0010,Spring,,,8.4,,
2025-04-07,US1NHBK0010,,,,US1NHBK0010,Spring,,,2.3,,
2025-04-08,US1NHBK0010,,,,US1NHBK0010,Spring,,,0.0,0.0,
2025-04-09,US1NHBK0010,,,,US1NHBK0010,Spring,,,2.3,,
2025-04-10,US1NHBK0010,,,,US1NHBK0010,Spring,,,0.0,0.0,
2025-04-11,US1NHBK0010,,,,US1NHBK0010,Spring,,,0.5,,
2025-04-12,US1NHBK0010,,,,US1NHBK0010,Spring,,,0.5,,
2025-04-13,US1NHBK0010,,,,US1NHBK0010,Spring,,,10.9,,
2025-04-14,US1NHBK0010,,,,US1NHBK0010,Spring,,,0.0,0.0,
2025-04-15,US1NHBK0010,,,,US1NHBK0010,Spring,,,4.6,,
2025-04-16,US1NHBK0010,,,,US1NHBK0010,Spring,,,2.3,,
2025-04-17,US1NHBK0010,,,,US1NHBK0010,Spring,,,0.0,0.0,
2025-04-18,US1NHBK0010,,,,US1NHBK0010,Spring,,,0.0,0.0,
2025-04-19,US1NHBK0010,,,,US1NHBK0010,Spring,,,0.0,0.0,
2025-04-20,US1NHBK0010,,,,US1NHBK0010,Spring,,,0.5,,
2025-04-21,US1NHBK0010,,,,US1NHBK0010,Spring,,,0.0,0.0,
2025-04-22,US1NHBK0010,,,,US1NHBK0010,Spring,,,3.0,,
2025-04-23,US1NHBK0010,,,,US1NHBK0010,Spring,,,0.0,0.0,
2025-04-24,US1NHBK0010,,,,US1NHBK0010,Spring,,,0.0,0.0,
2025-04-25,US1NHBK0010,,,,US1NHBK0010,Spring,,,1.8,,
2025-04-26,US1NHBK0010,,,,US1NHBK0010,Spring,,,0.5,,
2025-03-30,US1NHBK0012,,,,US1NHBK0012,Spring,,,10.4,,
2025-03-31,US1NHBK0012,,,,US1NHBK0012,Spring,,,10.7,,
2025-04-06,US1NHBK0018,,,,US1NHBK0018,Spring,,,,,0.0
2025-04-08,US1NHBK0018,,,,US1NHBK0018,Spring,,,,,0.0
2025-04-09,US1NHBK0018,,,,US1NHBK0018,Spring,,,3.8,0.0,
2025-04-11,US1NHBK0018,,,,US1NHBK0018,Spring,,,0.5,0.0,
2025-04-14,US1NHBK0018,,,,US1NHBK0018,Spring,,,0.0,0.0,
2025-04-15,US1NHBK0018,,,,US1NHBK0018,Spring,,,3.8,0.0,
2025-04-16,US1NHBK0018,,,,US1NHBK0018,Spring,,,0.0,0.0,
2025-04-17,US1NHBK0018,,,,US1NHBK0018,Spring,,,0.3,0.0,
2025-04-18,US1NHBK0018,,,,US1NHBK0018,Spring,,,0.0,0.0,
2025-04-19,US1NHBK0018,,,,US1NHBK0018,Spring,,,0.3,0.0,
2025-04-20,US1NHBK0018,,,,US1NHBK0018,Spring,,,0.0,0.0,
2025-04-21,US1NHBK0018,,,,US1NHBK0018,Spring,,,0.0,0.0,
2025-04-23,US1NHBK0018,,,,US1NHBK0018,Spring,,,,,0.0
2025-04-24,US1NHBK0018,,,,US1NHBK0018,Spring,,,0.0,0.0,
2025-04-25,US1NHBK0018,,,,US1NHBK0018,Spring,,,0.5,0.0,
2025-04-26,US1NHBK0018,,,,US1NHBK0018,Spring,,,8.9,0.0,
2025-03-30,US1NHCH0002,,,,US1NHCH0002,Spring,,,14.2,,
2025-03-31,US1NHCH0002,,,,US1NHCH0002,Spring,,,2.8,,
2025-04-01,US1NHCH0002,,,,US1NHCH0002,Spring,,,3.6,0.0,
2025-04-04,US1NHCH0002,,,,US1NHCH0002,Spring,,,,,
2025-04-05,US1NHCH0002,,,,US1NHCH0002,Spring,,,0.0,0.0,
2025-04-06,US1NHCH0002,,,,US1NHCH0002,Spring,,,12.2,,
2025-04-08,US1NHCH0002,,,,US1NHCH0002,Spring,,,,,
2025-04-09,US1NHCH0002,,,,US1NHCH0002,Spring,,,0.8,,
2025-04-10,US1NHCH0002,,,,US1NHCH0002,Spring,,,0.0,0.0,
2025-04-11,US1NHCH0002,,,,US1NHCH0002,Spring,,,4.6,0.0,
2025-04-12,US1NHCH0002,,,,US1NHCH0002,Spring,,,5.1,18.0,
2025-04-13,US1NHCH0002,,,,US1NHCH0002,Spring,,,9.4,,
2025-04-14,US1NHCH0002,,,,US1NHCH0002,Spring,,,0.0,0.0,
2025-04-15,US1NHCH0002,,,,US1NHCH0002,Spring,,,3.0,,
2025-04-16,US1NHCH0002,,,,US1NHCH0002,Spring,,,0.5,,
2025-04-17,US1NHCH0002,,,,US1NHCH0002,Spring,,,0.0,0.0,
2025-04-18,US1NHCH0002,,,,US1NHCH0002,Spring,,,0.0,0.0,
2025-04-19,US1NHCH0002,,,,US1NHCH0002,Spring,,,0.0,0.0,
2025-04-20,US1NHCH0002,,,,US1NHCH0002,Spring,,,4.8,,
2025-04-21,US1NHCH0002,,,,US1NHCH0002,Spring,,,0.0,0.0,
2025-04-22,US1NHCH0002,,,,US1NHCH0002,Spring,,,2.5,,
2025-04-23,US1NHCH0002,,,,US1NHCH0002,Spring,,,0.0,0.0,
2025-04-24,US1NHCH0002,,,,US1NHCH0002,Spring,,,0.0,0.0,
2025-04-25,US1NHCH0002,,,,US1NHCH0002,Spring,,,0.5,,
2025-04-26,US1NHCH0002,,,,US1NHCH0002,Spring,,,11.2,,
2025-03-30,US1NHCH0020,,,,US1NHCH0020,Spring,,,6.4,,
2025-03-31,US1NHCH0020,,,,US1NHCH0020,Spring,,,1.3,,
2025-04-01,US1NHCH0020,,,,US1NHCH0020,Spring,,,17.0,,
2025-04-02,US1NHCH0020,,,,US1NHCH0020,Spring,,,0.0,0.0,
2025-04-03,US1NHCH0020,,,,US1NHCH0020,Spring,,,11.9,,
2025-04-04,US1NHCH0020,,,,US1NHCH0020,Spring,,,6.9,,
2025-04-05,US1NHCH0020,,,,US1NHCH0020,Spring,,,0.0,0.0,
2025-04-06,US1NHCH0020,,,,US1NHCH0020,Spring,,,15.7,,
2025-04-07,US1NHCH0020,,,,US1NHCH0020,Spring,,,5.3,0.0,
2025-04-08,US1NHCH0020,,,,US1NHCH0020,Spring,,,4.3,0.0,
2025-04-09,US1NHCH0020,,,,US1NHCH0020,Spring,,,2.3,23.0,
2025-04-10,US1NHCH0020,,,,US1NHCH0020,Spring,,,0.0,0.0,
2025-04-11,US1NHCH0020,,,,US1NHCH0020,Spring,,,3.8,33.0,
2025-04-12,US1NHCH0020,,,,US1NHCH0020,Spring,,,5.8,51.0,
2025-04-13,US1NHCH0020,,,,US1NHCH0020,Spring,,,13.5,119.0,
2025-04-14,US1NHCH0020,,,,US1NHCH0020,Spring,,,0.0,0.0,
2025-04-15,US1NHCH0020,,,,US1NHCH0020,Spring,,,4.6,,
2025-04-16,US1NHCH0020,,,,US1NHCH0020,Spring,,,2.5,,
2025-04-17,US1NHCH0020,,,,US1NHCH0020,Spring,,,0.0,0.0,
2025-04-18,US1NHCH0020,,,,US1NHCH0020,Spring,,,0.0,0.0,
2025-04-19,US1NHCH0020,,,,US1NHCH0020,Spring,,,0.0,0.0,
2025-04-20,US1NHCH0020,,,,US1NHCH0020,Spring,,,1.8,,
2025-04-21,US1NHCH0020,,,,US1NHCH0020,Spring,,,0.0,0.0,
2025-04-22,US1NHCH0020,,,,US1NHCH0020,Spring,,,4.1,,
2025-04-23,US1NHCH0020,,,,US1NHCH0020,Spring,,,0.0,0.0,
2025-04-24,US1NHCH0020,,,,US1NHCH0020,Spring,,,0.0,0.0,
2025-03-30,US1NHCH0021,,,,US1NHCH0021,Spring,,,11.4,0.0,
2025-03-31,US1NHCH0021,,,,US1NHCH0021,Spring,,,2.5,0.0,
2025-04-04,US1NHCH0021,,,,US1NHCH0021,Spring,,,,,0.0
2025-04-05,US1NHCH0021,,,,US1NHCH0021,Spring,,,0.0,0.0,
2025-04-06,US1NHCH0021,,,,US1NHCH0021,Spring,,,10.4,0.0,
2025-04-07,US1NHCH0021,,,,US1NHCH0021,Spring,,,3.8,0.0,
2025-04-08,US1NHCH0021,,,,US1NHCH0021,Spring,,,2.0,0.0,
2025-04-09,US1NHCH0021,,,,US1NHCH0021,Spring,,,0.5,0.0,
2025-04-10,US1NHCH0021,,,,US1NHCH0021,Spring,,,0.0,0.0,
2025-04-11,US1NHCH0021,,,,US1NHCH0021,Spring,,,4.6,,
2025-04-12,US1NHCH0021,,,,US1NHCH0021,Spring,,,2.8,,
2025-04-13,US1NHCH0021,,,,US1NHCH0021,Spring,,,6.4,,
2025-04-14,US1NHCH0021,,,,US1NHCH0021,Spring,,,0.0,0.0,
2025-04-15,US1NHCH0021,,,,US1NHCH0021,Spring,,,4.3,0.0,
2025-04-16,US1NHCH0021,,,,US1NHCH0021,Spring,,,1.3,0.0,
2025-04-17,US1NHCH0021,,,,US1NHCH0021,Spring,,,0.0,0.0,
2025-04-18,US1NHCH0021,,,,US1NHCH0021,Spring,,,0.0,0.0,
2025-04-19,US1NHCH0021,,,,US1NHCH0021,Spring,,,0.0,0.0,
2025-04-20,US1NHCH0021,,,,US1NHCH0021,Spring,,,3.6,0.0,
2025-04-21,US1NHCH0021,,,,US1NHCH0021,Spring,,,0.0,0.0,
2025-04-22,US1NHCH0021,,,,US1NHCH0021,Spring,,,3.0,0.0,
2025-04-23,US1NHCH0021,,,,US1NHCH0021,Spring,,,0.0,0.0,
2025-04-24,US1NHCH0021,,,,US1NHCH0021,Spring,,,0.0,0.0,
2025-04-25,US1NHCH0021,,,,US1NHCH0021,Spring,,,2.5,0.0,
2025-04-26,US1NHCH0021,,,,US1NHCH0021,Spring,,,6.4,0.0,
2025-03-30,US1NHCH0024,,,,US1NHCH0024,Spring,,,13.7,,
2025-03-31,US1NHCH0024,,,,US1NHCH0024,Spring,,,1.8,,
2025-04-01,US1NHCH0024,,,,US1NHCH0024,Spring,,,4.8,,
2025-04-02,US1NHCH0024,,,,US1NHCH0024,Spring,,,0.0,0.0,
2025-04-03,US1NHCH0024,,,,US1NHCH0024,Spring,,,19.8,,
2025-04-04,US1NHCH0024,,,,US1NHCH0024,Spring,,,7.6,,
2025-04-05,US1NHCH0024,,,,US1NHCH0024,Spring,,,0.0,0.0,
2025-04-06,US1NHCH0024,,,,US1NHCH0024,Spring,,,14.2,,
2025-04-07,US1NHCH0024,,,,US1NHCH0024,Spring,,,0.8,0.0,
2025-04-08,US1NHCH0024,,,,US1NHCH0024,Spring,,,1.3,,
2025-04-09,US1NHCH0024,,,,US1NHCH0024,Spring,,,0.5,,
2025-04-10,US1NHCH0024,,,,US1NHCH0024,Spring,,,0.0,0.0,
2025-04-11,US1NHCH0024,,,,US1NHCH0024,Spring,,,4.6,5.0,
2025-04-12,US1NHCH0024,,,,US1NHCH0024,Spring,,,8.6,51.0,
2025-04-13,US1NHCH0024,,,,US1NHCH0024,Spring,,,0.0,0.0,
2025-04-14,US1NHCH0024,,,,US1NHCH0024,Spring,,,0.0,0.0,
2025-04-15,US1NHCH0024,,,,US1NHCH0024,Spring,,,4.6,,
2025-04-16,US1NHCH0024,,,,US1NHCH0024,Spring,,,1.3,,
2025-04-17,US1NHCH0024,,,,US1NHCH0024,Spring,,,0.0,0.0,
2025-04-18,US1NHCH0024,,,,US1NHCH0024,Spring,,,0.0,0.0,
2025-04-19,US1NHCH0024,,,,US1NHCH0024,Spring,,,0.0,0.0,
2025-04-20,US1NHCH0024,,,,US1NHCH0024,Spring,,,5.1,,
2025-04-21,US1NHCH0024,,,,US1NHCH0024,Spring,,,0.0,0.0,
2025-04-22,US1NHCH0024,,,,US1NHCH0024,Spring,,,3.3,,
2025-04-23,US1NHCH0024,,,,US1NHCH0024,Spring,,,0.0,0.0,
2025-04-24,US1NHCH0024,,,,US1NHCH0024,Spring,,,0.0,0.0,
2025-04-25,US1NHCH0024,,,,US1NHCH0024,Spring,,,6.4,,
2025-04-26,US1NHCH0024,,,,US1NHCH0024,Spring,,,16.8,,
2025-03-30,US1NHCH0031,,,,US1NHCH0031,Spring,,,8.9,,
2025-03-31,US1NHCH0031,,,,US1NHCH0031,Spring,,,3.8,,
2025-04-01,US1NHCH0031,,,,US1NHCH0031,Spring,,,3.3,,
2025-04-02,US1NHCH0031,,,,US1NHCH0031,Spring,,,0.0,0.0,
2025-04-03,US1NHCH0031,,,,US1NHCH0031,Spring,,,15.2,,
2025-04-04,US1NHCH0031,,,,US1NHCH0031,Spring,,,6.6,,
2025-04-05,US1NHCH0031,,,,US1NHCH0031,Spring,,,0.0,0.0,
2025-04-06,US1NHCH0031,,,,US1NHCH0031,Spring,,,15.0,,
2025-04-07,US1NHCH0031,,,,US1NHCH0031,Spring,,,3.3,,
2025-04-08,US1NHCH0031,,,,US1NHCH0031,Spring,,,4.3,,
2025-04-09,US1NHCH0031,,,,US1NHCH0031,Spring,,,0.8,,
2025-04-10,US1NHCH0031,,,,US1NHCH0031,Spring,,,0.0,0.0,
2025-04-11,US1NHCH0031,,,,US1NHCH0031,Spring,,,3.6,3.0,3.0
2025-04-12,US1NHCH0031,,,,US1NHCH0031,Spring,,,11.2,43.0,43.0
2025-04-13,US1NHCH0031,,,,US1NHCH0031,Spring,,,3.6,,
2025-04-14,US1NHCH0031,,,,US1NHCH0031,Spring,,,0.0,0.0,
2025-04-15,US1NHCH0031,,,,US1NHCH0031,Spring,,,2.3,,
2025-04-16,US1NHCH0031,,,,US1NHCH0031,Spring,,,1.3,,
2025-04-17,US1NHCH0031,,,,US1NHCH0031,Spring,,,0.0,,
2025-04-18,US1NHCH0031,,,,US1NHCH0031,Spring,,,0.0,0.0,
2025-04-19,US1NHCH0031,,,,US1NHCH0031,Spring,,,0.0,0.0,
2025-04-20,US1NHCH0031,,,,US1NHCH0031,Spring,,,2.0,,
2025-04-21,US1NHCH0031,,,,US1NHCH0031,Spring,,,0.0,0.0,
2025-04-22,US1NHCH0031,,,,US1NHCH0031,Spring,,,2.3,,
2025-04-23,US1NHCH0031,,,,US1NHCH0031,Spring,,,0.0,0.0,
2025-04-24,US1NHCH0031,,,,US1NHCH0031,Spring,,,0.0,0.0,
2025-04-25,US1NHCH0031,,,,US1NHCH0031,Spring,,,0.3,,
2025-04-26,US1NHCH0031,,,,US1NHCH0031,Spring,,,17.0,,
2025-03-30,US1NHCH0032,,,,US1NHCH0032,Spring,,,13.2,,
2025-03-31,US1NHCH0032,,,,US1NHCH0032,Spring,,,2.3,,
2025-04-01,US1NHCH0032,,,,US1NHCH0032,Spring,,,4.6,,
2025-04-02,US1NHCH0032,,,,US1NHCH0032,Spring,,,0.0,0.0,
2025-04-03,US1NHCH0032,,,,US1NHCH0032,Spring,,,19.6,,
2025-04-05,US1NHCH0032,,,,US1NHCH0032,Spring,,,0.0,0.0,
2025-04-06,US1NHCH0032,,,,US1NHCH0032,Spring,,,15.0,,
2025-04-08,US1NHCH0032,,,,US1NHCH0032,Spring,,,,,
2025-04-11,US1NHCH0032,,,,US1NHCH0032,Spring,,,,,
2025-04-12,US1NHCH0032,,,,US1NHCH0032,Spring,,,11.2,,
2025-04-13,US1NHCH0032,,,,US1NHCH0032,Spring,,,0.3,,
2025-04-14,US1NHCH0032,,,,US1NHCH0032,Spring,,,0.0,0.0,
2025-04-15,US1NHCH0032,,,,US1NHCH0032,Spring,,,4.1,,
2025-04-16,US1NHCH0032,,,,US1NHCH0032,Spring,,,1.5,,
2025-04-17,US1NHCH0032,,,,US1NHCH0032,Spring,,,0.0,0.0,
2025-04-18,US1NHCH0032,,,,US1NHCH0032,Spring,,,0.0,0.0,
2025-04-19,US1NHCH0032,,,,US1NHCH0032,Spring,,,0.0,0.0,
2025-04-20,US1NHCH0032,,,,US1NHCH0032,Spring,,,4.1,,
2025-04-21,US1NHCH0032,,,,US1NHCH0032,Spring,,,3.0,,
2025-04-22,US1NHCH0032,,,,US1NHCH0032,Spring,,,0.0,0.0,
2025-04-23,US1NHCH0032,,,,US1NHCH0032,Spring,,,0.0,0.0,
2025-04-24,US1NHCH0032,,,,US1NHCH0032,Spring,,,0.0,0.0,
2025-04-25,US1NHCH0032,,,,US1NHCH0032,Spring,,,2.5,,
2025-04-26,US1NHCH0032,,,,US1NHCH0032,Spring,,,17.5,,
2025-04-23,US1NHCR0003,,,,US1NHCR0003,Spring,,,0.0,0.0,
2025-04-24,US1NHCR0003,,,,US1NHCR0003,Spring,,,0.0,0.0,
2025-04-25,US1NHCR0003,,,,US1NHCR0003,Spring,,,1.3,,
2025-04-26,US1NHCR0003,,,,US1NHCR0003,Spring,,,5.3,,
2025-03-30,US1NHCR0011,,,,US1NHCR0011,Spring,,,5.3,38.0,127.0
2025-03-31,US1NHCR0011,,,,US1NHCR0011,Spring,,,9.4,0.0,76.0
2025-04-01,US1NHCR0011,,,,US1NHCR0011,Spring,,,4.8,0.0,25.0
2025-04-02,US1NHCR0011,,,,US1NHCR0011,Spring,,,0.0,0.0,0.0
2025-04-03,US1NHCR0011,,,,US1NHCR0011,Spring,,,9.4,20.0,25.0
2025-04-04,US1NHCR0011,,,,US1NHCR0011,Spring,,,9.4,0.0,0.0
2025-04-05,US1NHCR0011,,,,US1NHCR0011,Spring,,,0.0,0.0,0.0
2025-04-06,US1NHCR0011,,,,US1NHCR0011,Spring,,,7.6,0.0,0.0
2025-04-07,US1NHCR0011,,,,US1NHCR0011,Spring,,,0.0,0.0,0.0
2025-04-08,US1NHCR0011,,,,US1NHCR0011,Spring,,,0.0,0.0,0.0
2025-04-09,US1NHCR0011,,,,US1NHCR0011,Spring,,,2.0,0.0,0.0
2025-04-10,US1NHCR0011,,,,US1NHCR0011,Spring,,,0.0,0.0,0.0
2025-04-11,US1NHCR0011,,,,US1NHCR0011,Spring,,,0.3,0.0,0.0
2025-04-12,US1NHCR0011,,,,US1NHCR0011,Spring,,,3.0,0.0,0.0
2025-04-13,US1NHCR0011,,,,US1NHCR0011,Spring,,,7.6,0.0,
2025-04-20,US1NHCR0011,,,,US1NHCR0011,Spring,,,,,0.0
2025-04-21,US1NHCR0011,,,,US1NHCR0011,Spring,,,0.0,0.0,
2025-04-22,US1NHCR0011,,,,US1NHCR0011,Spring,,,1.0,0.0,
2025-04-23,US1NHCR0011,,,,US1NHCR0011,Spring,,,0.0,0.0,
2025-04-24,US1NHCR0011,,,,US1NHCR0011,Spring,,,0.0,0.0,
2025-04-25,US1NHCR0011,,,,US1NHCR0011,Spring,,,1.0,0.0,
2025-04-26,US1NHCR0011,,,,US1NHCR0011,Spring,,,4.3,0.0,
2025-03-30,US1NHCR0015,,,,US1NHCR0015,Spring,,,8.4,0.0,279.0
2025-03-31,US1NHCR0015,,,,US1NHCR0015,Spring,,,9.9,0.0,246.0
2025-04-01,US1NHCR0015,,,,US1NHCR0015,Spring,,,3.3,0.0,216.0
2025-04-02,US1NHCR0015,,,,US1NHCR0015,Spring,,,0.0,0.0,191.0
2025-04-03,US1NHCR0015,,,,US1NHCR0015,Spring,,,20.1,25.0,216.0
2025-04-04,US1NHCR0015,,,,US1NHCR0015,Spring,,,0.5,0.0,198.0
2025-04-05,US1NHCR0015,,,,US1NHCR0015,Spring,,,0.0,0.0,170.0
2025-04-06,US1NHCR0015,,,,US1NHCR0015,Spring,,,8.6,0.0,183.0
2025-04-07,US1NHCR0015,,,,US1NHCR0015,Spring,,,0.0,0.0,140.0
2025-04-08,US1NHCR0015,,,,US1NHCR0015,Spring,,,0.0,0.0,132.0
2025-04-09,US1NHCR0015,,,,US1NHCR0015,Spring,,,2.3,0.0,132.0
2025-04-10,US1NHCR0015,,,,US1NHCR0015,Spring,,,0.0,0.0,127.0
2025-04-11,US1NHCR0015,,,,US1NHCR0015,Spring,,,0.5,0.0,119.0
2025-04-12,US1NHCR0015,,,,US1NHCR0015,Spring,,,2.3,5.0,107.0
2025-04-15,US1NHCR0015,,,,US1NHCR0015,Spring,,,1.0,0.0,61.0
2025-04-16,US1NHCR0015,,,,US1NHCR0015,Spring,,,0.0,0.0,38.0
2025-04-17,US1NHCR0015,,,,US1NHCR0015,Spring,,,0.3,0.0,18.0
2025-04-18,US1NHCR0015,,,,US1NHCR0015,Spring,,,0.0,0.0,0.0
2025-04-19,US1NHCR0015,,,,US1NHCR0015,Spring,,,1.3,0.0,0.0
2025-04-20,US1NHCR0015,,,,US1NHCR0015,Spring,,,1.0,,
2025-04-21,US1NHCR0015,,,,US1NHCR0015,Spring,,,0.0,,
2025-04-22,US1NHCR0015,,,,US1NHCR0015,Spring,,,2.5,0.0,
2025-03-30,US1NHCR0034,,,,US1NHCR0034,Spring,,,8.9,38.0,76.0
2025-03-31,US1NHCR0034,,,,US1NHCR0034,Spring,,,6.6,0.0,
2025-04-01,US1NHCR0034,,,,US1NHCR0034,Spring,,,2.3,0.0,
2025-04-02,US1NHCR0034,,,,US1NHCR0034,Spring,,,0.0,0.0,
2025-04-03,US1NHCR0034,,,,US1NHCR0034,Spring,,,9.4,5.0,
2025-04-04,US1NHCR0034,,,,US1NHCR0034,Spring,,,6.4,0.0,
2025-04-06,US1NHCR0034,,,,US1NHCR0034,Spring,,,9.7,0.0,
2025-04-07,US1NHCR0034,,,,US1NHCR0034,Spring,,,0.8,0.0,
2025-04-08,US1NHCR0034,,,,US1NHCR0034,Spring,,,0.0,0.0,
2025-04-09,US1NHCR0034,,,,US1NHCR0034,Spring,,,1.8,0.0,
2025-04-10,US1NHCR0034,,,,US1NHCR0034,Spring,,,0.0,0.0,
2025-04-11,US1NHCR0034,,,,US1NHCR0034,Spring,,,0.8,0.0,
2025-04-12,US1NHCR0034,,,,US1NHCR0034,Spring,,,3.0,30.0,
2025-04-13,US1NHCR0034,,,,US1NHCR0034,Spring,,,9.4,30.0,
2025-04-14,US1NHCR0034,,,,US1NHCR0034,Spring,,,0.3,0.0,
2025-04-15,US1NHCR0034,,,,US1NHCR0034,Spring,,,4.6,0.0,
2025-04-16,US1NHCR0034,,,,US1NHCR0034,Spring,,,0.0,0.0,
2025-04-17,US1NHCR0034,,,,US1NHCR0034,Spring,,,0.0,0.0,
2025-04-18,US1NHCR0034,,,,US1NHCR0034,Spring,,,0.0,0.0,
2025-04-19,US1NHCR0034,,,,US1NHCR0034,Spring,,,0.0,0.0,
2025-04-20,US1NHCR0034,,,,US1NHCR0034,Spring,,,0.0,0.0,
2025-04-21,US1NHCR0034,,,,US1NHCR0034,Spring,,,0.0,0.0,
2025-04-22,US1NHCR0034,,,,US1NHCR0034,Spring,,,2.5,0.0,
2025-04-23,US1NHCR0034,,,,US1NHCR0034,Spring,,,0.0,0.0,
2025-04-24,US1NHCR0034,,,,US1NHCR0034,Spring,,,0.0,0.0,
2025-04-25,US1NHCR0034,,,,US1NHCR0034,Spring,,,0.8,0.0,
2025-04-26,US1NHCR0034,,,,US1NHCR0034,Spring,,,5.6,0.0,
2025-03-30,US1NHCR0041,,,,US1NHCR0041,Spring,,,7.6,,
2025-03-31,US1NHCR0041,,,,US1NHCR0041,Spring,,,5.3,,
2025-04-01,US1NHCR0041,,,,US1NHCR0041,Spring,,,0.0,0.0,38.0
2025-04-02,US1NHCR0041,,,,US1NHCR0041,Spring,,,0.0,0.0,25.0
2025-04-03,US1NHCR0041,,,,US1NHCR0041,Spring,,,16.3,38.0,38.0
2025-04-04,US1NHCR0041,,,,US1NHCR0041,Spring,,,5.6,,
2025-04-06,US1NHCR0041,,,,US1NHCR0041,Spring,,,8.9,,
2025-04-07,US1NHCR0041,,,,US1NHCR0041,Spring,,,0.3,,
2025-04-08,US1NHCR0041,,,,US1NHCR0041,Spring,,,0.0,0.0,
2025-04-09,US1NHCR0041,,,,US1NHCR0041,Spring,,,0.0,0.0,
2025-04-10,US1NHCR0041,,,,US1NHCR0041,Spring,,,0.0,0.0,
2025-04-11,US1NHCR0041,,,,US1NHCR0041,Spring,,,0.8,,
2025-04-12,US1NHCR0041,,,,US1NHCR0041,Spring,,,5.1,10.0,13.0
2025-04-13,US1NHCR0041,,,,US1NHCR0041,Spring,,,7.4,,
2025-04-14,US1NHCR0041,,,,US1NHCR0041,Spring,,,0.3,,
2025-04-15,US1NHCR0041,,,,US1NHCR0041,Spring,,,2.3,,
2025-04-16,US1NHCR0041,,,,US1NHCR0041,Spring,,,0.0,,
2025-04-17,US1NHCR0041,,,,US1NHCR0041,Spring,,,0.0,0.0,
2025-04-18,US1NHCR0041,,,,US1NHCR0041,Spring,,,0.0,0.0,
2025-04-19,US1NHCR0041,,,,US1NHCR0041,Spring,,,0.0,0.0,
2025-04-20,US1NHCR0041,,,,US1NHCR0041,Spring,,,0.0,0.0,
2025-04-21,US1NHCR0041,,,,US1NHCR0041,Spring,,,0.0,0.0,
2025-04-22,US1NHCR0041,,,,US1NHCR0041,Spring,,,0.8,,
2025-04-25,US1NHCR0041,,,,US1NHCR0041,Spring,,,0.0,,
2025-04-26,US1NHCR0041,,,,US1NHCR0041,Spring,,,7.9,,
2025-03-30,US1NHCR0046,,,,US1NHCR0046,Spring,,,5.6,,
2025-04-01,US1NHCR0046,,,,US1NHCR0046,Spring,,,10.4,,
2025-04-02,US1NHCR0046,,,,US1NHCR0046,Spring,,,0.0,0.0,
2025-04-03,US1NHCR0046,,,,US1NHCR0046,Spring,,,17.8,13.0,25.0
2025-04-04,US1NHCR0046,,,,US1NHCR0046,Spring,,,0.0,,
2025-04-05,US1NHCR0046,,,,US1NHCR0046,Spring,,,0.0,0.0,
2025-04-06,US1NHCR0046,,,,US1NHCR0046,Spring,,,6.9,,
2025-04-07,US1NHCR0046,,,,US1NHCR0046,Spring,,,0.0,0.0,
2025-04-08,US1NHCR0046,,,,US1NHCR0046,Spring,,,0.0,0.0,
2025-04-09,US1NHCR0046,,,,US1NHCR0046,Spring,,,2.8,,
2025-04-10,US1NHCR0046,,,,US1NHCR0046,Spring,,,0.0,0.0,
2025-04-11,US1NHCR0046,,,,US1NHCR0046,Spring,,,0.0,,
2025-04-12,US1NHCR0046,,,,US1NHCR0046,Spring,,,9.4,,
2025-04-14,US1NHCR0046,,,,US1NHCR0046,Spring,,,,,
2025-04-15,US1NHCR0046,,,,US1NHCR0046,Spring,,,0.0,0.0,
2025-04-16,US1NHCR0046,,,,US1NHCR0046,Spring,,,0.0,,
2025-04-17,US1NHCR0046,,,,US1NHCR0046,Spring,,,0.0,0.0,
2025-04-18,US1NHCR0046,,,,US1NHCR0046,Spring,,,0.0,0.0,
2025-04-19,US1NHCR0046,,,,US1NHCR0046,Spring,,,0.3,,
2025-04-20,US1NHCR0046,,,,US1NHCR0046,Spring,,,0.0,0.0,
2025-04-21,US1NHCR0046,,,,US1NHCR0046,Spring,,,0.0,0.0,
2025-04-22,US1NHCR0046,,,,US1NHCR0046,Spring,,,0.5,,
2025-04-23,US1NHCR0046,,,,US1NHCR0046,Spring,,,0.0,0.0,
2025-04-24,US1NHCR0046,,,,US1NHCR0046,Spring,,,0.0,0.0,
2025-04-25,US1NHCR0046,,,,US1NHCR0046,Spring,,,0.0,0.0,
2025-04-26,US1NHCR0046,,,,US1NHCR0046,Spring,,,14.2,,
2025-03-30,US1NHCR0050,,,,US1NHCR0050,Spring,,,9.9,13.0,38.0
2025-03-31,US1NHCR0050,,,,US1NHCR0050,Spring,,,4.6,0.0,25.0
2025-04-01,US1NHCR0050,,,,US1NHCR0050,Spring,,,2.0,0.0,0.0
2025-04-02,US1NHCR0050,,,,US1NHCR0050,Spring,,,0.0,0.0,0.0
2025-04-03,US1NHCR0050,,,,US1NHCR0050,Spring,,,8.9,15.0,13.0
2025-04-04,US1NHCR0050,,,,US1NHCR0050,Spring,,,5.3,,
2025-04-05,US1NHCR0050,,,,US1NHCR0050,Spring,,,0.0,0.0,
2025-04-06,US1NHCR0050,,,,US1NHCR0050,Spring,,,9.7,0.0,0.0
2025-04-07,US1NHCR0050,,,,US1NHCR0050,Spring,,,1.3,0.0,
2025-04-08,US1NHCR0050,,,,US1NHCR0050,Spring,,,0.0,0.0,
2025-04-09,US1NHCR0050,,,,US1NHCR0050,Spring,,,2.5,8.0,0.0
2025-04-10,US1NHCR0050,,,,US1NHCR0050,Spring,,,0.0,0.0,
2025-04-11,US1NHCR0050,,,,US1NHCR0050,Spring,,,1.3,0.0,0.0
2025-04-12,US1NHCR0050,,,,US1NHCR0050,Spring,,,2.8,36.0,36.0
2025-04-13,US1NHCR0050,,,,US1NHCR0050,Spring,,,8.4,66.0,13.0
2025-04-14,US1NHCR0050,,,,US1NHCR0050,Spring,,,0.0,0.0,
2025-04-15,US1NHCR0050,,,,US1NHCR0050,Spring,,,5.8,,
2025-04-16,US1NHCR0050,,,,US1NHCR0050,Spring,,,0.0,,
2025-04-17,US1NHCR0050,,,,US1NHCR0050,Spring,,,0.0,0.0,
2025-04-18,US1NHCR0050,,,,US1NHCR0050,Spring,,,0.0,0.0,
2025-04-19,US1NHCR0050,,,,US1NHCR0050,Spring,,,0.0,0.0,
2025-04-20,US1NHCR0050,,,,US1NHCR0050,Spring,,,0.0,,
2025-04-21,US1NHCR0050,,,,US1NHCR0050,Spring,,,0.0,0.0,
2025-04-22,US1NHCR0050,,,,US1NHCR0050,Spring,,,1.8,,
2025-04-23,US1NHCR0050,,,,US1NHCR0050,Spring,,,0.0,0.0,
2025-04-24,US1NHCR0050,,,,US1NHCR0050,Spring,,,0.0,0.0,
2025-04-25,US1NHCR0050,,,,US1NHCR0050,Spring,,,1.8,,
2025-04-26,US1NHCR0050,,,,US1NHCR0050,Spring,,,5.6,,
2025-03-30,US1NHCS0007,,,,US1NHCS0007,Spring,,,4.8,51.0,127.0
2025-03-31,US1NHCS0007,,,,US1NHCS0007,Spring,,,13.2,,102.0
2025-04-01,US1NHCS0007,,,,US1NHCS0007,Spring,,,9.9,,0.0
2025-04-02,US1NHCS0007,,,,US1NHCS0007,Spring,,,0.0,0.0,
2025-04-03,US1NHCS0007,,,,US1NHCS0007,Spring,,,4.3,0.0,0.0
2025-04-04,US1NHCS0007,,,,US1NHCS0007,Spring,,,16.0,,0.0
2025-04-05,US1NHCS0007,,,,US1NHCS0007,Spring,,,0.0,0.0,
2025-04-24,US1NHCS0007,,,,US1NHCS0007,Spring,,,,,
2025-04-25,US1NHCS0007,,,,US1NHCS0007,Spring,,,3.3,,
2025-04-26,US1NHCS0007,,,,US1NHCS0007,Spring,,,0.0,,
2025-04-01,US1NHCS0019,,,,US1NHCS0019,Spring,,,,,51.0
2025-04-02,US1NHCS0019,,,,US1NHCS0019,Spring,,,0.0,0.0,
2025-04-03,US1NHCS0019,,,,US1NHCS0019,Spring,,,6.1,5.0,
2025-04-04,US1NHCS0019,,,,US1NHCS0019,Spring,,,11.4,0.0,
2025-04-05,US1NHCS0019,,,,US1NHCS0019,Spring,,,0.0,0.0,
2025-04-06,US1NHCS0019,,,,US1NHCS0019,Spring,,,7.9,0.0,
2025-04-07,US1NHCS0019,,,,US1NHCS0019,Spring,,,0.3,0.0,
2025-04-08,US1NHCS0019,,,,US1NHCS0019,Spring,,,0.5,0.0,
2025-04-09,US1NHCS0019,,,,US1NHCS0019,Spring,,,14.5,208.0,
2025-04-10,US1NHCS0019,,,,US1NHCS0019,Spring,,,0.0,0.0,
2025-04-11,US1NHCS0019,,,,US1NHCS0019,Spring,,,0.5,8.0,
2025-04-12,US1NHCS0019,,,,US1NHCS0019,Spring,,,0.8,3.0,
2025-04-13,US1NHCS0019,,,,US1NHCS0019,Spring,,,2.0,0.0,
2025-04-14,US1NHCS0019,,,,US1NHCS0019,Spring,,,0.5,0.0,
2025-04-15,US1NHCS0019,,,,US1NHCS0019,Spring,,,0.5,0.0,
2025-04-16,US1NHCS0019,,,,US1NHCS0019,Spring,,,4.6,0.0,
2025-04-17,US1NHCS0019,,,,US1NHCS0019,Spring,,,0.5,3.0,
2025-04-18,US1NHCS0019,,,,US1NHCS0019,Spring,,,0.0,0.0,
2025-04-19,US1NHCS0019,,,,US1NHCS0019,Spring,,,2.3,0.0,
2025-04-20,US1NHCS0019,,,,US1NHCS0019,Spring,,,3.0,0.0,
2025-04-21,US1NHCS0019,,,,US1NHCS0019,Spring,,,0.0,0.0,
2025-04-22,US1NHCS0019,,,,US1NHCS0019,Spring,,,3.0,0.0,
2025-04-23,US1NHCS0019,,,,US1NHCS0019,Spring,,,0.0,0.0,
2025-04-08,US1NHCS0021,,,,US1NHCS0021,Spring,,,0.0,0.0,
2025-04-09,US1NHCS0021,,,,US1NHCS0021,Spring,,,0.0,0.0,
2025-04-10,US1NHCS0021,,,,US1NHCS0021,Spring,,,0.0,0.0,
2025-04-11,US1NHCS0021,,,,US1NHCS0021,Spring,,,0.0,0.0,
2025-04-12,US1NHCS0021,,,,US1NHCS0021,Spring,,,0.0,,
2025-04-13,US1NHCS0021,,,,US1NHCS0021,Spring,,,8.9,,
2025-04-14,US1NHCS0021,,,,US1NHCS0021,Spring,,,0.0,0.0,
2025-04-15,US1NHCS0021,,,,US1NHCS0021,Spring,,,0.0,0.0,
2025-04-16,US1NHCS0021,,,,US1NHCS0021,Spring,,,5.1,,
2025-04-05,US1NHCS0022,,,,US1NHCS0022,Spring,,,0.0,0.0,
2025-04-06,US1NHCS0022,,,,US1NHCS0022,Spring,,,6.4,,
2025-04-08,US1NHCS0022,,,,US1NHCS0022,Spring,,,0.0,0.0,
2025-04-13,US1NHCS0022,,,,US1NHCS0022,Spring,,,0.8,,
2025-04-14,US1NHCS0022,,,,US1NHCS0022,Spring,,,0.3,,
2025-04-15,US1NHCS0022,,,,US1NHCS0022,Spring,,,0.0,0.0,
2025-04-16,US1NHCS0022,,,,US1NHCS0022,Spring,,,3.0,,
2025-04-17,US1NHCS0022,,,,US1NHCS0022,Spring,,,0.0,0.0,
2025-04-18,US1NHCS0022,,,,US1NHCS0022,Spring,,,0.0,0.0,
2025-04-19,US1NHCS0022,,,,US1NHCS0022,Spring,,,2.0,,
2025-04-20,US1NHCS0022,,,,US1NHCS0022,Spring,,,4.8,,
2025-04-21,US1NHCS0022,,,,US1NHCS0022,Spring,,,0.0,0.0,
2025-04-22,US1NHCS0022,,,,US1NHCS0022,Spring,,,1.5,,
2025-04-24,US1NHCS0022,,,,US1NHCS0022,Spring,,,0.0,0.0,
2025-04-26,US1NHCS0022,,,,US1NHCS0022,Spring,,,,,
2025-03-30,US1NHGR0001,,,,US1NHGR0001,Spring,,,12.2,10.0,13.0
2025-03-31,US1NHGR0001,,,,US1NHGR0001,Spring,,,8.6,0.0,0.0
2025-04-01,US1NHGR0001,,,,US1NHGR0001,Spring,,,3.0,0.0,0.0
2025-04-02,US1NHGR0001,,,,US1NHGR0001,Spring,,,0.0,0.0,0.0
2025-04-03,US1NHGR0001,,,,US1NHGR0001,Spring,,,10.4,3.0,3.0
2025-04-04,US1NHGR0001,,,,US1NHGR0001,Spring,,,5.8,0.0,0.0
2025-04-05,US1NHGR0001,,,,US1NHGR0001,Spring,,,0.0,0.0,0.0
2025-04-06,US1NHGR0001,,,,US1NHGR0001,Spring,,,11.7,0.0,0.0
2025-04-07,US1NHGR0001,,,,US1NHGR0001,Spring,,,1.3,0.0,0.0
2025-04-08,US1NHGR0001,,,,US1NHGR0001,Spring,,,0.0,0.0,0.0
2025-04-09,US1NHGR0001,,,,US1NHGR0001,Spring,,,3.6,53.0,0.0
2025-04-10,US1NHGR0001,,,,US1NHGR0001,Spring,,,0.0,0.0,0.0
2025-04-11,US1NHGR0001,,,,US1NHGR0001,Spring,,,0.5,0.0,0.0
2025-04-12,US1NHGR0001,,,,US1NHGR0001,Spring,,,1.8,8.0,13.0
2025-04-13,US1NHGR0001,,,,US1NHGR0001,Spring,,,8.9,58.0,0.0
2025-04-14,US1NHGR0001,,,,US1NHGR0001,Spring,,,0.0,0.0,0.0
2025-04-15,US1NHGR0001,,,,US1NHGR0001,Spring,,,3.6,0.0,0.0
2025-04-16,US1NHGR0001,,,,US1NHGR0001,Spring,,,0.0,0.0,0.0
2025-04-17,US1NHGR0001,,,,US1NHGR0001,Spring,,,0.0,0.0,0.0
2025-04-18,US1NHGR0001,,,,US1NHGR0001,Spring,,,0.0,0.0,0.0
2025-04-19,US1NHGR0001,,,,US1NHGR0001,Spring,,,0.0,0.0,0.0
2025-04-20,US1NHGR0001,,,,US1NHGR0001,Spring,,,0.3,0.0,0.0
2025-04-21,US1NHGR0001,,,,US1NHGR0001,Spring,,,0.0,0.0,0.0
2025-04-22,US1NHGR0001,,,,US1NHGR0001,Spring,,,4.8,0.0,0.0
2025-04-23,US1NHGR0001,,,,US1NHGR0001,Spring,,,0.0,0.0,0.0
2025-04-24,US1NHGR0001,,,,US1NHGR0001,Spring,,,0.0,0.0,0.0
2025-04-25,US1NHGR0001,,,,US1NHGR0001,Spring,,,1.0,0.0,0.0
2025-04-26,US1NHGR0001,,,,US1NHGR0001,Spring,,,7.6,0.0,0.0
2025-03-30,US1NHGR0011,,,,US1NHGR0011,Spring,,,10.7,,
2025-03-31,US1NHGR0011,,,,US1NHGR0011,Spring,,,10.2,,
2025-04-01,US1NHGR0011,,,,US1NHGR0011,Spring,,,4.1,,
2025-04-02,US1NHGR0011,,,,US1NHGR0011,Spring,,,0.0,0.0,
2025-04-03,US1NHGR0011,,,,US1NHGR0011,Spring,,,18.8,,
2025-04-04,US1NHGR0011,,,,US1NHGR0011,Spring,,,1.8,,
2025-04-05,US1NHGR0011,,,,US1NHGR0011,Spring,,,0.0,0.0,
2025-04-06,US1NHGR0011,,,,US1NHGR0011,Spring,,,13.0,,
2025-04-07,US1NHGR0011,,,,US1NHGR0011,Spring,,,0.0,0.0,
2025-04-09,US1NHGR0011,,,,US1NHGR0011,Spring,,,3.3,,
2025-04-10,US1NHGR0011,,,,US1NHGR0011,Spring,,,0.0,0.0,
2025-04-11,US1NHGR0011,,,,US1NHGR0011,Spring,,,0.3,,
2025-04-12,US1NHGR0011,,,,US1NHGR0011,Spring,,,3.0,,
2025-04-13,US1NHGR0011,,,,US1NHGR0011,Spring,,,6.9,,
2025-04-14,US1NHGR0011,,,,US1NHGR0011,Spring,,,0.0,0.0,
2025-04-15,US1NHGR0011,,,,US1NHGR0011,Spring,,,2.5,,
2025-04-16,US1NHGR0011,,,,US1NHGR0011,Spring,,,0.3,,
2025-04-17,US1NHGR0011,,,,US1NHGR0011,Spring,,,0.0,0.0,
2025-04-19,US1NHGR0011,,,,US1NHGR0011,Spring,,,0.8,,
2025-04-20,US1NHGR0011,,,,US1NHGR0011,Spring,,,0.0,,
2025-04-21,US1NHGR0011,,,,US1NHGR0011,Spring,,,0.0,0.0,
2025-04-22,US1NHGR0011,,,,US1NHGR0011,Spring,,,2.5,,
2025-04-23,US1NHGR0011,,,,US1NHGR0011,Spring,,,0.0,0.0,
2025-04-24,US1NHGR0011,,,,US1NHGR0011,Spring,,,0.0,0.0,
2025-04-25,US1NHGR0011,,,,US1NHGR0011,Spring,,,0.5,,
2025-04-26,US1NHGR0011,,,,US1NHGR0011,Spring,,,10.4,,
2025-03-30,US1NHGR0046,,,,US1NHGR0046,Spring,,,13.5,,
2025-03-31,US1NHGR0046,,,,US1NHGR0046,Spring,,,11.4,,
2025-04-01,US1NHGR0046,,,,US1NHGR0046,Spring,,,4.8,,
2025-04-02,US1NHGR0046,,,,US1NHGR0046,Spring,,,0.0,0.0,
2025-04-03,US1NHGR0046,,,,US1NHGR0046,Spring,,,11.7,13.0,
2025-04-04,US1NHGR0046,,,,US1NHGR0046,Spring,,,8.4,,
2025-04-05,US1NHGR0046,,,,US1NHGR0046,Spring,,,0.0,0.0,
2025-04-06,US1NHGR0046,,,,US1NHGR0046,Spring,,,11.2,,
2025-04-07,US1NHGR0046,,,,US1NHGR0046,Spring,,,1.5,,
2025-04-08,US1NHGR0046,,,,US1NHGR0046,Spring,,,0.0,,
2025-04-09,US1NHGR0046,,,,US1NHGR0046,Spring,,,5.1,51.0,
2025-04-10,US1NHGR0046,,,,US1NHGR0046,Spring,,,0.3,,
2025-04-11,US1NHGR0046,,,,US1NHGR0046,Spring,,,0.3,0.0,
2025-04-12,US1NHGR0046,,,,US1NHGR0046,Spring,,,0.5,5.0,
2025-04-13,US1NHGR0046,,,,US1NHGR0046,Spring,,,14.5,,
2025-04-14,US1NHGR0046,,,,US1NHGR0046,Spring,,,0.0,,
2025-04-15,US1NHGR0046,,,,US1NHGR0046,Spring,,,4.6,,
2025-04-16,US1NHGR0046,,,,US1NHGR0046,Spring,,,0.0,,
2025-04-17,US1NHGR0046,,,,US1NHGR0046,Spring,,,0.0,,
2025-04-18,US1NHGR0046,,,,US1NHGR0046,Spring,,,0.0,0.0,
2025-04-19,US1NHGR0046,,,,US1NHGR0046,Spring,,,0.8,,
2025-04-20,US1NHGR0046,,,,US1NHGR0046,Spring,,,0.0,0.0,
2025-04-21,US1NHGR0046,,,,US1NHGR0046,Spring,,,0.0,0.0,
2025-04-22,US1NHGR0046,,,,US1NHGR0046,Spring,,,3.0,,
2025-04-23,US1NHGR0046,,,,US1NHGR0046,Spring,,,0.0,0.0,
2025-04-24,US1NHGR0046,,,,US1NHGR0046,Spring,,,0.0,0.0,
2025-04-25,US1NHGR0046,,,,US1NHGR0046,Spring,,,0.8,,
2025-04-26,US1NHGR0046,,,,US1NHGR0046,Spring,,,5.8,,
2025-03-30,US1NHGR0047,,,,US1NHGR0047,Spring,,,9.1,8.0,
2025-03-31,US1NHGR0047,,,,US1NHGR0047,Spring,,,14.7,0.0,
2025-04-01,US1NHGR0047,,,,US1NHGR0047,Spring,,,6.9,0.0,0.0
2025-04-02,US1NHGR0047,,,,US1NHGR0047,Spring,,,0.0,0.0,0.0
2025-04-03,US1NHGR0047,,,,US1NHGR0047,Spring,,,6.4,5.0,0.0
2025-04-04,US1NHGR0047,,,,US1NHGR0047,Spring,,,8.9,0.0,0.0
2025-04-05,US1NHGR0047,,,,US1NHGR0047,Spring,,,0.0,0.0,0.0
2025-04-06,US1NHGR0047,,,,US1NHGR0047,Spring,,,5.3,0.0,0.0
2025-04-07,US1NHGR0047,,,,US1NHGR0047,Spring,,,0.0,0.0,0.0
2025-04-08,US1NHGR0047,,,,US1NHGR0047,Spring,,,0.0,0.0,0.0
2025-04-09,US1NHGR0047,,,,US1NHGR0047,Spring,,,6.1,51.0,51.0
2025-04-10,US1NHGR0047,,,,US1NHGR0047,Spring,,,0.0,0.0,13.0
2025-04-11,US1NHGR0047,,,,US1NHGR0047,Spring,,,1.8,0.0,0.0
2025-04-12,US1NHGR0047,,,,US1NHGR0047,Spring,,,0.3,0.0,0.0
2025-04-13,US1NHGR0047,,,,US1NHGR0047,Spring,,,2.5,0.0,0.0
2025-04-14,US1NHGR0047,,,,US1NHGR0047,Spring,,,0.0,0.0,0.0
2025-04-15,US1NHGR0047,,,,US1NHGR0047,Spring,,,1.0,0.0,0.0
2025-04-16,US1NHGR0047,,,,US1NHGR0047,Spring,,,0.0,0.0,0.0
2025-04-17,US1NHGR0047,,,,US1NHGR0047,Spring,,,0.0,0.0,0.0
2025-04-18,US1NHGR0047,,,,US1NHGR0047,Spring,,,0.0,0.0,0.0
2025-04-19,US1NHGR0047,,,,US1NHGR0047,Spring,,,1.5,0.0,0.0
2025-04-20,US1NHGR0047,,,,US1NHGR0047,Spring,,,1.3,0.0,0.0
2025-04-21,US1NHGR0047,,,,US1NHGR0047,Spring,,,0.0,0.0,0.0
2025-04-22,US1NHGR0047,,,,US1NHGR0047,Spring,,,0.8,0.0,0.0
2025-04-23,US1NHGR0047,,,,US1NHGR0047,Spring,,,0.0,0.0,0.0
2025-04-24,US1NHGR0047,,,,US1NHGR0047,Spring,,,0.0,0.0,0.0
2025-04-25,US1NHGR0047,,,,US1NHGR0047,Spring,,,0.0,0.0,0.0
2025-04-26,US1NHGR0047,,,,US1NHGR0047,Spring,,,8.6,0.0,0.0
2025-03-30,US1NHGR0051,,,,US1NHGR0051,Spring,,,21.1,,
2025-03-31,US1NHGR0051,,,,US1NHGR0051,Spring,,,11.9,,
2025-04-01,US1NHGR0051,,,,US1NHGR0051,Spring,,,2.8,,
2025-04-03,US1NHGR0051,,,,US1NHGR0051,Spring,,,9.1,,
2025-04-04,US1NHGR0051,,,,US1NHGR0051,Spring,,,9.1,,
2025-04-05,US1NHGR0051,,,,US1NHGR0051,Spring,,,0.0,0.0,
2025-04-06,US1NHGR0051,,,,US1NHGR0051,Spring,,,9.9,,
2025-04-07,US1NHGR0051,,,,US1NHGR0051,Spring,,,0.5,,
2025-04-08,US1NHGR0051,,,,US1NHGR0051,Spring,,,0.0,0.0,
2025-04-09,US1NHGR0051,,,,US1NHGR0051,Spring,,,4.8,,
2025-04-11,US1NHGR0051,,,,US1NHGR0051,Spring,,,0.0,,
2025-04-12,US1NHGR0051,,,,US1NHGR0051,Spring,,,3.0,,
2025-04-13,US1NHGR0051,,,,US1NHGR0051,Spring,,,6.4,,
2025-04-15,US1NHGR0051,,,,US1NHGR0051,Spring,,,3.0,,
2025-04-16,US1NHGR0051,,,,US1NHGR0051,Spring,,,0.3,,
2025-04-17,US1NHGR0051,,,,US1NHGR0051,Spring,,,0.0,0.0,
2025-04-19,US1NHGR0051,,,,US1NHGR0051,Spring,,,0.5,,
2025-04-22,US1NHGR0051,,,,US1NHGR0051,Spring,,,2.8,,
2025-04-23,US1NHGR0051,,,,US1NHGR0051,Spring,,,0.0,0.0,
2025-04-24,US1NHGR0051,,,,US1NHGR0051,Spring,,,0.0,0.0,
2025-04-25,US1NHGR0051,,,,US1NHGR0051,Spring,,,1.0,,
2025-04-26,US1NHGR0051,,,,US1NHGR0051,Spring,,,8.1,,
2025-03-30,US1NHGR0052,,,,US1NHGR0052,Spring,,,9.7,,
2025-03-31,US1NHGR0052,,,,US1NHGR0052,Spring,,,4.8,,
2025-04-01,US1NHGR0052,,,,US1NHGR0052,Spring,,,5.3,,
2025-04-03,US1NHGR0052,,,,US1NHGR0052,Spring,,,6.4,,
2025-04-04,US1NHGR0052,,,,US1NHGR0052,Spring,,,8.6,,
2025-04-05,US1NHGR0052,,,,US1NHGR0052,Spring,,,0.0,0.0,
2025-04-06,US1NHGR0052,,,,US1NHGR0052,Spring,,,9.7,,
2025-04-07,US1NHGR0052,,,,US1NHGR0052,Spring,,,0.0,0.0,
2025-04-08,US1NHGR0052,,,,US1NHGR0052,Spring,,,0.0,0.0,
2025-04-09,US1NHGR0052,,,,US1NHGR0052,Spring,,,1.5,,
2025-04-10,US1NHGR0052,,,,US1NHGR0052,Spring,,,0.0,0.0,
2025-04-11,US1NHGR0052,,,,US1NHGR0052,Spring,,,2.5,,
2025-04-13,US1NHGR0052,,,,US1NHGR0052,Spring,,,10.9,25.0,
2025-04-15,US1NHGR0052,,,,US1NHGR0052,Spring,,,1.8,,
2025-04-16,US1NHGR0052,,,,US1NHGR0052,Spring,,,0.0,0.0,
2025-04-17,US1NHGR0052,,,,US1NHGR0052,Spring,,,0.0,0.0,
2025-04-18,US1NHGR0052,,,,US1NHGR0052,Spring,,,0.0,0.0,
2025-04-19,US1NHGR0052,,,,US1NHGR0052,Spring,,,0.0,0.0,
2025-04-20,US1NHGR0052,,,,US1NHGR0052,Spring,,,0.0,0.0,
2025-04-21,US1NHGR0052,,,,US1NHGR0052,Spring,,,0.0,0.0,
2025-04-22,US1NHGR0052,,,,US1NHGR0052,Spring,,,2.0,,
2025-04-23,US1NHGR0052,,,,US1NHGR0052,Spring,,,0.0,0.0,
2025-04-25,US1NHGR0052,,,,US1NHGR0052,Spring,,,1.0,,
2025-04-26,US1NHGR0052,,,,US1NHGR0052,Spring,,,9.7,,
2025-03-31,US1NHGR0057,,,,US1NHGR0057,Spring,,,,,53.0
2025-04-02,US1NHGR0057,,,,US1NHGR0057,Spring,,,0.0,0.0,
2025-04-03,US1NHGR0057,,,,US1NHGR0057,Spring,,,8.4,,
2025-04-05,US1NHGR0057,,,,US1NHGR0057,Spring,,,0.0,0.0,
2025-04-07,US1NHGR0057,,,,US1NHGR0057,Spring,,,,,0.0
2025-04-08,US1NHGR0057,,,,US1NHGR0057,Spring,,,0.0,0.0,
2025-04-09,US1NHGR0057,,,,US1NHGR0057,Spring,,,3.8,,
2025-04-11,US1NHGR0057,,,,US1NHGR0057,Spring,,,0.0,0.0,
2025-04-14,US1NHGR0057,,,,US1NHGR0057,Spring,,,,,
2025-04-15,US1NHGR0057,,,,US1NHGR0057,Spring,,,0.0,0.0,
2025-04-17,US1NHGR0057,,,,US1NHGR0057,Spring,,,0.0,0.0,
2025-04-20,US1NHGR0057,,,,US1NHGR0057,Spring,,,0.0,0.0,
2025-04-21,US1NHGR0057,,,,US1NHGR0057,Spring,,,0.0,0.0,
2025-04-22,US1NHGR0058,,,,US1NHGR0058,Spring,,,1.0,,
2025-04-25,US1NHGR0058,,,,US1NHGR0058,Spring,,,1.3,,
2025-04-26,US1NHGR0058,,,,US1NHGR0058,Spring,,,11.7,,
2025-03-30,US1NHGR0059,,,,US1NHGR0059,Spring,,,13.0,8.0,
2025-03-31,US1NHGR0059,,,,US1NHGR0059,Spring,,,5.1,0.0,
2025-04-01,US1NHGR0059,,,,US1NHGR0059,Spring,,,4.3,0.0,
2025-04-02,US1NHGR0059,,,,US1NHGR0059,Spring,,,0.0,0.0,
2025-04-03,US1NHGR0059,,,,US1NHGR0059,Spring,,,12.7,5.0,
2025-04-04,US1NHGR0059,,,,US1NHGR0059,Spring,,,4.3,0.0,
2025-04-05,US1NHGR0059,,,,US1NHGR0059,Spring,,,0.0,0.0,
2025-04-06,US1NHGR0059,,,,US1NHGR0059,Spring,,,9.4,0.0,
2025-04-07,US1NHGR0059,,,,US1NHGR0059,Spring,,,0.0,0.0,
2025-04-08,US1NHGR0059,,,,US1NHGR0059,Spring,,,0.3,5.0,
2025-04-09,US1NHGR0059,,,,US1NHGR0059,Spring,,,1.5,0.0,
2025-04-10,US1NHGR0059,,,,US1NHGR0059,Spring,,,0.0,0.0,
2025-04-11,US1NHGR0059,,,,US1NHGR0059,Spring,,,1.3,0.0,
2025-04-12,US1NHGR0059,,,,US1NHGR0059,Spring,,,3.0,13.0,
2025-04-13,US1NHGR0059,,,,US1NHGR0059,Spring,,,7.4,0.0,
2025-04-14,US1NHGR0059,,,,US1NHGR0059,Spring,,,0.3,,
2025-04-15,US1NHGR0059,,,,US1NHGR0059,Spring,,,1.5,,
2025-04-16,US1NHGR0059,,,,US1NHGR0059,Spring,,,0.3,,
2025-04-17,US1NHGR0059,,,,US1NHGR0059,Spring,,,0.0,0.0,
2025-04-18,US1NHGR0059,,,,US1NHGR0059,Spring,,,0.0,0.0,
2025-04-19,US1NHGR0059,,,,US1NHGR0059,Spring,,,0.0,0.0,
2025-04-20,US1NHGR0059,,,,US1NHGR0059,Spring,,,0.5,,
2025-04-21,US1NHGR0059,,,,US1NHGR0059,Spring,,,0.0,0.0,
2025-04-22,US1NHGR0059,,,,US1NHGR0059,Spring,,,1.3,,
2025-04-23,US1NHGR0059,,,,US1NHGR0059,Spring,,,0.0,0.0,
2025-04-24,US1NHGR0059,,,,US1NHGR0059,Spring,,,0.0,0.0,
2025-04-25,US1NHGR0059,,,,US1NHGR0059,Spring,,,0.8,,
2025-04-26,US1NHGR0059,,,,US1NHGR0059,Spring,,,12.2,,
2025-03-30,US1NHHL0019,,,,US1NHHL0019,Spring,,,,,0.0
2025-03-31,US1NHHL0019,,,,US1NHHL0019,Spring,,,3.0,0.0,
2025-04-01,US1NHHL0019,,,,US1NHHL0019,Spring,,,8.9,0.0,
2025-04-02,US1NHHL0019,,,,US1NHHL0019,Spring,,,0.0,0.0,
2025-04-04,US1NHHL0019,,,,US1NHHL0019,Spring,,,,,0.0
2025-04-05,US1NHHL0019,,,,US1NHHL0019,Spring,,,0.0,0.0,
2025-04-08,US1NHHL0019,,,,US1NHHL0019,Spring,,,,,0.0
2025-04-09,US1NHHL0019,,,,US1NHHL0019,Spring,,,2.5,0.0,
2025-04-10,US1NHHL0019,,,,US1NHHL0019,Spring,,,0.0,0.0,
2025-04-13,US1NHHL0019,,,,US1NHHL0019,Spring,,,,,25.0
2025-04-14,US1NHHL0019,,,,US1NHHL0019,Spring,,,0.0,0.0,
2025-04-15,US1NHHL0019,,,,US1NHHL0019,Spring,,,0.5,0.0,
2025-04-16,US1NHHL0019,,,,US1NHHL0019,Spring,,,1.5,0.0,
2025-04-17,US1NHHL0019,,,,US1NHHL0019,Spring,,,0.0,0.0,
2025-04-18,US1NHHL0019,,,,US1NHHL0019,Spring,,,0.0,0.0,
2025-04-20,US1NHHL0019,,,,US1NHHL0019,Spring,,,0.0,0.0,
2025-04-21,US1NHHL0019,,,,US1NHHL0019,Spring,,,0.0,0.0,
2025-04-22,US1NHHL0019,,,,US1NHHL0019,Spring,,,4.3,0.0,
2025-04-23,US1NHHL0019,,,,US1NHHL0019,Spring,,,0.0,0.0,
2025-04-24,US1NHHL0019,,,,US1NHHL0019,Spring,,,0.0,0.0,
2025-04-25,US1NHHL0019,,,,US1NHHL0019,Spring,,,0.5,0.0,
2025-03-30,US1NHHL0025,,,,US1NHHL0025,Spring,,,12.7,,
2025-03-31,US1NHHL0025,,,,US1NHHL0025,Spring,,,2.5,,
2025-04-01,US1NHHL0025,,,,US1NHHL0025,Spring,,,10.4,,
2025-04-02,US1NHHL0025,,,,US1NHHL0025,Spring,,,0.0,0.0,
2025-04-04,US1NHHL0025,,,,US1NHHL0025,Spring,,,,,
2025-04-05,US1NHHL0025,,,,US1NHHL0025,Spring,,,0.0,0.0,
2025-04-07,US1NHHL0025,,,,US1NHHL0025,Spring,,,19.6,,
2025-04-08,US1NHHL0025,,,,US1NHHL0025,Spring,,,2.8,,
2025-04-09,US1NHHL0025,,,,US1NHHL0025,Spring,,,1.0,,
2025-04-10,US1NHHL0025,,,,US1NHHL0025,Spring,,,0.0,0.0,
2025-04-11,US1NHHL0025,,,,US1NHHL0025,Spring,,,3.3,,
2025-04-13,US1NHHL0025,,,,US1NHHL0025,Spring,,,,,
2025-04-14,US1NHHL0025,,,,US1NHHL0025,Spring,,,0.0,0.0,
2025-04-15,US1NHHL0025,,,,US1NHHL0025,Spring,,,1.0,,
2025-04-17,US1NHHL0025,,,,US1NHHL0025,Spring,,,0.0,0.0,
2025-04-18,US1NHHL0025,,,,US1NHHL0025,Spring,,,0.0,0.0,
2025-04-19,US1NHHL0025,,,,US1NHHL0025,Spring,,,0.0,0.0,
2025-04-20,US1NHHL0025,,,,US1NHHL0025,Spring,,,1.3,,
2025-04-21,US1NHHL0025,,,,US1NHHL0025,Spring,,,0.0,0.0,
2025-04-22,US1NHHL0025,,,,US1NHHL0025,Spring,,,3.3,,
2025-04-23,US1NHHL0025,,,,US1NHHL0025,Spring,,,0.0,0.0,
2025-04-24,US1NHHL0025,,,,US1NHHL0025,Spring,,,0.0,0.0,
2025-04-26,US1NHHL0025,,,,US1NHHL0025,Spring,,,14.7,,
2025-03-30,US1NHHL0048,,,,US1NHHL0048,Spring,,,7.6,,
2025-03-31,US1NHHL0048,,,,US1NHHL0048,Spring,,,2.5,,
2025-04-01,US1NHHL0048,,,,US1NHHL0048,Spring,,,9.1,,
2025-04-02,US1NHHL0048,,,,US1NHHL0048,Spring,,,0.0,0.0,
2025-04-03,US1NHHL0048,,,,US1NHHL0048,Spring,,,12.2,,
2025-04-04,US1NHHL0048,,,,US1NHHL0048,Spring,,,8.4,,
2025-04-05,US1NHHL0048,,,,US1NHHL0048,Spring,,,0.0,0.0,
2025-04-06,US1NHHL0048,,,,US1NHHL0048,Spring,,,17.5,,
2025-04-07,US1NHHL0048,,,,US1NHHL0048,Spring,,,2.3,18.0,25.0
2025-04-08,US1NHHL0048,,,,US1NHHL0048,Spring,,,4.8,13.0,13.0
2025-04-09,US1NHHL0048,,,,US1NHHL0048,Spring,,,1.5,13.0,
2025-04-10,US1NHHL0048,,,,US1NHHL0048,Spring,,,0.0,0.0,
2025-04-11,US1NHHL0048,,,,US1NHHL0048,Spring,,,4.6,36.0,
2025-04-12,US1NHHL0048,,,,US1NHHL0048,Spring,,,19.1,206.0,203.0
2025-04-13,US1NHHL0048,,,,US1NHHL0048,Spring,,,5.1,13.0,114.0
2025-04-14,US1NHHL0048,,,,US1NHHL0048,Spring,,,0.0,0.0,38.0
2025-04-15,US1NHHL0048,,,,US1NHHL0048,Spring,,,0.3,,
2025-04-16,US1NHHL0048,,,,US1NHHL0048,Spring,,,4.6,,
2025-04-17,US1NHHL0048,,,,US1NHHL0048,Spring,,,0.0,0.0,
2025-04-18,US1NHHL0048,,,,US1NHHL0048,Spring,,,0.0,0.0,
2025-04-19,US1NHHL0048,,,,US1NHHL0048,Spring,,,0.0,0.0,
2025-04-20,US1NHHL0048,,,,US1NHHL0048,Spring,,,0.0,0.0,
2025-04-21,US1NHHL0048,,,,US1NHHL0048,Spring,,,0.0,0.0,
2025-04-22,US1NHHL0048,,,,US1NHHL0048,Spring,,,3.0,,
2025-04-23,US1NHHL0048,,,,US1NHHL0048,Spring,,,0.0,0.0,
2025-04-24,US1NHHL0048,,,,US1NHHL0048,Spring,,,0.0,0.0,
2025-04-25,US1NHHL0048,,,,US1NHHL0048,Spring,,,1.0,,
2025-04-26,US1NHHL0048,,,,US1NHHL0048,Spring,,,15.5,,
2025-03-30,US1NHHL0049,,,,US1NHHL0049,Spring,,,9.7,,
2025-03-31,US1NHHL0049,,,,US1NHHL0049,Spring,,,1.3,,
2025-04-01,US1NHHL0049,,,,US1NHHL0049,Spring,,,8.9,,
2025-04-02,US1NHHL0049,,,,US1NHHL0049,Spring,,,0.0,0.0,
2025-04-03,US1NHHL0049,,,,US1NHHL0049,Spring,,,16.0,,
2025-04-04,US1NHHL0049,,,,US1NHHL0049,Spring,,,8.4,,
2025-04-05,US1NHHL0049,,,,US1NHHL0049,Spring,,,0.0,0.0,
2025-04-06,US1NHHL0049,,,,US1NHHL0049,Spring,,,13.7,,
2025-04-07,US1NHHL0049,,,,US1NHHL0049,Spring,,,2.0,0.0,
2025-04-08,US1NHHL0049,,,,US1NHHL0049,Spring,,,3.8,,
2025-04-09,US1NHHL0049,,,,US1NHHL0049,Spring,,,0.0,0.0,
2025-04-10,US1NHHL0049,,,,US1NHHL0049,Spring,,,0.0,0.0,
2025-04-11,US1NHHL0049,,,,US1NHHL0049,Spring,,,3.8,13.0,13.0
2025-04-12,US1NHHL0049,,,,US1NHHL0049,Spring,,,6.4,38.0,38.0
2025-04-13,US1NHHL0049,,,,US1NHHL0049,Spring,,,7.1,,25.0
2025-04-14,US1NHHL0049,,,,US1NHHL0049,Spring,,,0.5,,0.0
2025-04-15,US1NHHL0049,,,,US1NHHL0049,Spring,,,0.5,,
2025-04-16,US1NHHL0049,,,,US1NHHL0049,Spring,,,1.0,,0.0
2025-04-17,US1NHHL0049,,,,US1NHHL0049,Spring,,,0.0,0.0,
2025-04-18,US1NHHL0049,,,,US1NHHL0049,Spring,,,0.0,0.0,
2025-04-19,US1NHHL0049,,,,US1NHHL0049,Spring,,,0.0,0.0,
2025-04-20,US1NHHL0049,,,,US1NHHL0049,Spring,,,2.0,,
2025-04-21,US1NHHL0049,,,,US1NHHL0049,Spring,,,0.0,0.0,
2025-04-22,US1NHHL0049,,,,US1NHHL0049,Spring,,,3.0,,
2025-04-25,US1NHHL0049,,,,US1NHHL0049,Spring,,,1.8,,
2025-04-26,US1NHHL0049,,,,US1NHHL0049,Spring,,,12.2,,
2025-03-31,US1NHHL0068,,,,US1NHHL0068,Spring,,,10.7,,
2025-04-01,US1NHHL0068,,,,US1NHHL0068,Spring,,,10.2,,
2025-04-03,US1NHHL0068,,,,US1NHHL0068,Spring,,,13.7,,
2025-04-04,US1NHHL0068,,,,US1NHHL0068,Spring,,,4.6,,
2025-04-06,US1NHHL0068,,,,US1NHHL0068,Spring,,,14.7,,
2025-04-07,US1NHHL0068,,,,US1NHHL0068,Spring,,,3.8,,
2025-04-15,US1NHHL0068,,,,US1NHHL0068,Spring,,,1.3,,
2025-04-16,US1NHHL0068,,,,US1NHHL0068,Spring,,,1.8,,
2025-04-22,US1NHHL0068,,,,US1NHHL0068,Spring,,,5.1,,
2025-04-20,US1NHHL0077,,,,US1NHHL0077,Spring,,,2.0,,
2025-04-21,US1NHHL0077,,,,US1NHHL0077,Spring,,,0.0,0.0,
2025-04-22,US1NHHL0077,,,,US1NHHL0077,Spring,,,3.8,,
2025-04-23,US1NHHL0077,,,,US1NHHL0077,Spring,,,0.0,0.0,
2025-04-24,US1NHHL0077,,,,US1NHHL0077,Spring,,,0.0,0.0,
2025-04-25,US1NHHL0077,,,,US1NHHL0077,Spring,,,2.3,,
2025-03-31,US1NHHL0096,,,,US1NHHL0096,Spring,,,,,0.0
2025-04-01,US1NHHL0096,,,,US1NHHL0096,Spring,,,11.9,0.0,
2025-04-02,US1NHHL0096,,,,US1NHHL0096,Spring,,,0.0,0.0,
2025-04-03,US1NHHL0096,,,,US1NHHL0096,Spring,,,17.5,0.0,
2025-04-04,US1NHHL0096,,,,US1NHHL0096,Spring,,,6.9,0.0,
2025-04-05,US1NHHL0096,,,,US1NHHL0096,Spring,,,0.0,0.0,
2025-04-06,US1NHHL0096,,,,US1NHHL0096,Spring,,,8.6,0.0,
2025-04-07,US1NHHL0096,,,,US1NHHL0096,Spring,,,6.1,0.0,
2025-04-08,US1NHHL0096,,,,US1NHHL0096,Spring,,,1.8,0.0,
2025-04-09,US1NHHL0096,,,,US1NHHL0096,Spring,,,2.3,0.0,
2025-04-10,US1NHHL0096,,,,US1NHHL0096,Spring,,,0.0,0.0,
2025-04-11,US1NHHL0096,,,,US1NHHL0096,Spring,,,2.0,0.0,
2025-04-12,US1NHHL0096,,,,US1NHHL0096,Spring,,,7.6,25.0,25.0
2025-04-13,US1NHHL0096,,,,US1NHHL0096,Spring,,,5.8,0.0,0.0
2025-04-14,US1NHHL0096,,,,US1NHHL0096,Spring,,,0.0,0.0,
2025-04-15,US1NHHL0096,,,,US1NHHL0096,Spring,,,1.8,0.0,
2025-04-16,US1NHHL0096,,,,US1NHHL0096,Spring,,,2.8,0.0,
2025-04-17,US1NHHL0096,,,,US1NHHL0096,Spring,,,0.0,0.0,
2025-04-18,US1NHHL0096,,,,US1NHHL0096,Spring,,,0.0,0.0,
2025-04-19,US1NHHL0096,,,,US1NHHL0096,Spring,,,0.0,0.0,
2025-04-20,US1NHHL0096,,,,US1NHHL0096,Spring,,,2.5,0.0,
2025-04-21,US1NHHL0096,,,,US1NHHL0096,Spring,,,0.0,0.0,
2025-04-22,US1NHHL0096,,,,US1NHHL0096,Spring,,,3.0,0.0,
2025-04-23,US1NHHL0096,,,,US1NHHL0096,Spring,,,0.0,0.0,
2025-04-24,US1NHHL0096,,,,US1NHHL0096,Spring,,,0.0,0.0,
2025-04-25,US1NHHL0096,,,,US1NHHL0096,Spring,,,1.0,0.0,
2025-04-26,US1NHHL0096,,,,US1NHHL0096,Spring,,,4.8,0.0,
2025-03-30,US1NHHL0100,,,,US1NHHL0100,Spring,,,5.1,0.0,
2025-03-31,US1NHHL0100,,,,US1NHHL0100,Spring,,,2.0,0.0,
2025-04-01,US1NHHL0100,,,,US1NHHL0100,Spring,,,9.1,0.0,
2025-04-02,US1NHHL0100,,,,US1NHHL0100,Spring,,,0.0,0.0,
2025-04-03,US1NHHL0100,,,,US1NHHL0100,Spring,,,11.4,0.0,
2025-04-04,US1NHHL0100,,,,US1NHHL0100,Spring,,,5.8,0.0,
2025-04-05,US1NHHL0100,,,,US1NHHL0100,Spring,,,0.0,0.0,
2025-04-06,US1NHHL0100,,,,US1NHHL0100,Spring,,,13.5,0.0,
2025-04-07,US1NHHL0100,,,,US1NHHL0100,Spring,,,5.6,3.0,
2025-04-08,US1NHHL0100,,,,US1NHHL0100,Spring,,,4.8,0.0,
2025-04-09,US1NHHL0100,,,,US1NHHL0100,Spring,,,1.8,0.0,
2025-04-10,US1NHHL0100,,,,US1NHHL0100,Spring,,,0.0,0.0,
2025-04-11,US1NHHL0100,,,,US1NHHL0100,Spring,,,4.1,13.0,
2025-04-12,US1NHHL0100,,,,US1NHHL0100,Spring,,,14.5,89.0,
2025-04-13,US1NHHL0100,,,,US1NHHL0100,Spring,,,3.8,13.0,
2025-04-14,US1NHHL0100,,,,US1NHHL0100,Spring,,,0.3,0.0,
2025-04-15,US1NHHL0100,,,,US1NHHL0100,Spring,,,0.5,0.0,
2025-04-16,US1NHHL0100,,,,US1NHHL0100,Spring,,,1.0,0.0,
2025-04-17,US1NHHL0100,,,,US1NHHL0100,Spring,,,0.0,0.0,
2025-04-18,US1NHHL0100,,,,US1NHHL0100,Spring,,,0.0,0.0,
2025-04-19,US1NHHL0100,,,,US1NHHL0100,Spring,,,0.0,0.0,
2025-04-20,US1NHHL0100,,,,US1NHHL0100,Spring,,,0.0,0.0,
2025-04-21,US1NHHL0100,,,,US1NHHL0100,Spring,,,0.0,0.0,
2025-04-22,US1NHHL0100,,,,US1NHHL0100,Spring,,,4.3,0.0,
2025-04-23,US1NHHL0100,,,,US1NHHL0100,Spring,,,0.0,0.0,
2025-04-24,US1NHHL0100,,,,US1NHHL0100,Spring,,,0.0,0.0,
2025-04-25,US1NHHL0100,,,,US1NHHL0100,Spring,,,0.5,0.0,
2025-04-26,US1NHHL0100,,,,US1NHHL0100,Spring,,,7.4,0.0,
2025-03-30,US1NHHL0103,,,,US1NHHL0103,Spring,,,12.2,,
2025-03-31,US1NHHL0103,,,,US1NHHL0103,Spring,,,3.3,,
2025-04-01,US1NHHL0103,,,,US1NHHL0103,Spring,,,9.9,,
2025-04-02,US1NHHL0103,,,,US1NHHL0103,Spring,,,0.0,0.0,
2025-04-03,US1NHHL0103,,,,US1NHHL0103,Spring,,,14.7,,
2025-04-05,US1NHHL0103,,,,US1NHHL0103,Spring,,,0.0,0.0,
2025-04-06,US1NHHL0103,,,,US1NHHL0103,Spring,,,14.5,,
2025-04-07,US1NHHL0103,,,,US1NHHL0103,Spring,,,5.6,0.0,0.0
2025-04-08,US1NHHL0103,,,,US1NHHL0103,Spring,,,4.6,,
2025-04-09,US1NHHL0103,,,,US1NHHL0103,Spring,,,2.3,,
2025-04-11,US1NHHL0103,,,,US1NHHL0103,Spring,,,4.1,0.0,0.0
2025-04-12,US1NHHL0103,,,,US1NHHL0103,Spring,,,9.9,127.0,127.0
2025-04-13,US1NHHL0103,,,,US1NHHL0103,Spring,,,13.5,89.0,
2025-04-14,US1NHHL0103,,,,US1NHHL0103,Spring,,,0.0,0.0,
2025-04-15,US1NHHL0103,,,,US1NHHL0103,Spring,,,0.5,,
2025-04-16,US1NHHL0103,,,,US1NHHL0103,Spring,,,4.1,,
2025-04-17,US1NHHL0103,,,,US1NHHL0103,Spring,,,0.0,0.0,
2025-04-20,US1NHHL0103,,,,US1NHHL0103,Spring,,,2.5,,
2025-04-21,US1NHHL0103,,,,US1NHHL0103,Spring,,,0.0,0.0,
2025-04-22,US1NHHL0103,,,,US1NHHL0103,Spring,,,2.5,,
2025-04-25,US1NHHL0103,,,,US1NHHL0103,Spring,,,2.3,,
2025-04-26,US1NHHL0103,,,,US1NHHL0103,Spring,,,13.5,,
2025-03-30,US1NHHL0108,,,,US1NHHL0108,Spring,,,3.6,,
2025-03-31,US1NHHL0108,,,,US1NHHL0108,Spring,,,5.8,,
2025-04-01,US1NHHL0108,,,,US1NHHL0108,Spring,,,3.3,,
2025-04-03,US1NHHL0108,,,,US1NHHL0108,Spring,,,14.2,,
2025-04-04,US1NHHL0108,,,,US1NHHL0108,Spring,,,9.4,,
2025-04-06,US1NHHL0108,,,,US1NHHL0108,Spring,,,10.4,,
2025-04-07,US1NHHL0108,,,,US1NHHL0108,Spring,,,,3.0,
2025-04-08,US1NHHL0108,,,,US1NHHL0108,Spring,,,,8.0,
2025-04-09,US1NHHL0108,,,,US1NHHL0108,Spring,,,1.0,,
2025-04-11,US1NHHL0108,,,,US1NHHL0108,Spring,,,,5.0,
2025-04-12,US1NHHL0108,,,,US1NHHL0108,Spring,,,,48.0,
2025-04-13,US1NHHL0108,,,,US1NHHL0108,Spring,,,,97.0,64.0
2025-04-14,US1NHHL0108,,,,US1NHHL0108,Spring,,,,,0.0
2025-04-15,US1NHHL0108,,,,US1NHHL0108,Spring,,,5.3,,
2025-04-16,US1NHHL0108,,,,US1NHHL0108,Spring,,,1.3,,
2025-04-20,US1NHHL0108,,,,US1NHHL0108,Spring,,,2.0,,
2025-04-22,US1NHHL0108,,,,US1NHHL0108,Spring,,,4.1,,
2025-04-25,US1NHHL0108,,,,US1NHHL0108,Spring,,,3.8,,
2025-04-26,US1NHHL0108,,,,US1NHHL0108,Spring,,,9.4,,
2025-03-30,US1NHMR0004,,,,US1NHMR0004,Spring,,,14.5,3.0,0.0
2025-03-31,US1NHMR0004,,,,US1NHMR0004,Spring,,,5.1,0.0,0.0
2025-04-01,US1NHMR0004,,,,US1NHMR0004,Spring,,,7.9,0.0,0.0
2025-04-02,US1NHMR0004,,,,US1NHMR0004,Spring,,,0.0,0.0,0.0
2025-04-03,US1NHMR0004,,,,US1NHMR0004,Spring,,,15.5,3.0,0.0
2025-04-04,US1NHMR0004,,,,US1NHMR0004,Spring,,,7.1,0.0,0.0
2025-04-05,US1NHMR0004,,,,US1NHMR0004,Spring,,,0.0,0.0,0.0
2025-04-06,US1NHMR0004,,,,US1NHMR0004,Spring,,,8.6,0.0,0.0
2025-04-07,US1NHMR0004,,,,US1NHMR0004,Spring,,,4.3,0.0,0.0
2025-04-08,US1NHMR0004,,,,US1NHMR0004,Spring,,,2.3,3.0,0.0
2025-04-09,US1NHMR0004,,,,US1NHMR0004,Spring,,,1.5,0.0,0.0
2025-04-10,US1NHMR0004,,,,US1NHMR0004,Spring,,,0.0,0.0,0.0
2025-04-11,US1NHMR0004,,,,US1NHMR0004,Spring,,,1.8,0.0,0.0
2025-04-12,US1NHMR0004,,,,US1NHMR0004,Spring,,,7.4,53.0,51.0
2025-04-13,US1NHMR0004,,,,US1NHMR0004,Spring,,,10.4,71.0,51.0
2025-04-14,US1NHMR0004,,,,US1NHMR0004,Spring,,,0.3,0.0,0.0
2025-04-15,US1NHMR0004,,,,US1NHMR0004,Spring,,,6.9,0.0,0.0
2025-04-16,US1NHMR0004,,,,US1NHMR0004,Spring,,,0.5,0.0,0.0
2025-04-17,US1NHMR0004,,,,US1NHMR0004,Spring,,,0.0,0.0,0.0
2025-04-18,US1NHMR0004,,,,US1NHMR0004,Spring,,,0.0,0.0,0.0
2025-04-19,US1NHMR0004,,,,US1NHMR0004,Spring,,,0.0,0.0,0.0
2025-04-20,US1NHMR0004,,,,US1NHMR0004,Spring,,,0.8,0.0,0.0
2025-04-21,US1NHMR0004,,,,US1NHMR0004,Spring,,,0.0,0.0,0.0
2025-04-22,US1NHMR0004,,,,US1NHMR0004,Spring,,,3.8,0.0,0.0
2025-04-23,US1NHMR0004,,,,US1NHMR0004,Spring,,,0.0,0.0,0.0
2025-04-24,US1NHMR0004,,,,US1NHMR0004,Spring,,,0.0,0.0,0.0
2025-04-25,US1NHMR0004,,,,US1NHMR0004,Spring,,,1.5,0.0,0.0
2025-03-30,US1NHMR0006,,,,US1NHMR0006,Spring,,,11.7,0.0,13.0
2025-03-31,US1NHMR0006,,,,US1NHMR0006,Spring,,,14.7,0.0,25.0
2025-04-01,US1NHMR0006,,,,US1NHMR0006,Spring,,,17.3,0.0,0.0
2025-04-02,US1NHMR0006,,,,US1NHMR0006,Spring,,,0.0,0.0,0.0
2025-04-03,US1NHMR0006,,,,US1NHMR0006,Spring,,,10.7,20.0,13.0
2025-04-04,US1NHMR0006,,,,US1NHMR0006,Spring,,,0.0,0.0,0.0
2025-04-05,US1NHMR0006,,,,US1NHMR0006,Spring,,,0.0,0.0,0.0
2025-04-06,US1NHMR0006,,,,US1NHMR0006,Spring,,,10.9,0.0,0.0
2025-04-07,US1NHMR0006,,,,US1NHMR0006,Spring,,,1.3,0.0,0.0
2025-04-08,US1NHMR0006,,,,US1NHMR0006,Spring,,,0.8,15.0,13.0
2025-04-09,US1NHMR0006,,,,US1NHMR0006,Spring,,,0.0,0.0,0.0
2025-04-10,US1NHMR0006,,,,US1NHMR0006,Spring,,,0.0,0.0,0.0
2025-04-11,US1NHMR0006,,,,US1NHMR0006,Spring,,,1.5,0.0,0.0
2025-04-12,US1NHMR0006,,,,US1NHMR0006,Spring,,,7.1,91.0,89.0
2025-04-13,US1NHMR0006,,,,US1NHMR0006,Spring,,,7.1,56.0,51.0
2025-04-14,US1NHMR0006,,,,US1NHMR0006,Spring,,,0.0,0.0,0.0
2025-04-15,US1NHMR0006,,,,US1NHMR0006,Spring,,,3.8,0.0,0.0
2025-04-16,US1NHMR0006,,,,US1NHMR0006,Spring,,,0.0,0.0,0.0
2025-04-17,US1NHMR0006,,,,US1NHMR0006,Spring,,,0.0,0.0,0.0
2025-04-18,US1NHMR0006,,,,US1NHMR0006,Spring,,,0.0,0.0,0.0
2025-04-19,US1NHMR0006,,,,US1NHMR0006,Spring,,,0.0,0.0,0.0
2025-04-20,US1NHMR0006,,,,US1NHMR0006,Spring,,,0.0,0.0,0.0
2025-04-21,US1NHMR0006,,,,US1NHMR0006,Spring,,,0.0,0.0,0.0
2025-04-22,US1NHMR0006,,,,US1NHMR0006,Spring,,,4.3,0.0,0.0
2025-04-23,US1NHMR0006,,,,US1NHMR0006,Spring,,,0.0,0.0,0.0
2025-04-24,US1NHMR0006,,,,US1NHMR0006,Spring,,,0.0,0.0,0.0
2025-04-25,US1NHMR0006,,,,US1NHMR0006,Spring,,,1.8,0.0,0.0
2025-04-26,US1NHMR0006,,,,US1NHMR0006,Spring,,,11.4,0.0,0.0
2025-03-30,US1NHMR0009,,,,US1NHMR0009,Spring,,,9.9,0.0,
2025-03-31,US1NHMR0009,,,,US1NHMR0009,Spring,,,6.4,0.0,
2025-04-01,US1NHMR0009,,,,US1NHMR0009,Spring,,,6.1,0.0,
2025-04-02,US1NHMR0009,,,,US1NHMR0009,Spring,,,0.0,0.0,
2025-04-03,US1NHMR0009,,,,US1NHMR0009,Spring,,,12.4,0.0,
2025-04-04,US1NHMR0009,,,,US1NHMR0009,Spring,,,5.3,0.0,
2025-04-05,US1NHMR0009,,,,US1NHMR0009,Spring,,,0.0,0.0,
2025-04-06,US1NHMR0009,,,,US1NHMR0009,Spring,,,8.6,0.0,
2025-04-07,US1NHMR0009,,,,US1NHMR0009,Spring,,,3.6,0.0,
2025-04-08,US1NHMR0009,,,,US1NHMR0009,Spring,,,1.0,0.0,
2025-04-09,US1NHMR0009,,,,US1NHMR0009,Spring,,,1.0,0.0,
2025-04-10,US1NHMR0009,,,,US1NHMR0009,Spring,,,0.0,0.0,
2025-04-11,US1NHMR0009,,,,US1NHMR0009,Spring,,,1.3,0.0,
2025-04-12,US1NHMR0009,,,,US1NHMR0009,Spring,,,4.1,15.0,
2025-04-13,US1NHMR0009,,,,US1NHMR0009,Spring,,,11.4,48.0,
2025-04-14,US1NHMR0009,,,,US1NHMR0009,Spring,,,0.0,0.0,
2025-04-15,US1NHMR0009,,,,US1NHMR0009,Spring,,,7.6,0.0,
2025-04-16,US1NHMR0009,,,,US1NHMR0009,Spring,,,0.0,0.0,
2025-04-18,US1NHMR0009,,,,US1NHMR0009,Spring,,,0.0,0.0,
2025-04-19,US1NHMR0009,,,,US1NHMR0009,Spring,,,0.0,0.0,
2025-04-20,US1NHMR0009,,,,US1NHMR0009,Spring,,,0.8,0.0,
2025-04-21,US1NHMR0009,,,,US1NHMR0009,Spring,,,0.0,0.0,
2025-04-22,US1NHMR0009,,,,US1NHMR0009,Spring,,,3.6,0.0,
2025-04-23,US1NHMR0009,,,,US1NHMR0009,Spring,,,0.0,0.0,
2025-04-24,US1NHMR0009,,,,US1NHMR0009,Spring,,,0.0,0.0,
2025-04-25,US1NHMR0009,,,,US1NHMR0009,Spring,,,1.0,0.0,
2025-04-26,US1NHMR0009,,,,US1NHMR0009,Spring,,,7.9,0.0,
2025-03-30,US1NHMR0015,,,,US1NHMR0015,Spring,,,15.0,,
2025-03-31,US1NHMR0015,,,,US1NHMR0015,Spring,,,5.1,,0.0
2025-04-01,US1NHMR0015,,,,US1NHMR0015,Spring,,,5.1,,
2025-04-02,US1NHMR0015,,,,US1NHMR0015,Spring,,,0.0,0.0,
2025-04-03,US1NHMR0015,,,,US1NHMR0015,Spring,,,23.6,,
2025-04-06,US1NHMR0015,,,,US1NHMR0015,Spring,,,,,
2025-04-07,US1NHMR0015,,,,US1NHMR0015,Spring,,,2.5,0.0,0.0
2025-04-09,US1NHMR0015,,,,US1NHMR0015,Spring,,,,,
2025-04-10,US1NHMR0015,,,,US1NHMR0015,Spring,,,0.0,0.0,
2025-04-11,US1NHMR0015,,,,US1NHMR0015,Spring,,,2.0,5.0,
2025-04-12,US1NHMR0015,,,,US1NHMR0015,Spring,,,10.7,145.0,
2025-04-13,US1NHMR0015,,,,US1NHMR0015,Spring,,,9.4,,
2025-04-14,US1NHMR0015,,,,US1NHMR0015,Spring,,,0.0,0.0,
2025-04-15,US1NHMR0015,,,,US1NHMR0015,Spring,,,5.8,,
2025-04-16,US1NHMR0015,,,,US1NHMR0015,Spring,,,0.5,,
2025-04-17,US1NHMR0015,,,,US1NHMR0015,Spring,,,0.0,0.0,
2025-04-18,US1NHMR0015,,,,US1NHMR0015,Spring,,,0.0,0.0,
2025-04-19,US1NHMR0015,,,,US1NHMR0015,Spring,,,0.0,0.0,
2025-04-20,US1NHMR0015,,,,US1NHMR0015,Spring,,,0.0,0.0,
2025-04-21,US1NHMR0015,,,,US1NHMR0015,Spring,,,0.0,0.0,
2025-04-22,US1NHMR0015,,,,US1NHMR0015,Spring,,,3.6,,
2025-04-23,US1NHMR0015,,,,US1NHMR0015,Spring,,,0.0,0.0,
2025-04-24,US1NHMR0015,,,,US1NHMR0015,Spring,,,0.0,0.0,
2025-04-25,US1NHMR0015,,,,US1NHMR0015,Spring,,,2.3,,
2025-04-26,US1NHMR0015,,,,US1NHMR0015,Spring,,,22.1,,
2025-04-03,US1NHMR0017,,,,US1NHMR0017,Spring,,,11.2,,
2025-04-04,US1NHMR0017,,,,US1NHMR0017,Spring,,,6.4,,
2025-04-05,US1NHMR0017,,,,US1NHMR0017,Spring,,,0.0,0.0,
2025-04-06,US1NHMR0017,,,,US1NHMR0017,Spring,,,7.4,,
2025-04-07,US1NHMR0017,,,,US1NHMR0017,Spring,,,5.1,,
2025-04-08,US1NHMR0017,,,,US1NHMR0017,Spring,,,1.0,,
2025-04-09,US1NHMR0017,,,,US1NHMR0017,Spring,,,1.5,,
2025-04-10,US1NHMR0017,,,,US1NHMR0017,Spring,,,0.0,0.0,
2025-04-11,US1NHMR0017,,,,US1NHMR0017,Spring,,,1.3,,
2025-04-12,US1NHMR0017,,,,US1NHMR0017,Spring,,,6.9,13.0,
2025-04-13,US1NHMR0017,,,,US1NHMR0017,Spring,,,5.8,,
2025-04-14,US1NHMR0017,,,,US1NHMR0017,Spring,,,0.0,,
2025-04-15,US1NHMR0017,,,,US1NHMR0017,Spring,,,7.1,,
2025-04-20,US1NHMR0017,,,,US1NHMR0017,Spring,,,0.8,,
2025-04-22,US1NHMR0017,,,,US1NHMR0017,Spring,,,4.1,,
2025-04-26,US1NHMR0017,,,,US1NHMR0017,Spring,,,8.9,,
2025-03-30,US1NHMR0025,,,,US1NHMR0025,Spring,,,6.6,0.0,0.0
2025-03-31,US1NHMR0025,,,,US1NHMR0025,Spring,,,8.1,0.0,0.0
2025-04-01,US1NHMR0025,,,,US1NHMR0025,Spring,,,6.9,0.0,0.0
2025-04-02,US1NHMR0025,,,,US1NHMR0025,Spring,,,8.6,0.0,0.0
2025-04-03,US1NHMR0025,,,,US1NHMR0025,Spring,,,0.5,0.0,0.0
2025-04-04,US1NHMR0025,,,,US1NHMR0025,Spring,,,23.1,0.0,0.0
2025-04-05,US1NHMR0025,,,,US1NHMR0025,Spring,,,0.0,0.0,0.0
2025-04-06,US1NHMR0025,,,,US1NHMR0025,Spring,,,8.6,0.0,0.0
2025-04-07,US1NHMR0025,,,,US1NHMR0025,Spring,,,7.1,0.0,0.0
2025-04-08,US1NHMR0025,,,,US1NHMR0025,Spring,,,1.0,0.0,0.0
2025-04-09,US1NHMR0025,,,,US1NHMR0025,Spring,,,3.0,0.0,0.0
2025-04-10,US1NHMR0025,,,,US1NHMR0025,Spring,,,0.0,0.0,0.0
2025-04-11,US1NHMR0025,,,,US1NHMR0025,Spring,,,0.0,0.0,0.0
2025-04-12,US1NHMR0025,,,,US1NHMR0025,Spring,,,2.5,0.0,0.0
2025-04-13,US1NHMR0025,,,,US1NHMR0025,Spring,,,9.9,51.0,51.0
2025-04-14,US1NHMR0025,,,,US1NHMR0025,Spring,,,5.6,0.0,0.0
2025-04-15,US1NHMR0025,,,,US1NHMR0025,Spring,,,0.0,0.0,0.0
2025-04-16,US1NHMR0025,,,,US1NHMR0025,Spring,,,13.5,0.0,0.0
2025-04-17,US1NHMR0025,,,,US1NHMR0025,Spring,,,0.0,0.0,0.0
2025-04-18,US1NHMR0025,,,,US1NHMR0025,Spring,,,0.0,0.0,0.0
2025-04-19,US1NHMR0025,,,,US1NHMR0025,Spring,,,0.0,0.0,0.0
2025-04-20,US1NHMR0025,,,,US1NHMR0025,Spring,,,5.1,0.0,0.0
2025-04-21,US1NHMR0025,,,,US1NHMR0025,Spring,,,0.0,0.0,0.0
2025-04-22,US1NHMR0025,,,,US1NHMR0025,Spring,,,0.0,0.0,0.0
2025-04-23,US1NHMR0025,,,,US1NHMR0025,Spring,,,4.6,0.0,0.0
2025-04-24,US1NHMR0025,,,,US1NHMR0025,Spring,,,0.0,0.0,0.0
2025-04-25,US1NHMR0025,,,,US1NHMR0025,Spring,,,2.0,0.0,0.0
2025-04-26,US1NHMR0025,,,,US1NHMR0025,Spring,,,0.0,0.0,0.0
2025-03-30,US1NHMR0043,,,,US1NHMR0043,Spring,,,13.5,,
2025-03-31,US1NHMR0043,,,,US1NHMR0043,Spring,,,3.6,,
2025-04-01,US1NHMR0043,,,,US1NHMR0043,Spring,,,4.1,,
2025-04-02,US1NHMR0043,,,,US1NHMR0043,Spring,,,0.0,,
2025-04-03,US1NHMR0043,,,,US1NHMR0043,Spring,,,14.5,,
2025-04-04,US1NHMR0043,,,,US1NHMR0043,Spring,,,5.6,,
2025-04-05,US1NHMR0043,,,,US1NHMR0043,Spring,,,0.0,0.0,
2025-04-06,US1NHMR0043,,,,US1NHMR0043,Spring,,,8.6,,
2025-04-07,US1NHMR0043,,,,US1NHMR0043,Spring,,,4.6,,
2025-04-08,US1NHMR0043,,,,US1NHMR0043,Spring,,,1.5,,
2025-04-09,US1NHMR0043,,,,US1NHMR0043,Spring,,,2.5,,
2025-04-10,US1NHMR0043,,,,US1NHMR0043,Spring,,,0.0,0.0,
2025-04-11,US1NHMR0043,,,,US1NHMR0043,Spring,,,1.8,,
2025-04-12,US1NHMR0043,,,,US1NHMR0043,Spring,,,6.1,25.0,25.0
2025-04-13,US1NHMR0043,,,,US1NHMR0043,Spring,,,9.4,,0.0
2025-04-14,US1NHMR0043,,,,US1NHMR0043,Spring,,,0.0,,
2025-04-15,US1NHMR0043,,,,US1NHMR0043,Spring,,,7.4,,
2025-04-16,US1NHMR0043,,,,US1NHMR0043,Spring,,,0.0,,
2025-04-17,US1NHMR0043,,,,US1NHMR0043,Spring,,,0.0,0.0,
2025-04-18,US1NHMR0043,,,,US1NHMR0043,Spring,,,0.0,0.0,
2025-04-19,US1NHMR0043,,,,US1NHMR0043,Spring,,,0.0,,
2025-04-20,US1NHMR0043,,,,US1NHMR0043,Spring,,,4.1,,
2025-04-21,US1NHMR0043,,,,US1NHMR0043,Spring,,,0.0,0.0,
2025-04-22,US1NHMR0043,,,,US1NHMR0043,Spring,,,4.1,,
2025-04-23,US1NHMR0043,,,,US1NHMR0043,Spring,,,0.0,0.0,
2025-04-24,US1NHMR0043,,,,US1NHMR0043,Spring,,,0.0,0.0,
2025-04-25,US1NHMR0043,,,,US1NHMR0043,Spring,,,1.0,,
2025-04-26,US1NHMR0043,,,,US1NHMR0043,Spring,,,8.9,,
2025-03-30,US1NHMR0045,,,,US1NHMR0045,Spring,,,11.2,0.0,0.0
2025-03-31,US1NHMR0045,,,,US1NHMR0045,Spring,,,8.4,0.0,0.0
2025-04-01,US1NHMR0045,,,,US1NHMR0045,Spring,,,2.5,0.0,0.0
2025-04-02,US1NHMR0045,,,,US1NHMR0045,Spring,,,0.0,0.0,0.0
2025-04-03,US1NHMR0045,,,,US1NHMR0045,Spring,,,9.9,5.0,5.0
2025-04-04,US1NHMR0045,,,,US1NHMR0045,Spring,,,3.8,0.0,0.0
2025-04-05,US1NHMR0045,,,,US1NHMR0045,Spring,,,0.0,0.0,0.0
2025-04-06,US1NHMR0045,,,,US1NHMR0045,Spring,,,9.7,0.0,0.0
2025-04-07,US1NHMR0045,,,,US1NHMR0045,Spring,,,3.0,0.0,0.0
2025-04-08,US1NHMR0045,,,,US1NHMR0045,Spring,,,0.8,8.0,8.0
2025-04-09,US1NHMR0045,,,,US1NHMR0045,Spring,,,1.8,18.0,0.0
2025-04-10,US1NHMR0045,,,,US1NHMR0045,Spring,,,0.0,0.0,0.0
2025-04-11,US1NHMR0045,,,,US1NHMR0045,Spring,,,0.8,0.0,0.0
2025-04-12,US1NHMR0045,,,,US1NHMR0045,Spring,,,1.3,13.0,13.0
2025-04-13,US1NHMR0045,,,,US1NHMR0045,Spring,,,8.6,76.0,13.0
2025-04-15,US1NHMR0045,,,,US1NHMR0045,Spring,,,5.8,0.0,0.0
2025-04-16,US1NHMR0045,,,,US1NHMR0045,Spring,,,0.3,0.0,0.0
2025-04-17,US1NHMR0045,,,,US1NHMR0045,Spring,,,0.0,0.0,0.0
2025-04-18,US1NHMR0045,,,,US1NHMR0045,Spring,,,0.0,0.0,0.0
2025-04-19,US1NHMR0045,,,,US1NHMR0045,Spring,,,0.3,0.0,0.0
2025-04-20,US1NHMR0045,,,,US1NHMR0045,Spring,,,0.8,0.0,0.0
2025-04-21,US1NHMR0045,,,,US1NHMR0045,Spring,,,0.0,0.0,0.0
2025-04-22,US1NHMR0045,,,,US1NHMR0045,Spring,,,3.0,0.0,0.0
2025-04-23,US1NHMR0045,,,,US1NHMR0045,Spring,,,0.0,0.0,0.0
2025-04-24,US1NHMR0045,,,,US1NHMR0045,Spring,,,0.0,0.0,0.0
2025-04-25,US1NHMR0045,,,,US1NHMR0045,Spring,,,1.5,0.0,0.0
2025-04-26,US1NHMR0045,,,,US1NHMR0045,Spring,,,4.3,0.0,0.0
2025-03-30,US1NHMR0047,,,,US1NHMR0047,Spring,,,16.3,0.0,
2025-03-31,US1NHMR0047,,,,US1NHMR0047,Spring,,,2.5,,
2025-04-01,US1NHMR0047,,,,US1NHMR0047,Spring,,,9.4,0.0,
2025-04-02,US1NHMR0047,,,,US1NHMR0047,Spring,,,0.0,0.0,
2025-04-03,US1NHMR0047,,,,US1NHMR0047,Spring,,,19.3,8.0,
2025-04-04,US1NHMR0047,,,,US1NHMR0047,Spring,,,3.3,,
2025-04-05,US1NHMR0047,,,,US1NHMR0047,Spring,,,0.0,0.0,
2025-04-06,US1NHMR0047,,,,US1NHMR0047,Spring,,,10.9,,
2025-04-07,US1NHMR0047,,,,US1NHMR0047,Spring,,,3.8,0.0,
2025-04-08,US1NHMR0047,,,,US1NHMR0047,Spring,,,1.8,0.0,
2025-04-09,US1NHMR0047,,,,US1NHMR0047,Spring,,,1.5,0.0,
2025-04-10,US1NHMR0047,,,,US1NHMR0047,Spring,,,0.0,0.0,
2025-04-11,US1NHMR0047,,,,US1NHMR0047,Spring,,,2.0,0.0,
2025-04-12,US1NHMR0047,,,,US1NHMR0047,Spring,,,12.7,94.0,94.0
2025-04-13,US1NHMR0047,,,,US1NHMR0047,Spring,,,2.5,0.0,13.0
2025-04-14,US1NHMR0047,,,,US1NHMR0047,Spring,,,0.0,0.0,0.0
2025-04-15,US1NHMR0047,,,,US1NHMR0047,Spring,,,5.8,,
2025-04-16,US1NHMR0047,,,,US1NHMR0047,Spring,,,3.0,,
2025-04-17,US1NHMR0047,,,,US1NHMR0047,Spring,,,0.0,,
2025-04-18,US1NHMR0047,,,,US1NHMR0047,Spring,,,0.0,0.0,
2025-04-19,US1NHMR0047,,,,US1NHMR0047,Spring,,,0.0,0.0,
2025-04-20,US1NHMR0047,,,,US1NHMR0047,Spring,,,1.3,,
2025-04-22,US1NHMR0047,,,,US1NHMR0047,Spring,,,4.6,,
2025-04-23,US1NHMR0047,,,,US1NHMR0047,Spring,,,0.3,,
2025-04-24,US1NHMR0047,,,,US1NHMR0047,Spring,,,0.0,0.0,
2025-04-25,US1NHMR0047,,,,US1NHMR0047,Spring,,,1.8,,
2025-04-26,US1NHMR0047,,,,US1NHMR0047,Spring,,,17.5,,
2025-03-30,US1NHMR0051,,,,US1NHMR0051,Spring,,,16.3,0.0,
2025-03-31,US1NHMR0051,,,,US1NHMR0051,Spring,,,3.3,,
2025-04-01,US1NHMR0051,,,,US1NHMR0051,Spring,,,3.6,,
2025-04-02,US1NHMR0051,,,,US1NHMR0051,Spring,,,0.0,0.0,
2025-04-03,US1NHMR0051,,,,US1NHMR0051,Spring,,,13.2,0.0,
2025-04-04,US1NHMR0051,,,,US1NHMR0051,Spring,,,5.3,,
2025-04-05,US1NHMR0051,,,,US1NHMR0051,Spring,,,0.0,0.0,
2025-04-06,US1NHMR0051,,,,US1NHMR0051,Spring,,,13.0,,
2025-04-07,US1NHMR0051,,,,US1NHMR0051,Spring,,,1.0,0.0,
2025-04-08,US1NHMR0051,,,,US1NHMR0051,Spring,,,1.3,0.0,
2025-04-09,US1NHMR0051,,,,US1NHMR0051,Spring,,,0.8,0.0,
2025-04-10,US1NHMR0051,,,,US1NHMR0051,Spring,,,0.0,0.0,
2025-04-11,US1NHMR0051,,,,US1NHMR0051,Spring,,,2.3,,
2025-04-12,US1NHMR0051,,,,US1NHMR0051,Spring,,,11.9,102.0,
2025-04-13,US1NHMR0051,,,,US1NHMR0051,Spring,,,3.3,,
2025-04-14,US1NHMR0051,,,,US1NHMR0051,Spring,,,0.0,,
2025-04-15,US1NHMR0051,,,,US1NHMR0051,Spring,,,7.1,,
2025-04-16,US1NHMR0051,,,,US1NHMR0051,Spring,,,0.0,,
2025-04-17,US1NHMR0051,,,,US1NHMR0051,Spring,,,0.0,,
2025-04-18,US1NHMR0051,,,,US1NHMR0051,Spring,,,0.0,0.0,
2025-04-19,US1NHMR0051,,,,US1NHMR0051,Spring,,,0.0,,
2025-04-20,US1NHMR0051,,,,US1NHMR0051,Spring,,,2.3,,
2025-04-21,US1NHMR0051,,,,US1NHMR0051,Spring,,,0.0,0.0,
2025-04-22,US1NHMR0051,,,,US1NHMR0051,Spring,,,4.3,,
2025-04-23,US1NHMR0051,,,,US1NHMR0051,Spring,,,0.0,0.0,
2025-04-24,US1NHMR0051,,,,US1NHMR0051,Spring,,,0.0,0.0,
2025-04-25,US1NHMR0051,,,,US1NHMR0051,Spring,,,0.8,,
2025-04-26,US1NHMR0051,,,,US1NHMR0051,Spring,,,11.7,,
2025-03-30,US1NHMR0055,,,,US1NHMR0055,Spring,,,11.7,0.0,0.0
2025-03-31,US1NHMR0055,,,,US1NHMR0055,Spring,,,6.6,0.0,0.0
2025-04-01,US1NHMR0055,,,,US1NHMR0055,Spring,,,5.1,0.0,0.0
2025-04-02,US1NHMR0055,,,,US1NHMR0055,Spring,,,0.0,0.0,0.0
2025-04-03,US1NHMR0055,,,,US1NHMR0055,Spring,,,15.5,0.0,0.0
2025-04-04,US1NHMR0055,,,,US1NHMR0055,Spring,,,4.8,0.0,0.0
2025-04-05,US1NHMR0055,,,,US1NHMR0055,Spring,,,0.0,0.0,0.0
2025-04-06,US1NHMR0055,,,,US1NHMR0055,Spring,,,9.9,0.0,0.0
2025-04-07,US1NHMR0055,,,,US1NHMR0055,Spring,,,3.8,0.0,0.0
2025-04-08,US1NHMR0055,,,,US1NHMR0055,Spring,,,1.8,0.0,0.0
2025-04-09,US1NHMR0055,,,,US1NHMR0055,Spring,,,2.8,0.0,0.0
2025-04-10,US1NHMR0055,,,,US1NHMR0055,Spring,,,0.0,0.0,0.0
2025-04-11,US1NHMR0055,,,,US1NHMR0055,Spring,,,1.0,0.0,0.0
2025-04-12,US1NHMR0055,,,,US1NHMR0055,Spring,,,4.8,25.0,25.0
2025-04-13,US1NHMR0055,,,,US1NHMR0055,Spring,,,8.6,0.0,0.0
2025-04-14,US1NHMR0055,,,,US1NHMR0055,Spring,,,0.0,0.0,0.0
2025-04-15,US1NHMR0055,,,,US1NHMR0055,Spring,,,6.6,0.0,0.0
2025-04-16,US1NHMR0055,,,,US1NHMR0055,Spring,,,0.0,0.0,0.0
2025-04-17,US1NHMR0055,,,,US1NHMR0055,Spring,,,0.0,0.0,0.0
2025-04-18,US1NHMR0055,,,,US1NHMR0055,Spring,,,0.0,0.0,0.0
2025-04-19,US1NHMR0055,,,,US1NHMR0055,Spring,,,0.0,0.0,0.0
2025-04-20,US1NHMR0055,,,,US1NHMR0055,Spring,,,4.8,0.0,0.0
2025-04-21,US1NHMR0055,,,,US1NHMR0055,Spring,,,0.0,0.0,0.0
2025-04-22,US1NHMR0055,,,,US1NHMR0055,Spring,,,4.8,0.0,
2025-04-23,US1NHMR0055,,,,US1NHMR0055,Spring,,,0.0,0.0,0.0
2025-04-24,US1NHMR0055,,,,US1NHMR0055,Spring,,,0.0,0.0,0.0
2025-04-25,US1NHMR0055,,,,US1NHMR0055,Spring,,,1.3,0.0,0.0
2025-04-26,US1NHMR0055,,,,US1NHMR0055,Spring,,,7.9,0.0,0.0
2025-03-30,US1NHMR0060,,,,US1NHMR0060,Spring,,,17.0,0.0,76.0
2025-03-31,US1NHMR0060,,,,US1NHMR0060,Spring,,,4.1,,76.0
2025-04-01,US1NHMR0060,,,,US1NHMR0060,Spring,,,1.5,,76.0
2025-04-02,US1NHMR0060,,,,US1NHMR0060,Spring,,,0.0,0.0,76.0
2025-04-03,US1NHMR0060,,,,US1NHMR0060,Spring,,,10.4,8.0,76.0
2025-04-04,US1NHMR0060,,,,US1NHMR0060,Spring,,,7.6,,76.0
2025-04-05,US1NHMR0060,,,,US1NHMR0060,Spring,,,0.0,0.0,38.0
2025-04-06,US1NHMR0060,,,,US1NHMR0060,Spring,,,10.7,,25.0
2025-04-07,US1NHMR0060,,,,US1NHMR0060,Spring,,,0.5,0.0,25.0
2025-04-08,US1NHMR0060,,,,US1NHMR0060,Spring,,,1.3,8.0,25.0
2025-04-09,US1NHMR0060,,,,US1NHMR0060,Spring,,,1.3,5.0,25.0
2025-04-10,US1NHMR0060,,,,US1NHMR0060,Spring,,,0.0,0.0,13.0
2025-04-11,US1NHMR0060,,,,US1NHMR0060,Spring,,,2.3,0.0,13.0
2025-04-12,US1NHMR0060,,,,US1NHMR0060,Spring,,,5.6,58.0,64.0
2025-04-13,US1NHMR0060,,,,US1NHMR0060,Spring,,,6.1,43.0,25.0
2025-04-14,US1NHMR0060,,,,US1NHMR0060,Spring,,,0.0,0.0,0.0
2025-04-15,US1NHMR0060,,,,US1NHMR0060,Spring,,,6.4,,0.0
2025-04-16,US1NHMR0060,,,,US1NHMR0060,Spring,,,0.5,,0.0
2025-04-17,US1NHMR0060,,,,US1NHMR0060,Spring,,,0.0,0.0,0.0
2025-04-18,US1NHMR0060,,,,US1NHMR0060,Spring,,,0.0,0.0,0.0
2025-04-19,US1NHMR0060,,,,US1NHMR0060,Spring,,,0.0,0.0,
2025-04-20,US1NHMR0060,,,,US1NHMR0060,Spring,,,2.3,,
2025-04-21,US1NHMR0060,,,,US1NHMR0060,Spring,,,0.0,0.0,
2025-04-22,US1NHMR0060,,,,US1NHMR0060,Spring,,,3.8,,
2025-04-23,US1NHMR0060,,,,US1NHMR0060,Spring,,,0.0,0.0,
2025-04-25,US1NHMR0060,,,,US1NHMR0060,Spring,,,1.0,,
2025-04-26,US1NHMR0060,,,,US1NHMR0060,Spring,,,13.7,,
2025-04-22,US1NHMR0062,,,,US1NHMR0062,Spring,,,5.8,,
2025-04-25,US1NHMR0062,,,,US1NHMR0062,Spring,,,4.6,,
2025-03-30,US1NHMR0063,,,,US1NHMR0063,Spring,,,13.7,0.0,0.0
2025-03-31,US1NHMR0063,,,,US1NHMR0063,Spring,,,7.9,0.0,0.0
2025-04-01,US1NHMR0063,,,,US1NHMR0063,Spring,,,1.5,0.0,
2025-04-02,US1NHMR0063,,,,US1NHMR0063,Spring,,,0.0,0.0,
2025-04-03,US1NHMR0063,,,,US1NHMR0063,Spring,,,16.3,5.0,
2025-04-04,US1NHMR0063,,,,US1NHMR0063,Spring,,,3.6,0.0,
2025-04-05,US1NHMR0063,,,,US1NHMR0063,Spring,,,0.0,0.0,
2025-04-07,US1NHMR0063,,,,US1NHMR0063,Spring,,,,,0.0
2025-04-08,US1NHMR0063,,,,US1NHMR0063,Spring,,,1.5,5.0,
2025-04-09,US1NHMR0063,,,,US1NHMR0063,Spring,,,2.3,13.0,
2025-04-10,US1NHMR0063,,,,US1NHMR0063,Spring,,,0.0,0.0,
2025-04-11,US1NHMR0063,,,,US1NHMR0063,Spring,,,2.5,0.0,
2025-04-12,US1NHMR0063,,,,US1NHMR0063,Spring,,,3.6,13.0,
2025-04-13,US1NHMR0063,,,,US1NHMR0063,Spring,,,10.2,61.0,
2025-04-14,US1NHMR0063,,,,US1NHMR0063,Spring,,,0.0,0.0,
2025-04-15,US1NHMR0063,,,,US1NHMR0063,Spring,,,3.3,0.0,
2025-04-16,US1NHMR0063,,,,US1NHMR0063,Spring,,,0.0,0.0,
2025-04-17,US1NHMR0063,,,,US1NHMR0063,Spring,,,0.0,0.0,
2025-04-18,US1NHMR0063,,,,US1NHMR0063,Spring,,,0.0,0.0,
2025-04-19,US1NHMR0063,,,,US1NHMR0063,Spring,,,0.0,0.0,
2025-04-20,US1NHMR0063,,,,US1NHMR0063,Spring,,,2.3,0.0,
2025-04-21,US1NHMR0063,,,,US1NHMR0063,Spring,,,0.0,0.0,
2025-04-22,US1NHMR0063,,,,US1NHMR0063,Spring,,,4.1,0.0,
2025-04-23,US1NHMR0063,,,,US1NHMR0063,Spring,,,0.0,0.0,
2025-04-24,US1NHMR0063,,,,US1NHMR0063,Spring,,,0.0,0.0,
2025-04-25,US1NHMR0063,,,,US1NHMR0063,Spring,,,1.3,0.0,
2025-04-26,US1NHMR0063,,,,US1NHMR0063,Spring,,,8.4,0.0,
2025-03-30,US1NHMR0065,,,,US1NHMR0065,Spring,,,9.7,,
2025-03-31,US1NHMR0065,,,,US1NHMR0065,Spring,,,4.8,,
2025-04-01,US1NHMR0065,,,,US1NHMR0065,Spring,,,7.4,,
2025-04-02,US1NHMR0065,,,,US1NHMR0065,Spring,,,0.0,0.0,
2025-04-03,US1NHMR0065,,,,US1NHMR0065,Spring,,,14.2,,
2025-04-04,US1NHMR0065,,,,US1NHMR0065,Spring,,,8.1,,
2025-04-05,US1NHMR0065,,,,US1NHMR0065,Spring,,,0.0,0.0,
2025-04-06,US1NHMR0065,,,,US1NHMR0065,Spring,,,8.4,,
2025-04-07,US1NHMR0065,,,,US1NHMR0065,Spring,,,4.3,,
2025-04-08,US1NHMR0065,,,,US1NHMR0065,Spring,,,0.8,,
2025-04-09,US1NHMR0065,,,,US1NHMR0065,Spring,,,1.3,,
2025-04-10,US1NHMR0065,,,,US1NHMR0065,Spring,,,0.0,0.0,
2025-04-11,US1NHMR0065,,,,US1NHMR0065,Spring,,,2.3,,
2025-04-12,US1NHMR0065,,,,US1NHMR0065,Spring,,,4.6,,
2025-04-13,US1NHMR0065,,,,US1NHMR0065,Spring,,,9.7,,
2025-04-14,US1NHMR0065,,,,US1NHMR0065,Spring,,,0.0,0.0,
2025-04-15,US1NHMR0065,,,,US1NHMR0065,Spring,,,6.4,,
2025-04-16,US1NHMR0065,,,,US1NHMR0065,Spring,,,4.3,,
2025-04-17,US1NHMR0065,,,,US1NHMR0065,Spring,,,0.0,0.0,
2025-04-18,US1NHMR0065,,,,US1NHMR0065,Spring,,,0.0,0.0,
2025-04-19,US1NHMR0065,,,,US1NHMR0065,Spring,,,0.0,,
2025-04-20,US1NHMR0065,,,,US1NHMR0065,Spring,,,1.5,,
2025-04-21,US1NHMR0065,,,,US1NHMR0065,Spring,,,0.0,0.0,
2025-04-22,US1NHMR0065,,,,US1NHMR0065,Spring,,,3.6,,
2025-04-23,US1NHMR0065,,,,US1NHMR0065,Spring,,,0.0,0.0,
2025-04-24,US1NHMR0065,,,,US1NHMR0065,Spring,,,0.0,0.0,
2025-04-25,US1NHMR0065,,,,US1NHMR0065,Spring,,,1.8,,
2025-04-26,US1NHMR0065,,,,US1NHMR0065,Spring,,,9.7,,
2025-03-30,US1NHMR0068,,,,US1NHMR0068,Spring,,,13.7,8.0,0.0
2025-03-31,US1NHMR0068,,,,US1NHMR0068,Spring,,,6.4,0.0,0.0
2025-04-01,US1NHMR0068,,,,US1NHMR0068,Spring,,,2.8,0.0,0.0
2025-04-02,US1NHMR0068,,,,US1NHMR0068,Spring,,,0.0,0.0,0.0
2025-04-03,US1NHMR0068,,,,US1NHMR0068,Spring,,,12.7,5.0,0.0
2025-04-04,US1NHMR0068,,,,US1NHMR0068,Spring,,,5.3,0.0,0.0
2025-04-05,US1NHMR0068,,,,US1NHMR0068,Spring,,,0.0,0.0,0.0
2025-04-06,US1NHMR0068,,,,US1NHMR0068,Spring,,,10.4,0.0,0.0
2025-04-07,US1NHMR0068,,,,US1NHMR0068,Spring,,,3.3,0.0,0.0
2025-04-08,US1NHMR0068,,,,US1NHMR0068,Spring,,,1.5,0.0,0.0
2025-04-09,US1NHMR0068,,,,US1NHMR0068,Spring,,,1.3,0.0,0.0
2025-04-10,US1NHMR0068,,,,US1NHMR0068,Spring,,,0.0,0.0,0.0
2025-04-11,US1NHMR0068,,,,US1NHMR0068,Spring,,,2.8,0.0,0.0
2025-04-12,US1NHMR0068,,,,US1NHMR0068,Spring,,,3.8,25.0,25.0
2025-04-13,US1NHMR0068,,,,US1NHMR0068,Spring,,,11.9,64.0,13.0
2025-04-14,US1NHMR0068,,,,US1NHMR0068,Spring,,,0.0,0.0,0.0
2025-04-15,US1NHMR0068,,,,US1NHMR0068,Spring,,,7.9,0.0,0.0
2025-04-16,US1NHMR0068,,,,US1NHMR0068,Spring,,,0.0,0.0,0.0
2025-04-17,US1NHMR0068,,,,US1NHMR0068,Spring,,,0.0,0.0,0.0
2025-04-18,US1NHMR0068,,,,US1NHMR0068,Spring,,,0.0,0.0,0.0
2025-04-19,US1NHMR0068,,,,US1NHMR0068,Spring,,,0.0,0.0,0.0
2025-04-20,US1NHMR0068,,,,US1NHMR0068,Spring,,,2.0,0.0,0.0
2025-04-21,US1NHMR0068,,,,US1NHMR0068,Spring,,,0.0,0.0,0.0
2025-04-22,US1NHMR0068,,,,US1NHMR0068,Spring,,,4.6,0.0,0.0
2025-04-23,US1NHMR0068,,,,US1NHMR0068,Spring,,,0.0,0.0,0.0
2025-04-24,US1NHMR0068,,,,US1NHMR0068,Spring,,,0.0,0.0,0.0
2025-04-25,US1NHMR0068,,,,US1NHMR0068,Spring,,,0.8,0.0,0.0
2025-04-26,US1NHMR0068,,,,US1NHMR0068,Spring,,,6.1,0.0,0.0
2025-03-30,US1NHMR0070,,,,US1NHMR0070,Spring,,,13.0,0.0,0.0
2025-03-31,US1NHMR0070,,,,US1NHMR0070,Spring,,,10.2,0.0,0.0
2025-04-01,US1NHMR0070,,,,US1NHMR0070,Spring,,,5.8,0.0,0.0
2025-04-02,US1NHMR0070,,,,US1NHMR0070,Spring,,,0.0,0.0,0.0
2025-04-03,US1NHMR0070,,,,US1NHMR0070,Spring,,,10.9,0.0,0.0
2025-04-04,US1NHMR0070,,,,US1NHMR0070,Spring,,,5.6,0.0,0.0
2025-04-05,US1NHMR0070,,,,US1NHMR0070,Spring,,,0.0,0.0,0.0
2025-04-06,US1NHMR0070,,,,US1NHMR0070,Spring,,,11.2,0.0,0.0
2025-04-07,US1NHMR0070,,,,US1NHMR0070,Spring,,,2.5,0.0,0.0
2025-04-08,US1NHMR0070,,,,US1NHMR0070,Spring,,,1.0,5.0,5.0
2025-04-09,US1NHMR0070,,,,US1NHMR0070,Spring,,,2.3,,0.0
2025-04-10,US1NHMR0070,,,,US1NHMR0070,Spring,,,0.0,0.0,0.0
2025-04-11,US1NHMR0070,,,,US1NHMR0070,Spring,,,2.0,8.0,8.0
2025-04-12,US1NHMR0070,,,,US1NHMR0070,Spring,,,0.0,0.0,0.0
2025-04-13,US1NHMR0070,,,,US1NHMR0070,Spring,,,10.7,79.0,51.0
2025-04-14,US1NHMR0070,,,,US1NHMR0070,Spring,,,0.0,0.0,0.0
2025-04-15,US1NHMR0070,,,,US1NHMR0070,Spring,,,3.6,0.0,0.0
2025-04-16,US1NHMR0070,,,,US1NHMR0070,Spring,,,0.3,0.0,0.0
2025-04-17,US1NHMR0070,,,,US1NHMR0070,Spring,,,0.0,0.0,0.0
2025-04-18,US1NHMR0070,,,,US1NHMR0070,Spring,,,0.0,0.0,0.0
2025-04-19,US1NHMR0070,,,,US1NHMR0070,Spring,,,0.0,0.0,0.0
2025-04-20,US1NHMR0070,,,,US1NHMR0070,Spring,,,1.3,0.0,0.0
2025-04-21,US1NHMR0070,,,,US1NHMR0070,Spring,,,0.0,0.0,0.0
2025-04-22,US1NHMR0070,,,,US1NHMR0070,Spring,,,5.6,0.0,0.0
2025-04-23,US1NHMR0070,,,,US1NHMR0070,Spring,,,0.0,0.0,0.0
2025-04-24,US1NHMR0070,,,,US1NHMR0070,Spring,,,0.0,0.0,0.0
2025-04-25,US1NHMR0070,,,,US1NHMR0070,Spring,,,1.5,0.0,0.0
2025-04-26,US1NHMR0070,,,,US1NHMR0070,Spring,,,2.5,0.0,0.0
2025-03-30,US1NHMR0071,,,,US1NHMR0071,Spring,,,10.9,0.0,0.0
2025-03-31,US1NHMR0071,,,,US1NHMR0071,Spring,,,5.6,0.0,0.0
2025-04-01,US1NHMR0071,,,,US1NHMR0071,Spring,,,5.6,0.0,0.0
2025-04-02,US1NHMR0071,,,,US1NHMR0071,Spring,,,0.0,0.0,0.0
2025-04-03,US1NHMR0071,,,,US1NHMR0071,Spring,,,11.7,0.0,0.0
2025-04-04,US1NHMR0071,,,,US1NHMR0071,Spring,,,7.9,0.0,0.0
2025-04-05,US1NHMR0071,,,,US1NHMR0071,Spring,,,0.0,0.0,0.0
2025-04-06,US1NHMR0071,,,,US1NHMR0071,Spring,,,8.6,0.0,0.0
2025-04-07,US1NHMR0071,,,,US1NHMR0071,Spring,,,4.8,0.0,0.0
2025-04-08,US1NHMR0071,,,,US1NHMR0071,Spring,,,1.0,0.0,0.0
2025-04-09,US1NHMR0071,,,,US1NHMR0071,Spring,,,1.3,0.0,0.0
2025-04-10,US1NHMR0071,,,,US1NHMR0071,Spring,,,0.0,0.0,0.0
2025-04-11,US1NHMR0071,,,,US1NHMR0071,Spring,,,1.0,0.0,0.0
2025-04-12,US1NHMR0071,,,,US1NHMR0071,Spring,,,3.3,20.0,13.0
2025-04-13,US1NHMR0071,,,,US1NHMR0071,Spring,,,9.4,56.0,
2025-04-14,US1NHMR0071,,,,US1NHMR0071,Spring,,,0.0,0.0,0.0
2025-04-15,US1NHMR0071,,,,US1NHMR0071,Spring,,,7.1,0.0,0.0
2025-04-16,US1NHMR0071,,,,US1NHMR0071,Spring,,,0.0,0.0,0.0
2025-04-17,US1NHMR0071,,,,US1NHMR0071,Spring,,,0.0,0.0,0.0
2025-04-18,US1NHMR0071,,,,US1NHMR0071,Spring,,,0.0,0.0,0.0
2025-04-19,US1NHMR0071,,,,US1NHMR0071,Spring,,,0.0,0.0,0.0
2025-04-20,US1NHMR0071,,,,US1NHMR0071,Spring,,,3.3,0.0,0.0
2025-04-21,US1NHMR0071,,,,US1NHMR0071,Spring,,,0.0,0.0,0.0
2025-04-22,US1NHMR0071,,,,US1NHMR0071,Spring,,,4.6,0.0,0.0
2025-04-23,US1NHMR0071,,,,US1NHMR0071,Spring,,,0.0,0.0,0.0
2025-04-24,US1NHMR0071,,,,US1NHMR0071,Spring,,,0.0,0.0,0.0
2025-04-25,US1NHMR0071,,,,US1NHMR0071,Spring,,,1.3,0.0,0.0
2025-04-26,US1NHMR0071,,,,US1NHMR0071,Spring,,,6.4,0.0,0.0
2025-03-30,US1NHMR0072,,,,US1NHMR0072,Spring,,,8.4,0.0,
2025-03-31,US1NHMR0072,,,,US1NHMR0072,Spring,,,5.6,0.0,
2025-04-01,US1NHMR0072,,,,US1NHMR0072,Spring,,,1.3,0.0,
2025-04-02,US1NHMR0072,,,,US1NHMR0072,Spring,,,0.0,0.0,
2025-04-03,US1NHMR0072,,,,US1NHMR0072,Spring,,,8.1,3.0,
2025-04-04,US1NHMR0072,,,,US1NHMR0072,Spring,,,0.0,0.0,
2025-04-05,US1NHMR0072,,,,US1NHMR0072,Spring,,,0.0,0.0,
2025-04-06,US1NHMR0072,,,,US1NHMR0072,Spring,,,11.9,0.0,
2025-04-07,US1NHMR0072,,,,US1NHMR0072,Spring,,,0.0,0.0,
2025-04-08,US1NHMR0072,,,,US1NHMR0072,Spring,,,1.3,5.0,
2025-04-09,US1NHMR0072,,,,US1NHMR0072,Spring,,,1.3,5.0,
2025-04-10,US1NHMR0072,,,,US1NHMR0072,Spring,,,0.0,0.0,
2025-04-11,US1NHMR0072,,,,US1NHMR0072,Spring,,,1.5,3.0,
2025-04-12,US1NHMR0072,,,,US1NHMR0072,Spring,,,3.3,28.0,53.0
2025-04-13,US1NHMR0072,,,,US1NHMR0072,Spring,,,8.6,76.0,76.0
2025-04-14,US1NHMR0072,,,,US1NHMR0072,Spring,,,0.0,0.0,
2025-04-15,US1NHMR0072,,,,US1NHMR0072,Spring,,,3.0,0.0,
2025-04-16,US1NHMR0072,,,,US1NHMR0072,Spring,,,0.0,0.0,
2025-04-17,US1NHMR0072,,,,US1NHMR0072,Spring,,,0.0,0.0,
2025-04-18,US1NHMR0072,,,,US1NHMR0072,Spring,,,0.0,0.0,
2025-04-19,US1NHMR0072,,,,US1NHMR0072,Spring,,,0.0,0.0,
2025-04-20,US1NHMR0072,,,,US1NHMR0072,Spring,,,1.3,0.0,
2025-04-21,US1NHMR0072,,,,US1NHMR0072,Spring,,,0.0,0.0,
2025-04-22,US1NHMR0072,,,,US1NHMR0072,Spring,,,5.6,0.0,
2025-04-23,US1NHMR0072,,,,US1NHMR0072,Spring,,,0.0,0.0,
2025-04-24,US1NHMR0072,,,,US1NHMR0072,Spring,,,0.0,0.0,
2025-04-25,US1NHMR0072,,,,US1NHMR0072,Spring,,,0.5,0.0,
2025-04-26,US1NHMR0072,,,,US1NHMR0072,Spring,,,8.1,0.0,
2025-03-30,US1NHMR0074,,,,US1NHMR0074,Spring,,,6.9,0.0,
2025-03-31,US1NHMR0074,,,,US1NHMR0074,Spring,,,5.8,,
2025-04-01,US1NHMR0074,,,,US1NHMR0074,Spring,,,6.9,,
2025-04-04,US1NHMR0074,,,,US1NHMR0074,Spring,,,7.6,,
2025-04-05,US1NHMR0074,,,,US1NHMR0074,Spring,,,0.0,0.0,
2025-04-06,US1NHMR0074,,,,US1NHMR0074,Spring,,,8.1,,
2025-04-07,US1NHMR0074,,,,US1NHMR0074,Spring,,,4.6,,
2025-04-08,US1NHMR0074,,,,US1NHMR0074,Spring,,,0.5,,
2025-04-09,US1NHMR0074,,,,US1NHMR0074,Spring,,,2.8,,
2025-04-10,US1NHMR0074,,,,US1NHMR0074,Spring,,,0.0,0.0,
2025-04-11,US1NHMR0074,,,,US1NHMR0074,Spring,,,3.6,,
2025-04-12,US1NHMR0074,,,,US1NHMR0074,Spring,,,2.5,13.0,
2025-04-13,US1NHMR0074,,,,US1NHMR0074,Spring,,,8.9,51.0,
2025-04-14,US1NHMR0074,,,,US1NHMR0074,Spring,,,0.5,,
2025-04-15,US1NHMR0074,,,,US1NHMR0074,Spring,,,6.4,,
2025-04-16,US1NHMR0074,,,,US1NHMR0074,Spring,,,4.3,,
2025-04-17,US1NHMR0074,,,,US1NHMR0074,Spring,,,0.0,0.0,
2025-04-18,US1NHMR0074,,,,US1NHMR0074,Spring,,,0.0,0.0,
2025-04-21,US1NHMR0074,,,,US1NHMR0074,Spring,,,0.0,0.0,
2025-04-22,US1NHMR0074,,,,US1NHMR0074,Spring,,,5.3,,
2025-04-23,US1NHMR0074,,,,US1NHMR0074,Spring,,,0.0,0.0,
2025-04-24,US1NHMR0074,,,,US1NHMR0074,Spring,,,0.0,0.0,
2025-04-25,US1NHMR0074,,,,US1NHMR0074,Spring,,,1.8,,
2025-03-30,US1NHMR0076,,,,US1NHMR0076,Spring,,,12.4,,
2025-03-31,US1NHMR0076,,,,US1NHMR0076,Spring,,,2.8,,
2025-04-01,US1NHMR0076,,,,US1NHMR0076,Spring,,,7.4,,
2025-04-02,US1NHMR0076,,,,US1NHMR0076,Spring,,,0.0,,
2025-04-03,US1NHMR0076,,,,US1NHMR0076,Spring,,,14.0,,
2025-04-04,US1NHMR0076,,,,US1NHMR0076,Spring,,,5.1,,
2025-04-13,US1NHMR0076,,,,US1NHMR0076,Spring,,,,,
2025-04-14,US1NHMR0076,,,,US1NHMR0076,Spring,,,0.0,,
2025-04-15,US1NHMR0076,,,,US1NHMR0076,Spring,,,5.8,,
2025-04-16,US1NHMR0076,,,,US1NHMR0076,Spring,,,0.3,,
2025-04-17,US1NHMR0076,,,,US1NHMR0076,Spring,,,0.0,0.0,
2025-04-18,US1NHMR0076,,,,US1NHMR0076,Spring,,,0.0,0.0,
2025-04-19,US1NHMR0076,,,,US1NHMR0076,Spring,,,0.3,,
2025-04-20,US1NHMR0076,,,,US1NHMR0076,Spring,,,5.1,,
2025-04-21,US1NHMR0076,,,,US1NHMR0076,Spring,,,0.0,0.0,
2025-04-22,US1NHMR0076,,,,US1NHMR0076,Spring,,,3.8,0.0,
2025-04-23,US1NHMR0076,,,,US1NHMR0076,Spring,,,0.0,,
2025-04-24,US1NHMR0076,,,,US1NHMR0076,Spring,,,0.0,0.0,
2025-04-25,US1NHMR0076,,,,US1NHMR0076,Spring,,,2.3,,
2025-04-26,US1NHMR0076,,,,US1NHMR0076,Spring,,,14.0,,
2025-04-01,US1NHMR0077,,,,US1NHMR0077,Spring,,,,,
2025-04-02,US1NHMR0077,,,,US1NHMR0077,Spring,,,0.0,0.0,
2025-04-04,US1NHMR0077,,,,US1NHMR0077,Spring,,,,,
2025-04-05,US1NHMR0077,,,,US1NHMR0077,Spring,,,0.0,0.0,
2025-04-06,US1NHMR0077,,,,US1NHMR0077,Spring,,,9.9,,
2025-04-07,US1NHMR0077,,,,US1NHMR0077,Spring,,,4.6,0.0,
2025-04-08,US1NHMR0077,,,,US1NHMR0077,Spring,,,2.5,3.0,
2025-04-09,US1NHMR0077,,,,US1NHMR0077,Spring,,,1.5,3.0,
2025-04-10,US1NHMR0077,,,,US1NHMR0077,Spring,,,0.0,0.0,
2025-04-11,US1NHMR0077,,,,US1NHMR0077,Spring,,,2.0,3.0,
2025-04-12,US1NHMR0077,,,,US1NHMR0077,Spring,,,6.4,64.0,
2025-04-13,US1NHMR0077,,,,US1NHMR0077,Spring,,,9.7,86.0,
2025-04-14,US1NHMR0077,,,,US1NHMR0077,Spring,,,0.0,0.0,
2025-04-15,US1NHMR0077,,,,US1NHMR0077,Spring,,,5.6,,
2025-04-16,US1NHMR0077,,,,US1NHMR0077,Spring,,,0.5,,
2025-04-17,US1NHMR0077,,,,US1NHMR0077,Spring,,,0.0,0.0,
2025-04-18,US1NHMR0077,,,,US1NHMR0077,Spring,,,0.0,0.0,
2025-04-19,US1NHMR0077,,,,US1NHMR0077,Spring,,,0.0,0.0,
2025-04-20,US1NHMR0077,,,,US1NHMR0077,Spring,,,1.3,,
2025-04-21,US1NHMR0077,,,,US1NHMR0077,Spring,,,0.0,0.0,
2025-04-22,US1NHMR0077,,,,US1NHMR0077,Spring,,,4.1,,
2025-04-23,US1NHMR0077,,,,US1NHMR0077,Spring,,,0.0,0.0,
2025-04-24,US1NHMR0077,,,,US1NHMR0077,Spring,,,0.0,0.0,
2025-04-25,US1NHMR0077,,,,US1NHMR0077,Spring,,,1.3,,
2025-04-26,US1NHMR0077,,,,US1NHMR0077,Spring,,,11.9,,
2025-03-30,US1NHMR0080,,,,US1NHMR0080,Spring,,,11.4,0.0,
2025-03-31,US1NHMR0080,,,,US1NHMR0080,Spring,,,3.3,0.0,
2025-04-01,US1NHMR0080,,,,US1NHMR0080,Spring,,,2.5,0.0,
2025-04-02,US1NHMR0080,,,,US1NHMR0080,Spring,,,0.0,0.0,
2025-04-03,US1NHMR0080,,,,US1NHMR0080,Spring,,,11.9,5.0,
2025-04-04,US1NHMR0080,,,,US1NHMR0080,Spring,,,2.8,0.0,
2025-04-05,US1NHMR0080,,,,US1NHMR0080,Spring,,,0.0,0.0,
2025-04-06,US1NHMR0080,,,,US1NHMR0080,Spring,,,11.9,0.0,
2025-04-07,US1NHMR0080,,,,US1NHMR0080,Spring,,,0.3,0.0,
2025-04-08,US1NHMR0080,,,,US1NHMR0080,Spring,,,0.5,5.0,
2025-04-09,US1NHMR0080,,,,US1NHMR0080,Spring,,,1.8,8.0,
2025-04-10,US1NHMR0080,,,,US1NHMR0080,Spring,,,0.0,0.0,
2025-04-11,US1NHMR0080,,,,US1NHMR0080,Spring,,,1.3,0.0,
2025-04-12,US1NHMR0080,,,,US1NHMR0080,Spring,,,8.6,102.0,
2025-04-13,US1NHMR0080,,,,US1NHMR0080,Spring,,,4.1,0.0,
2025-04-14,US1NHMR0080,,,,US1NHMR0080,Spring,,,0.0,0.0,
2025-04-15,US1NHMR0080,,,,US1NHMR0080,Spring,,,5.6,0.0,
2025-04-16,US1NHMR0080,,,,US1NHMR0080,Spring,,,0.0,0.0,
2025-04-17,US1NHMR0080,,,,US1NHMR0080,Spring,,,0.0,0.0,
2025-04-18,US1NHMR0080,,,,US1NHMR0080,Spring,,,0.0,0.0,
2025-04-19,US1NHMR0080,,,,US1NHMR0080,Spring,,,0.0,0.0,
2025-04-20,US1NHMR0080,,,,US1NHMR0080,Spring,,,0.5,,
2025-04-21,US1NHMR0080,,,,US1NHMR0080,Spring,,,0.0,0.0,
2025-04-22,US1NHMR0080,,,,US1NHMR0080,Spring,,,4.3,,
2025-04-23,US1NHMR0080,,,,US1NHMR0080,Spring,,,0.0,0.0,
2025-04-24,US1NHMR0080,,,,US1NHMR0080,Spring,,,0.0,0.0,
2025-04-25,US1NHMR0080,,,,US1NHMR0080,Spring,,,0.8,,
2025-04-26,US1NHMR0080,,,,US1NHMR0080,Spring,,,14.5,,
2025-04-07,US1NHMR0082,,,,US1NHMR0082,Spring,,,,,
2025-04-08,US1NHMR0082,,,,US1NHMR0082,Spring,,,1.3,,
2025-04-09,US1NHMR0082,,,,US1NHMR0082,Spring,,,1.0,,
2025-04-10,US1NHMR0082,,,,US1NHMR0082,Spring,,,0.0,0.0,
2025-04-11,US1NHMR0082,,,,US1NHMR0082,Spring,,,2.8,,
2025-04-12,US1NHMR0082,,,,US1NHMR0082,Spring,,,4.3,,
2025-04-13,US1NHMR0082,,,,US1NHMR0082,Spring,,,9.4,,
2025-04-14,US1NHMR0082,,,,US1NHMR0082,Spring,,,0.0,0.0,
2025-04-15,US1NHMR0082,,,,US1NHMR0082,Spring,,,6.4,,
2025-04-16,US1NHMR0082,,,,US1NHMR0082,Spring,,,0.0,,
2025-04-17,US1NHMR0082,,,,US1NHMR0082,Spring,,,0.0,0.0,
2025-04-18,US1NHMR0082,,,,US1NHMR0082,Spring,,,0.0,0.0,
2025-04-19,US1NHMR0082,,,,US1NHMR0082,Spring,,,0.0,0.0,
2025-04-20,US1NHMR0082,,,,US1NHMR0082,Spring,,,0.5,,
2025-04-21,US1NHMR0082,,,,US1NHMR0082,Spring,,,0.0,0.0,
2025-04-22,US1NHMR0082,,,,US1NHMR0082,Spring,,,4.8,,
2025-04-23,US1NHMR0082,,,,US1NHMR0082,Spring,,,0.0,0.0,
2025-04-24,US1NHMR0082,,,,US1NHMR0082,Spring,,,0.0,0.0,
2025-04-25,US1NHMR0082,,,,US1NHMR0082,Spring,,,0.5,,
2025-04-26,US1NHMR0082,,,,US1NHMR0082,Spring,,,14.5,,
2025-04-11,US1NHRC0003,,,,US1NHRC0003,Spring,,,2.5,,
2025-04-13,US1NHRC0003,,,,US1NHRC0003,Spring,,,,,
2025-04-15,US1NHRC0003,,,,US1NHRC0003,Spring,,,2.8,,
2025-04-16,US1NHRC0003,,,,US1NHRC0003,Spring,,,11.2,,
2025-04-17,US1NHRC0003,,,,US1NHRC0003,Spring,,,0.0,0.0,
2025-04-18,US1NHRC0003,,,,US1NHRC0003,Spring,,,0.0,0.0,
2025-04-19,US1NHRC0003,,,,US1NHRC0003,Spring,,,0.0,,
2025-04-20,US1NHRC0003,,,,US1NHRC0003,Spring,,,0.0,,
2025-04-21,US1NHRC0003,,,,US1NHRC0003,Spring,,,0.0,0.0,
2025-04-22,US1NHRC0003,,,,US1NHRC0003,Spring,,,5.1,,
2025-04-23,US1NHRC0003,,,,US1NHRC0003,Spring,,,0.0,0.0,
2025-04-25,US1NHRC0003,,,,US1NHRC0003,Spring,,,1.0,,
2025-04-26,US1NHRC0003,,,,US1NHRC0003,Spring,,,4.6,,
2025-03-30,US1NHRC0024,,,,US1NHRC0024,Spring,,,5.3,,
2025-03-31,US1NHRC0024,,,,US1NHRC0024,Spring,,,8.4,,
2025-04-01,US1NHRC0024,,,,US1NHRC0024,Spring,,,10.2,,
2025-04-02,US1NHRC0024,,,,US1NHRC0024,Spring,,,0.0,0.0,
2025-04-03,US1NHRC0024,,,,US1NHRC0024,Spring,,,15.5,,
2025-04-04,US1NHRC0024,,,,US1NHRC0024,Spring,,,10.9,,
2025-04-05,US1NHRC0024,,,,US1NHRC0024,Spring,,,0.0,0.0,
2025-04-06,US1NHRC0024,,,,US1NHRC0024,Spring,,,10.2,,
2025-04-07,US1NHRC0024,,,,US1NHRC0024,Spring,,,6.1,,
2025-04-08,US1NHRC0024,,,,US1NHRC0024,Spring,,,3.6,,
2025-04-09,US1NHRC0024,,,,US1NHRC0024,Spring,,,3.3,,
2025-04-10,US1NHRC0024,,,,US1NHRC0024,Spring,,,0.0,0.0,
2025-04-11,US1NHRC0024,,,,US1NHRC0024,Spring,,,1.3,,
2025-04-12,US1NHRC0024,,,,US1NHRC0024,Spring,,,12.7,43.0,
2025-04-13,US1NHRC0024,,,,US1NHRC0024,Spring,,,2.8,,
2025-04-14,US1NHRC0024,,,,US1NHRC0024,Spring,,,4.8,,
2025-04-15,US1NHRC0024,,,,US1NHRC0024,Spring,,,0.5,,
2025-04-16,US1NHRC0024,,,,US1NHRC0024,Spring,,,12.2,,
2025-04-17,US1NHRC0024,,,,US1NHRC0024,Spring,,,0.0,0.0,
2025-04-18,US1NHRC0024,,,,US1NHRC0024,Spring,,,0.0,0.0,
2025-04-19,US1NHRC0024,,,,US1NHRC0024,Spring,,,0.0,,
2025-04-20,US1NHRC0024,,,,US1NHRC0024,Spring,,,0.3,,
2025-04-21,US1NHRC0024,,,,US1NHRC0024,Spring,,,0.0,0.0,
2025-04-22,US1NHRC0024,,,,US1NHRC0024,Spring,,,3.8,,
2025-04-23,US1NHRC0024,,,,US1NHRC0024,Spring,,,0.0,0.0,
2025-04-24,US1NHRC0024,,,,US1NHRC0024,Spring,,,0.0,0.0,
2025-04-25,US1NHRC0024,,,,US1NHRC0024,Spring,,,0.5,,
2025-04-26,US1NHRC0024,,,,US1NHRC0024,Spring,,,4.1,,
2025-03-30,US1NHRC0048,,,,US1NHRC0048,Spring,,,7.6,,
2025-03-31,US1NHRC0048,,,,US1NHRC0048,Spring,,,6.9,,
2025-04-01,US1NHRC0048,,,,US1NHRC0048,Spring,,,8.9,,
2025-04-02,US1NHRC0048,,,,US1NHRC0048,Spring,,,0.0,0.0,
2025-04-03,US1NHRC0048,,,,US1NHRC0048,Spring,,,12.2,0.0,
2025-04-04,US1NHRC0048,,,,US1NHRC0048,Spring,,,5.8,,
2025-04-05,US1NHRC0048,,,,US1NHRC0048,Spring,,,0.0,0.0,
2025-04-06,US1NHRC0048,,,,US1NHRC0048,Spring,,,8.9,,
2025-04-07,US1NHRC0048,,,,US1NHRC0048,Spring,,,2.5,0.0,
2025-04-08,US1NHRC0048,,,,US1NHRC0048,Spring,,,0.5,,
2025-04-09,US1NHRC0048,,,,US1NHRC0048,Spring,,,1.0,,
2025-04-10,US1NHRC0048,,,,US1NHRC0048,Spring,,,0.0,0.0,
2025-04-11,US1NHRC0048,,,,US1NHRC0048,Spring,,,2.3,8.0,
2025-04-12,US1NHRC0048,,,,US1NHRC0048,Spring,,,6.9,69.0,76.0
2025-04-13,US1NHRC0048,,,,US1NHRC0048,Spring,,,4.8,18.0,
2025-04-14,US1NHRC0048,,,,US1NHRC0048,Spring,,,0.3,,
2025-04-15,US1NHRC0048,,,,US1NHRC0048,Spring,,,7.6,,
2025-04-16,US1NHRC0048,,,,US1NHRC0048,Spring,,,5.8,,
2025-04-17,US1NHRC0048,,,,US1NHRC0048,Spring,,,0.0,0.0,
2025-04-18,US1NHRC0048,,,,US1NHRC0048,Spring,,,0.0,0.0,
2025-04-19,US1NHRC0048,,,,US1NHRC0048,Spring,,,0.0,,
2025-04-20,US1NHRC0048,,,,US1NHRC0048,Spring,,,2.3,,
2025-04-21,US1NHRC0048,,,,US1NHRC0048,Spring,,,0.0,0.0,
2025-04-22,US1NHRC0048,,,,US1NHRC0048,Spring,,,3.8,,
2025-04-23,US1NHRC0048,,,,US1NHRC0048,Spring,,,0.0,0.0,
2025-04-24,US1NHRC0048,,,,US1NHRC0048,Spring,,,0.0,0.0,
2025-04-25,US1NHRC0048,,,,US1NHRC0048,Spring,,,1.0,,
2025-04-26,US1NHRC0048,,,,US1NHRC0048,Spring,,,10.4,,
2025-03-30,US1NHRC0060,,,,US1NHRC0060,Spring,,,13.5,,
2025-03-31,US1NHRC0060,,,,US1NHRC0060,Spring,,,2.3,,
2025-04-01,US1NHRC0060,,,,US1NHRC0060,Spring,,,14.0,,
2025-04-02,US1NHRC0060,,,,US1NHRC0060,Spring,,,0.0,0.0,
2025-04-03,US1NHRC0060,,,,US1NHRC0060,Spring,,,18.3,,
2025-04-04,US1NHRC0060,,,,US1NHRC0060,Spring,,,6.4,,
2025-04-05,US1NHRC0060,,,,US1NHRC0060,Spring,,,0.0,0.0,
2025-04-06,US1NHRC0060,,,,US1NHRC0060,Spring,,,8.1,,
2025-04-07,US1NHRC0060,,,,US1NHRC0060,Spring,,,6.9,,
2025-04-08,US1NHRC0060,,,,US1NHRC0060,Spring,,,1.8,,
2025-04-09,US1NHRC0060,,,,US1NHRC0060,Spring,,,2.8,,
2025-04-10,US1NHRC0060,,,,US1NHRC0060,Spring,,,0.0,0.0,
2025-04-11,US1NHRC0060,,,,US1NHRC0060,Spring,,,2.5,,
2025-04-12,US1NHRC0060,,,,US1NHRC0060,Spring,,,6.9,25.0,
2025-04-13,US1NHRC0060,,,,US1NHRC0060,Spring,,,5.6,,
2025-04-14,US1NHRC0060,,,,US1NHRC0060,Spring,,,0.5,,
2025-04-15,US1NHRC0060,,,,US1NHRC0060,Spring,,,2.3,,
2025-04-16,US1NHRC0060,,,,US1NHRC0060,Spring,,,4.8,,
2025-04-17,US1NHRC0060,,,,US1NHRC0060,Spring,,,0.0,0.0,
2025-04-18,US1NHRC0060,,,,US1NHRC0060,Spring,,,0.0,0.0,
2025-04-19,US1NHRC0060,,,,US1NHRC0060,Spring,,,0.0,0.0,
2025-04-20,US1NHRC0060,,,,US1NHRC0060,Spring,,,1.3,,
2025-04-21,US1NHRC0060,,,,US1NHRC0060,Spring,,,0.0,0.0,
2025-04-22,US1NHRC0060,,,,US1NHRC0060,Spring,,,4.1,,
2025-04-23,US1NHRC0060,,,,US1NHRC0060,Spring,,,0.0,0.0,
2025-04-24,US1NHRC0060,,,,US1NHRC0060,Spring,,,0.0,0.0,
2025-04-25,US1NHRC0060,,,,US1NHRC0060,Spring,,,0.5,,
2025-04-26,US1NHRC0060,,,,US1NHRC0060,Spring,,,16.0,,
2025-03-30,US1NHRC0072,,,,US1NHRC0072,Spring,,,12.2,,
2025-03-31,US1NHRC0072,,,,US1NHRC0072,Spring,,,1.5,,
2025-04-01,US1NHRC0072,,,,US1NHRC0072,Spring,,,13.5,,
2025-04-03,US1NHRC0072,,,,US1NHRC0072,Spring,,,15.7,,
2025-04-04,US1NHRC0072,,,,US1NHRC0072,Spring,,,10.4,,
2025-04-06,US1NHRC0072,,,,US1NHRC0072,Spring,,,9.1,,
2025-04-07,US1NHRC0072,,,,US1NHRC0072,Spring,,,7.1,,
2025-04-08,US1NHRC0072,,,,US1NHRC0072,Spring,,,4.1,0.0,
2025-04-09,US1NHRC0072,,,,US1NHRC0072,Spring,,,2.8,,
2025-04-11,US1NHRC0072,,,,US1NHRC0072,Spring,,,5.1,0.0,
2025-04-12,US1NHRC0072,,,,US1NHRC0072,Spring,,,6.9,30.0,
2025-04-13,US1NHRC0072,,,,US1NHRC0072,Spring,,,6.4,33.0,
2025-04-14,US1NHRC0072,,,,US1NHRC0072,Spring,,,1.0,,
2025-04-15,US1NHRC0072,,,,US1NHRC0072,Spring,,,2.3,,
2025-04-16,US1NHRC0072,,,,US1NHRC0072,Spring,,,6.9,,
2025-04-20,US1NHRC0072,,,,US1NHRC0072,Spring,,,1.3,,
2025-04-22,US1NHRC0072,,,,US1NHRC0072,Spring,,,3.6,,
2025-04-25,US1NHRC0072,,,,US1NHRC0072,Spring,,,1.0,,
2025-04-26,US1NHRC0072,,,,US1NHRC0072,Spring,,,7.9,,
2025-03-30,US1NHRC0079,,,,US1NHRC0079,Spring,,,7.9,0.0,0.0
2025-03-31,US1NHRC0079,,,,US1NHRC0079,Spring,,,5.1,0.0,0.0
2025-04-01,US1NHRC0079,,,,US1NHRC0079,Spring,,,11.9,0.0,0.0
2025-04-02,US1NHRC0079,,,,US1NHRC0079,Spring,,,0.0,0.0,0.0
2025-04-03,US1NHRC0079,,,,US1NHRC0079,Spring,,,18.5,0.0,0.0
2025-04-04,US1NHRC0079,,,,US1NHRC0079,Spring,,,6.9,0.0,0.0
2025-04-05,US1NHRC0079,,,,US1NHRC0079,Spring,,,0.0,0.0,0.0
2025-04-06,US1NHRC0079,,,,US1NHRC0079,Spring,,,10.7,0.0,0.0
2025-04-07,US1NHRC0079,,,,US1NHRC0079,Spring,,,2.8,0.0,0.0
2025-04-08,US1NHRC0079,,,,US1NHRC0079,Spring,,,1.0,0.0,0.0
2025-04-09,US1NHRC0079,,,,US1NHRC0079,Spring,,,1.3,0.0,0.0
2025-04-10,US1NHRC0079,,,,US1NHRC0079,Spring,,,0.0,0.0,0.0
2025-04-11,US1NHRC0079,,,,US1NHRC0079,Spring,,,3.3,8.0,8.0
2025-04-12,US1NHRC0079,,,,US1NHRC0079,Spring,,,8.9,76.0,76.0
2025-04-13,US1NHRC0079,,,,US1NHRC0079,Spring,,,2.3,0.0,0.0
2025-04-14,US1NHRC0079,,,,US1NHRC0079,Spring,,,3.3,0.0,0.0
2025-04-15,US1NHRC0079,,,,US1NHRC0079,Spring,,,3.0,0.0,0.0
2025-04-16,US1NHRC0079,,,,US1NHRC0079,Spring,,,3.6,0.0,0.0
2025-04-17,US1NHRC0079,,,,US1NHRC0079,Spring,,,0.0,0.0,0.0
2025-04-18,US1NHRC0079,,,,US1NHRC0079,Spring,,,0.0,0.0,0.0
2025-04-19,US1NHRC0079,,,,US1NHRC0079,Spring,,,0.0,0.0,0.0
2025-04-20,US1NHRC0079,,,,US1NHRC0079,Spring,,,0.5,0.0,0.0
2025-04-21,US1NHRC0079,,,,US1NHRC0079,Spring,,,0.0,0.0,0.0
2025-04-22,US1NHRC0079,,,,US1NHRC0079,Spring,,,5.3,0.0,0.0
2025-04-23,US1NHRC0079,,,,US1NHRC0079,Spring,,,0.0,0.0,0.0
2025-04-24,US1NHRC0079,,,,US1NHRC0079,Spring,,,0.0,0.0,0.0
2025-04-25,US1NHRC0079,,,,US1NHRC0079,Spring,,,0.5,0.0,0.0
2025-04-26,US1NHRC0079,,,,US1NHRC0079,Spring,,,11.9,0.0,0.0
2025-03-30,US1NHRC0084,,,,US1NHRC0084,Spring,,,5.8,,
2025-03-31,US1NHRC0084,,,,US1NHRC0084,Spring,,,6.6,,
2025-04-01,US1NHRC0084,,,,US1NHRC0084,Spring,,,10.4,,
2025-04-02,US1NHRC0084,,,,US1NHRC0084,Spring,,,0.0,0.0,
2025-04-03,US1NHRC0084,,,,US1NHRC0084,Spring,,,15.5,,
2025-04-04,US1NHRC0084,,,,US1NHRC0084,Spring,,,12.4,,
2025-04-05,US1NHRC0084,,,,US1NHRC0084,Spring,,,0.0,0.0,
2025-04-06,US1NHRC0084,,,,US1NHRC0084,Spring,,,12.2,,
2025-04-07,US1NHRC0084,,,,US1NHRC0084,Spring,,,7.1,,
2025-04-08,US1NHRC0084,,,,US1NHRC0084,Spring,,,2.5,,
2025-04-09,US1NHRC0084,,,,US1NHRC0084,Spring,,,3.6,,
2025-04-10,US1NHRC0084,,,,US1NHRC0084,Spring,,,0.0,0.0,
2025-04-11,US1NHRC0084,,,,US1NHRC0084,Spring,,,2.5,,
2025-04-12,US1NHRC0084,,,,US1NHRC0084,Spring,,,2.3,13.0,
2025-04-13,US1NHRC0084,,,,US1NHRC0084,Spring,,,14.7,,
2025-04-14,US1NHRC0084,,,,US1NHRC0084,Spring,,,5.3,,
2025-04-15,US1NHRC0084,,,,US1NHRC0084,Spring,,,1.3,,
2025-04-16,US1NHRC0084,,,,US1NHRC0084,Spring,,,14.5,,
2025-04-17,US1NHRC0084,,,,US1NHRC0084,Spring,,,0.0,0.0,
2025-04-18,US1NHRC0084,,,,US1NHRC0084,Spring,,,0.0,0.0,
2025-04-19,US1NHRC0084,,,,US1NHRC0084,Spring,,,0.0,0.0,
2025-04-20,US1NHRC0084,,,,US1NHRC0084,Spring,,,0.0,0.0,
2025-04-21,US1NHRC0084,,,,US1NHRC0084,Spring,,,0.0,0.0,
2025-04-22,US1NHRC0084,,,,US1NHRC0084,Spring,,,5.8,,
2025-04-23,US1NHRC0084,,,,US1NHRC0084,Spring,,,0.0,0.0,
2025-04-24,US1NHRC0084,,,,US1NHRC0084,Spring,,,0.0,0.0,
2025-04-25,US1NHRC0084,,,,US1NHRC0084,Spring,,,0.5,0.0,
2025-04-03,US1NHRC0089,,,,US1NHRC0089,Spring,,,14.5,,
2025-04-04,US1NHRC0089,,,,US1NHRC0089,Spring,,,7.6,,
2025-04-05,US1NHRC0089,,,,US1NHRC0089,Spring,,,0.0,0.0,
2025-04-06,US1NHRC0089,,,,US1NHRC0089,Spring,,,11.2,,
2025-04-07,US1NHRC0089,,,,US1NHRC0089,Spring,,,7.1,,
2025-04-08,US1NHRC0089,,,,US1NHRC0089,Spring,,,2.5,,
2025-04-09,US1NHRC0089,,,,US1NHRC0089,Spring,,,3.3,,
2025-04-10,US1NHRC0089,,,,US1NHRC0089,Spring,,,0.0,0.0,
2025-04-11,US1NHRC0089,,,,US1NHRC0089,Spring,,,2.3,,
2025-04-12,US1NHRC0089,,,,US1NHRC0089,Spring,,,1.8,,
2025-04-13,US1NHRC0089,,,,US1NHRC0089,Spring,,,15.2,,
2025-04-14,US1NHRC0089,,,,US1NHRC0089,Spring,,,5.1,,
2025-04-15,US1NHRC0089,,,,US1NHRC0089,Spring,,,0.8,,
2025-04-16,US1NHRC0089,,,,US1NHRC0089,Spring,,,18.8,,
2025-04-17,US1NHRC0089,,,,US1NHRC0089,Spring,,,0.0,0.0,
2025-04-18,US1NHRC0089,,,,US1NHRC0089,Spring,,,0.0,0.0,
2025-04-19,US1NHRC0089,,,,US1NHRC0089,Spring,,,0.0,0.0,
2025-04-20,US1NHRC0089,,,,US1NHRC0089,Spring,,,0.0,,
2025-04-21,US1NHRC0089,,,,US1NHRC0089,Spring,,,0.0,0.0,
2025-04-22,US1NHRC0089,,,,US1NHRC0089,Spring,,,5.6,,
2025-04-23,US1NHRC0089,,,,US1NHRC0089,Spring,,,0.0,0.0,
2025-04-24,US1NHRC0089,,,,US1NHRC0089,Spring,,,0.0,0.0,
2025-04-25,US1NHRC0089,,,,US1NHRC0089,Spring,,,0.0,0.0,
2025-04-26,US1NHRC0089,,,,US1NHRC0089,Spring,,,2.5,,
2025-03-31,US1NHRC0094,,,,US1NHRC0094,Spring,,,3.3,,
2025-04-01,US1NHRC0094,,,,US1NHRC0094,Spring,,,11.7,,
2025-04-03,US1NHRC0094,,,,US1NHRC0094,Spring,,,13.7,,
2025-04-06,US1NHRC0094,,,,US1NHRC0094,Spring,,,10.4,,
2025-04-07,US1NHRC0094,,,,US1NHRC0094,Spring,,,8.1,,
2025-04-08,US1NHRC0094,,,,US1NHRC0094,Spring,,,3.8,,
2025-04-09,US1NHRC0094,,,,US1NHRC0094,Spring,,,3.8,,
2025-04-11,US1NHRC0094,,,,US1NHRC0094,Spring,,,3.0,,
2025-04-12,US1NHRC0094,,,,US1NHRC0094,Spring,,,1.3,13.0,
2025-04-15,US1NHRC0094,,,,US1NHRC0094,Spring,,,1.8,,
2025-04-16,US1NHRC0094,,,,US1NHRC0094,Spring,,,3.6,,
2025-04-22,US1NHRC0094,,,,US1NHRC0094,Spring,,,3.8,0.0,
2025-04-25,US1NHRC0094,,,,US1NHRC0094,Spring,,,2.5,,
2025-03-30,US1NHRC0095,,,,US1NHRC0095,Spring,,,1.8,,
2025-03-31,US1NHRC0095,,,,US1NHRC0095,Spring,,,14.7,,
2025-04-01,US1NHRC0095,,,,US1NHRC0095,Spring,,,11.4,,
2025-04-04,US1NHRC0095,,,,US1NHRC0095,Spring,,,,,
2025-04-12,US1NHRC0095,,,,US1NHRC0095,Spring,,,7.9,,
2025-04-13,US1NHRC0095,,,,US1NHRC0095,Spring,,,6.9,,
2025-04-14,US1NHRC0095,,,,US1NHRC0095,Spring,,,1.3,,
2025-04-15,US1NHRC0095,,,,US1NHRC0095,Spring,,,3.0,,
2025-03-30,US1NHRC0098,,,,US1NHRC0098,Spring,,,8.1,0.0,0.0
2025-03-31,US1NHRC0098,,,,US1NHRC0098,Spring,,,3.3,0.0,0.0
2025-04-01,US1NHRC0098,,,,US1NHRC0098,Spring,,,10.9,0.0,0.0
2025-04-02,US1NHRC0098,,,,US1NHRC0098,Spring,,,0.0,0.0,0.0
2025-04-03,US1NHRC0098,,,,US1NHRC0098,Spring,,,16.3,0.0,0.0
2025-04-04,US1NHRC0098,,,,US1NHRC0098,Spring,,,7.4,0.0,0.0
2025-04-05,US1NHRC0098,,,,US1NHRC0098,Spring,,,0.0,0.0,0.0
2025-04-06,US1NHRC0098,,,,US1NHRC0098,Spring,,,10.2,0.0,0.0
2025-04-07,US1NHRC0098,,,,US1NHRC0098,Spring,,,6.6,0.0,0.0
2025-04-08,US1NHRC0098,,,,US1NHRC0098,Spring,,,3.6,0.0,0.0
2025-04-09,US1NHRC0098,,,,US1NHRC0098,Spring,,,1.0,0.0,0.0
2025-04-10,US1NHRC0098,,,,US1NHRC0098,Spring,,,0.0,0.0,0.0
2025-04-11,US1NHRC0098,,,,US1NHRC0098,Spring,,,2.3,0.0,0.0
2025-04-12,US1NHRC0098,,,,US1NHRC0098,Spring,,,7.4,48.0,51.0
2025-04-13,US1NHRC0098,,,,US1NHRC0098,Spring,,,5.6,20.0,0.0
2025-04-14,US1NHRC0098,,,,US1NHRC0098,Spring,,,0.8,0.0,0.0
2025-04-15,US1NHRC0098,,,,US1NHRC0098,Spring,,,1.0,0.0,0.0
2025-04-16,US1NHRC0098,,,,US1NHRC0098,Spring,,,6.1,,
2025-04-17,US1NHRC0098,,,,US1NHRC0098,Spring,,,0.0,0.0,
2025-04-18,US1NHRC0098,,,,US1NHRC0098,Spring,,,0.0,0.0,
2025-04-19,US1NHRC0098,,,,US1NHRC0098,Spring,,,0.0,0.0,
2025-04-20,US1NHRC0098,,,,US1NHRC0098,Spring,,,0.8,,
2025-04-21,US1NHRC0098,,,,US1NHRC0098,Spring,,,0.0,0.0,
2025-04-22,US1NHRC0098,,,,US1NHRC0098,Spring,,,4.6,,
2025-04-23,US1NHRC0098,,,,US1NHRC0098,Spring,,,0.0,0.0,
2025-04-24,US1NHRC0098,,,,US1NHRC0098,Spring,,,0.0,0.0,
2025-04-25,US1NHRC0098,,,,US1NHRC0098,Spring,,,1.0,,
2025-04-26,US1NHRC0098,,,,US1NHRC0098,Spring,,,7.1,,
2025-03-30,US1NHRC0099,,,,US1NHRC0099,Spring,,,9.1,,
2025-03-31,US1NHRC0099,,,,US1NHRC0099,Spring,,,3.0,,
2025-04-01,US1NHRC0099,,,,US1NHRC0099,Spring,,,10.9,,
2025-04-02,US1NHRC0099,,,,US1NHRC0099,Spring,,,0.0,0.0,
2025-04-03,US1NHRC0099,,,,US1NHRC0099,Spring,,,17.3,,
2025-04-04,US1NHRC0099,,,,US1NHRC0099,Spring,,,6.9,,
2025-04-05,US1NHRC0099,,,,US1NHRC0099,Spring,,,0.0,0.0,
2025-04-06,US1NHRC0099,,,,US1NHRC0099,Spring,,,13.0,,
2025-04-07,US1NHRC0099,,,,US1NHRC0099,Spring,,,4.1,,
2025-04-08,US1NHRC0099,,,,US1NHRC0099,Spring,,,2.3,,
2025-04-09,US1NHRC0099,,,,US1NHRC0099,Spring,,,2.8,,
2025-04-10,US1NHRC0099,,,,US1NHRC0099,Spring,,,0.0,0.0,
2025-04-11,US1NHRC0099,,,,US1NHRC0099,Spring,,,0.0,,
2025-04-14,US1NHRC0099,,,,US1NHRC0099,Spring,,,2.8,,
2025-04-15,US1NHRC0099,,,,US1NHRC0099,Spring,,,0.0,0.0,
2025-04-16,US1NHRC0099,,,,US1NHRC0099,Spring,,,4.6,,
2025-04-17,US1NHRC0099,,,,US1NHRC0099,Spring,,,0.5,,
2025-04-18,US1NHRC0099,,,,US1NHRC0099,Spring,,,0.0,0.0,
2025-04-19,US1NHRC0099,,,,US1NHRC0099,Spring,,,0.0,0.0,
2025-04-20,US1NHRC0099,,,,US1NHRC0099,Spring,,,0.8,,
2025-04-21,US1NHRC0099,,,,US1NHRC0099,Spring,,,0.0,0.0,
2025-04-22,US1NHRC0099,,,,US1NHRC0099,Spring,,,3.3,,
2025-04-23,US1NHRC0099,,,,US1NHRC0099,Spring,,,0.5,,
2025-04-24,US1NHRC0099,,,,US1NHRC0099,Spring,,,0.0,0.0,
2025-04-25,US1NHRC0099,,,,US1NHRC0099,Spring,,,0.8,,
2025-04-26,US1NHRC0099,,,,US1NHRC0099,Spring,,,5.8,,
2025-03-30,US1NHRC0101,,,,US1NHRC0101,Spring,,,8.4,0.0,0.0
2025-03-31,US1NHRC0101,,,,US1NHRC0101,Spring,,,4.6,0.0,0.0
2025-04-01,US1NHRC0101,,,,US1NHRC0101,Spring,,,11.4,0.0,0.0
2025-04-02,US1NHRC0101,,,,US1NHRC0101,Spring,,,0.0,0.0,0.0
2025-04-03,US1NHRC0101,,,,US1NHRC0101,Spring,,,16.8,0.0,0.0
2025-04-04,US1NHRC0101,,,,US1NHRC0101,Spring,,,6.6,0.0,0.0
2025-04-05,US1NHRC0101,,,,US1NHRC0101,Spring,,,0.0,0.0,0.0
2025-04-06,US1NHRC0101,,,,US1NHRC0101,Spring,,,10.2,0.0,0.0
2025-04-07,US1NHRC0101,,,,US1NHRC0101,Spring,,,4.3,0.0,0.0
2025-04-08,US1NHRC0101,,,,US1NHRC0101,Spring,,,1.5,0.0,0.0
2025-04-09,US1NHRC0101,,,,US1NHRC0101,Spring,,,2.5,0.0,0.0
2025-04-10,US1NHRC0101,,,,US1NHRC0101,Spring,,,0.0,0.0,0.0
2025-04-11,US1NHRC0101,,,,US1NHRC0101,Spring,,,2.8,8.0,0.0
2025-04-12,US1NHRC0101,,,,US1NHRC0101,Spring,,,8.6,74.0,64.0
2025-04-13,US1NHRC0101,,,,US1NHRC0101,Spring,,,2.5,28.0,0.0
2025-04-14,US1NHRC0101,,,,US1NHRC0101,Spring,,,2.8,0.0,0.0
2025-04-15,US1NHRC0101,,,,US1NHRC0101,Spring,,,2.8,0.0,0.0
2025-04-16,US1NHRC0101,,,,US1NHRC0101,Spring,,,2.5,0.0,0.0
2025-04-17,US1NHRC0101,,,,US1NHRC0101,Spring,,,0.0,0.0,0.0
2025-04-18,US1NHRC0101,,,,US1NHRC0101,Spring,,,0.0,0.0,0.0
2025-04-19,US1NHRC0101,,,,US1NHRC0101,Spring,,,0.0,0.0,0.0
2025-04-20,US1NHRC0101,,,,US1NHRC0101,Spring,,,0.8,0.0,0.0
2025-04-21,US1NHRC0101,,,,US1NHRC0101,Spring,,,0.0,0.0,0.0
2025-04-22,US1NHRC0101,,,,US1NHRC0101,Spring,,,4.3,0.0,0.0
2025-04-23,US1NHRC0101,,,,US1NHRC0101,Spring,,,0.0,0.0,0.0
2025-03-31,US1NHRC0102,,,,US1NHRC0102,Spring,,,,,
2025-04-01,US1NHRC0102,,,,US1NHRC0102,Spring,,,12.4,,
2025-04-02,US1NHRC0102,,,,US1NHRC0102,Spring,,,0.0,0.0,
2025-04-03,US1NHRC0102,,,,US1NHRC0102,Spring,,,23.4,,
2025-04-04,US1NHRC0102,,,,US1NHRC0102,Spring,,,0.0,0.0,
2025-04-05,US1NHRC0102,,,,US1NHRC0102,Spring,,,0.0,0.0,
2025-04-06,US1NHRC0102,,,,US1NHRC0102,Spring,,,12.2,,
2025-04-08,US1NHRC0102,,,,US1NHRC0102,Spring,,,1.3,,
2025-04-09,US1NHRC0102,,,,US1NHRC0102,Spring,,,2.3,,
2025-04-10,US1NHRC0102,,,,US1NHRC0102,Spring,,,0.0,0.0,
2025-04-13,US1NHRC0102,,,,US1NHRC0102,Spring,,,,,
2025-04-14,US1NHRC0102,,,,US1NHRC0102,Spring,,,1.5,,
2025-04-15,US1NHRC0102,,,,US1NHRC0102,Spring,,,2.0,,
2025-04-16,US1NHRC0102,,,,US1NHRC0102,Spring,,,3.0,,
2025-04-17,US1NHRC0102,,,,US1NHRC0102,Spring,,,0.0,0.0,
2025-04-18,US1NHRC0102,,,,US1NHRC0102,Spring,,,0.0,0.0,
2025-04-19,US1NHRC0102,,,,US1NHRC0102,Spring,,,0.0,0.0,
2025-04-20,US1NHRC0102,,,,US1NHRC0102,Spring,,,1.0,,
2025-04-21,US1NHRC0102,,,,US1NHRC0102,Spring,,,0.0,0.0,
2025-04-22,US1NHRC0102,,,,US1NHRC0102,Spring,,,3.3,,
2025-04-23,US1NHRC0102,,,,US1NHRC0102,Spring,,,0.0,0.0,
2025-04-25,US1NHRC0102,,,,US1NHRC0102,Spring,,,0.5,,
2025-04-26,US1NHRC0102,,,,US1NHRC0102,Spring,,,14.2,,
2025-03-30,US1NHSL0003,,,,US1NHSL0003,Spring,,,16.5,0.0,0.0
2025-03-31,US1NHSL0003,,,,US1NHSL0003,Spring,,,4.6,,0.0
2025-04-01,US1NHSL0003,,,,US1NHSL0003,Spring,,,1.8,,
2025-04-02,US1NHSL0003,,,,US1NHSL0003,Spring,,,0.0,0.0,
2025-04-03,US1NHSL0003,,,,US1NHSL0003,Spring,,,11.9,0.0,0.0
2025-04-04,US1NHSL0003,,,,US1NHSL0003,Spring,,,0.0,0.0,
2025-04-05,US1NHSL0003,,,,US1NHSL0003,Spring,,,0.0,0.0,
2025-04-06,US1NHSL0003,,,,US1NHSL0003,Spring,,,7.4,,
2025-04-07,US1NHSL0003,,,,US1NHSL0003,Spring,,,1.3,13.0,13.0
2025-04-08,US1NHSL0003,,,,US1NHSL0003,Spring,,,1.3,25.0,13.0
2025-04-09,US1NHSL0003,,,,US1NHSL0003,Spring,,,0.3,0.0,
2025-04-10,US1NHSL0003,,,,US1NHSL0003,Spring,,,0.0,0.0,
2025-04-11,US1NHSL0003,,,,US1NHSL0003,Spring,,,1.0,0.0,0.0
2025-04-12,US1NHSL0003,,,,US1NHSL0003,Spring,,,0.0,13.0,
2025-04-13,US1NHSL0003,,,,US1NHSL0003,Spring,,,3.8,51.0,0.0
2025-04-14,US1NHSL0003,,,,US1NHSL0003,Spring,,,0.0,0.0,
2025-04-15,US1NHSL0003,,,,US1NHSL0003,Spring,,,2.8,,
2025-04-16,US1NHSL0003,,,,US1NHSL0003,Spring,,,0.0,0.0,
2025-04-17,US1NHSL0003,,,,US1NHSL0003,Spring,,,0.0,0.0,
2025-04-18,US1NHSL0003,,,,US1NHSL0003,Spring,,,0.0,0.0,
2025-04-19,US1NHSL0003,,,,US1NHSL0003,Spring,,,0.0,,
2025-04-20,US1NHSL0003,,,,US1NHSL0003,Spring,,,2.5,,
2025-04-21,US1NHSL0003,,,,US1NHSL0003,Spring,,,0.0,0.0,
2025-04-22,US1NHSL0003,,,,US1NHSL0003,Spring,,,2.5,,
2025-04-23,US1NHSL0003,,,,US1NHSL0003,Spring,,,0.0,0.0,
2025-04-24,US1NHSL0003,,,,US1NHSL0003,Spring,,,0.0,0.0,
2025-04-25,US1NHSL0003,,,,US1NHSL0003,Spring,,,3.0,,
2025-03-30,US1NHSL0008,,,,US1NHSL0008,Spring,,,15.5,,
2025-03-31,US1NHSL0008,,,,US1NHSL0008,Spring,,,6.1,,
2025-04-01,US1NHSL0008,,,,US1NHSL0008,Spring,,,4.6,,
2025-04-02,US1NHSL0008,,,,US1NHSL0008,Spring,,,0.0,0.0,
2025-04-03,US1NHSL0008,,,,US1NHSL0008,Spring,,,11.4,10.0,
2025-04-04,US1NHSL0008,,,,US1NHSL0008,Spring,,,2.5,,
2025-04-05,US1NHSL0008,,,,US1NHSL0008,Spring,,,0.0,0.0,
2025-04-06,US1NHSL0008,,,,US1NHSL0008,Spring,,,9.4,,
2025-04-07,US1NHSL0008,,,,US1NHSL0008,Spring,,,0.0,0.0,
2025-04-08,US1NHSL0008,,,,US1NHSL0008,Spring,,,1.0,8.0,
2025-04-09,US1NHSL0008,,,,US1NHSL0008,Spring,,,1.5,,
2025-04-10,US1NHSL0008,,,,US1NHSL0008,Spring,,,0.0,0.0,
2025-04-11,US1NHSL0008,,,,US1NHSL0008,Spring,,,2.5,25.0,
2025-04-12,US1NHSL0008,,,,US1NHSL0008,Spring,,,5.3,61.0,
2025-04-13,US1NHSL0008,,,,US1NHSL0008,Spring,,,3.8,,
2025-04-14,US1NHSL0008,,,,US1NHSL0008,Spring,,,0.0,0.0,
2025-04-15,US1NHSL0008,,,,US1NHSL0008,Spring,,,3.3,,
2025-04-16,US1NHSL0008,,,,US1NHSL0008,Spring,,,0.0,0.0,
2025-04-17,US1NHSL0008,,,,US1NHSL0008,Spring,,,0.0,0.0,
2025-04-18,US1NHSL0008,,,,US1NHSL0008,Spring,,,0.0,0.0,
2025-04-19,US1NHSL0008,,,,US1NHSL0008,Spring,,,0.0,0.0,
2025-04-20,US1NHSL0008,,,,US1NHSL0008,Spring,,,0.8,0.0,
2025-04-21,US1NHSL0008,,,,US1NHSL0008,Spring,,,0.0,0.0,
2025-04-22,US1NHSL0008,,,,US1NHSL0008,Spring,,,5.1,,
2025-04-23,US1NHSL0008,,,,US1NHSL0008,Spring,,,0.0,0.0,
2025-04-24,US1NHSL0008,,,,US1NHSL0008,Spring,,,0.0,0.0,
2025-04-25,US1NHSL0008,,,,US1NHSL0008,Spring,,,1.0,,
2025-04-26,US1NHSL0008,,,,US1NHSL0008,Spring,,,16.0,,
2025-03-30,US1NHSL0015,,,,US1NHSL0015,Spring,,,10.9,,
2025-03-31,US1NHSL0015,,,,US1NHSL0015,Spring,,,5.1,,
2025-04-01,US1NHSL0015,,,,US1NHSL0015,Spring,,,1.5,,
2025-04-02,US1NHSL0015,,,,US1NHSL0015,Spring,,,0.0,0.0,
2025-04-03,US1NHSL0015,,,,US1NHSL0015,Spring,,,10.9,,
2025-04-04,US1NHSL0015,,,,US1NHSL0015,Spring,,,2.0,,
2025-04-05,US1NHSL0015,,,,US1NHSL0015,Spring,,,0.0,0.0,
2025-04-06,US1NHSL0015,,,,US1NHSL0015,Spring,,,5.1,,
2025-04-07,US1NHSL0015,,,,US1NHSL0015,Spring,,,0.0,0.0,
2025-04-08,US1NHSL0015,,,,US1NHSL0015,Spring,,,0.0,0.0,
2025-04-09,US1NHSL0015,,,,US1NHSL0015,Spring,,,0.8,0.0,
2025-04-10,US1NHSL0015,,,,US1NHSL0015,Spring,,,0.0,0.0,
2025-04-11,US1NHSL0015,,,,US1NHSL0015,Spring,,,0.5,,
2025-04-12,US1NHSL0015,,,,US1NHSL0015,Spring,,,0.3,,
2025-04-13,US1NHSL0015,,,,US1NHSL0015,Spring,,,6.1,25.0,
2025-04-14,US1NHSL0015,,,,US1NHSL0015,Spring,,,0.0,0.0,
2025-04-15,US1NHSL0015,,,,US1NHSL0015,Spring,,,1.5,,
2025-04-16,US1NHSL0015,,,,US1NHSL0015,Spring,,,0.0,0.0,
2025-04-17,US1NHSL0015,,,,US1NHSL0015,Spring,,,0.0,,
2025-04-18,US1NHSL0015,,,,US1NHSL0015,Spring,,,0.0,0.0,
2025-04-19,US1NHSL0015,,,,US1NHSL0015,Spring,,,0.0,0.0,
2025-04-20,US1NHSL0015,,,,US1NHSL0015,Spring,,,1.3,,
2025-04-21,US1NHSL0015,,,,US1NHSL0015,Spring,,,0.0,0.0,
2025-04-22,US1NHSL0015,,,,US1NHSL0015,Spring,,,2.3,,
2025-04-23,US1NHSL0015,,,,US1NHSL0015,Spring,,,0.0,0.0,
2025-04-24,US1NHSL0015,,,,US1NHSL0015,Spring,,,0.0,0.0,
2025-04-25,US1NHSL0015,,,,US1NHSL0015,Spring,,,1.5,,
2025-04-26,US1NHSL0015,,,,US1NHSL0015,Spring,,,8.9,,
2025-04-01,US1NHST0014,,,,US1NHST0014,Spring,,,10.7,0.0,0.0
2025-04-02,US1NHST0014,,,,US1NHST0014,Spring,,,0.0,0.0,0.0
2025-04-03,US1NHST0014,,,,US1NHST0014,Spring,,,12.7,0.0,0.0
2025-04-04,US1NHST0014,,,,US1NHST0014,Spring,,,9.7,0.0,0.0
2025-04-05,US1NHST0014,,,,US1NHST0014,Spring,,,0.0,0.0,0.0
2025-04-06,US1NHST0014,,,,US1NHST0014,Spring,,,8.6,0.0,0.0
2025-04-07,US1NHST0014,,,,US1NHST0014,Spring,,,4.8,0.0,0.0
2025-04-08,US1NHST0014,,,,US1NHST0014,Spring,,,1.0,0.0,0.0
2025-04-09,US1NHST0014,,,,US1NHST0014,Spring,,,2.5,0.0,0.0
2025-04-10,US1NHST0014,,,,US1NHST0014,Spring,,,0.0,0.0,0.0
2025-04-11,US1NHST0014,,,,US1NHST0014,Spring,,,2.8,0.0,0.0
2025-04-22,US1NHST0014,,,,US1NHST0014,Spring,,,5.3,0.0,0.0
2025-04-26,US1NHST0014,,,,US1NHST0014,Spring,,,5.1,0.0,0.0
2025-03-30,US1NHST0031,,,,US1NHST0031,Spring,,,13.2,0.0,0.0
2025-03-31,US1NHST0031,,,,US1NHST0031,Spring,,,4.1,0.0,0.0
2025-04-01,US1NHST0031,,,,US1NHST0031,Spring,,,8.1,,
2025-04-02,US1NHST0031,,,,US1NHST0031,Spring,,,0.0,0.0,
2025-04-03,US1NHST0031,,,,US1NHST0031,Spring,,,18.8,0.0,0.0
2025-04-04,US1NHST0031,,,,US1NHST0031,Spring,,,3.3,,
2025-04-05,US1NHST0031,,,,US1NHST0031,Spring,,,0.0,0.0,
2025-04-06,US1NHST0031,,,,US1NHST0031,Spring,,,11.4,,
2025-04-07,US1NHST0031,,,,US1NHST0031,Spring,,,3.6,0.0,0.0
2025-04-08,US1NHST0031,,,,US1NHST0031,Spring,,,1.5,0.0,0.0
2025-04-09,US1NHST0031,,,,US1NHST0031,Spring,,,3.0,,
2025-04-10,US1NHST0031,,,,US1NHST0031,Spring,,,0.0,0.0,
2025-04-11,US1NHST0031,,,,US1NHST0031,Spring,,,3.8,13.0,13.0
2025-04-12,US1NHST0031,,,,US1NHST0031,Spring,,,2.5,25.0,25.0
2025-04-13,US1NHST0031,,,,US1NHST0031,Spring,,,9.4,38.0,38.0
2025-04-14,US1NHST0031,,,,US1NHST0031,Spring,,,5.1,,0.0
2025-04-15,US1NHST0031,,,,US1NHST0031,Spring,,,6.4,,
2025-04-16,US1NHST0031,,,,US1NHST0031,Spring,,,7.1,,
2025-04-17,US1NHST0031,,,,US1NHST0031,Spring,,,0.0,0.0,
2025-04-18,US1NHST0031,,,,US1NHST0031,Spring,,,0.0,0.0,
2025-04-19,US1NHST0031,,,,US1NHST0031,Spring,,,0.0,,
2025-04-20,US1NHST0031,,,,US1NHST0031,Spring,,,5.8,,
2025-04-21,US1NHST0031,,,,US1NHST0031,Spring,,,0.0,0.0,
2025-04-22,US1NHST0031,,,,US1NHST0031,Spring,,,4.1,,
2025-04-23,US1NHST0031,,,,US1NHST0031,Spring,,,0.0,,
2025-04-24,US1NHST0031,,,,US1NHST0031,Spring,,,0.0,0.0,
2025-04-25,US1NHST0031,,,,US1NHST0031,Spring,,,1.0,,
2025-04-26,US1NHST0031,,,,US1NHST0031,Spring,,,11.4,,
2025-03-30,US1NHST0037,,,,US1NHST0037,Spring,,,3.8,,
2025-03-31,US1NHST0037,,,,US1NHST0037,Spring,,,6.4,,
2025-04-01,US1NHST0037,,,,US1NHST0037,Spring,,,10.9,,
2025-04-02,US1NHST0037,,,,US1NHST0037,Spring,,,0.0,0.0,
2025-04-03,US1NHST0037,,,,US1NHST0037,Spring,,,12.7,,
2025-04-04,US1NHST0037,,,,US1NHST0037,Spring,,,9.4,,
2025-04-05,US1NHST0037,,,,US1NHST0037,Spring,,,0.0,0.0,
2025-04-06,US1NHST0037,,,,US1NHST0037,Spring,,,8.4,,
2025-04-07,US1NHST0037,,,,US1NHST0037,Spring,,,5.6,,
2025-04-08,US1NHST0037,,,,US1NHST0037,Spring,,,1.0,,
2025-04-09,US1NHST0037,,,,US1NHST0037,Spring,,,2.5,,
2025-04-10,US1NHST0037,,,,US1NHST0037,Spring,,,0.0,0.0,
2025-04-11,US1NHST0037,,,,US1NHST0037,Spring,,,2.3,,
2025-04-12,US1NHST0037,,,,US1NHST0037,Spring,,,6.4,10.0,
2025-04-13,US1NHST0037,,,,US1NHST0037,Spring,,,8.1,,
2025-04-14,US1NHST0037,,,,US1NHST0037,Spring,,,4.6,,
2025-04-15,US1NHST0037,,,,US1NHST0037,Spring,,,5.8,,
2025-04-16,US1NHST0037,,,,US1NHST0037,Spring,,,1.8,,
2025-04-17,US1NHST0037,,,,US1NHST0037,Spring,,,0.0,0.0,
2025-04-18,US1NHST0037,,,,US1NHST0037,Spring,,,0.0,0.0,
2025-04-19,US1NHST0037,,,,US1NHST0037,Spring,,,0.0,0.0,
2025-04-20,US1NHST0037,,,,US1NHST0037,Spring,,,1.3,,
2025-04-21,US1NHST0037,,,,US1NHST0037,Spring,,,0.0,0.0,
2025-04-22,US1NHST0037,,,,US1NHST0037,Spring,,,6.1,,
2025-04-23,US1NHST0037,,,,US1NHST0037,Spring,,,0.0,0.0,
2025-04-24,US1NHST0037,,,,US1NHST0037,Spring,,,0.0,0.0,
2025-04-25,US1NHST0037,,,,US1NHST0037,Spring,,,0.5,,
2025-03-30,US1NHST0040,,,,US1NHST0040,Spring,,,7.9,,
2025-03-31,US1NHST0040,,,,US1NHST0040,Spring,,,7.6,,
2025-04-01,US1NHST0040,,,,US1NHST0040,Spring,,,10.7,,
2025-04-02,US1NHST0040,,,,US1NHST0040,Spring,,,0.0,0.0,
2025-04-03,US1NHST0040,,,,US1NHST0040,Spring,,,11.2,,
2025-04-04,US1NHST0040,,,,US1NHST0040,Spring,,,9.9,0.0,
2025-04-05,US1NHST0040,,,,US1NHST0040,Spring,,,0.0,0.0,
2025-04-06,US1NHST0040,,,,US1NHST0040,Spring,,,8.6,,
2025-04-07,US1NHST0040,,,,US1NHST0040,Spring,,,3.6,,
2025-04-08,US1NHST0040,,,,US1NHST0040,Spring,,,1.5,,
2025-04-09,US1NHST0040,,,,US1NHST0040,Spring,,,2.5,,
2025-04-10,US1NHST0040,,,,US1NHST0040,Spring,,,0.0,0.0,
2025-04-11,US1NHST0040,,,,US1NHST0040,Spring,,,2.5,0.0,
2025-04-12,US1NHST0040,,,,US1NHST0040,Spring,,,5.3,13.0,
2025-04-13,US1NHST0040,,,,US1NHST0040,Spring,,,8.6,,
2025-04-14,US1NHST0040,,,,US1NHST0040,Spring,,,3.3,,
2025-04-15,US1NHST0040,,,,US1NHST0040,Spring,,,4.1,,
2025-04-16,US1NHST0040,,,,US1NHST0040,Spring,,,7.4,,
2025-04-17,US1NHST0040,,,,US1NHST0040,Spring,,,0.0,0.0,
2025-04-18,US1NHST0040,,,,US1NHST0040,Spring,,,0.0,0.0,
2025-04-19,US1NHST0040,,,,US1NHST0040,Spring,,,0.0,0.0,
2025-04-20,US1NHST0040,,,,US1NHST0040,Spring,,,1.0,,
2025-04-21,US1NHST0040,,,,US1NHST0040,Spring,,,0.0,0.0,
2025-04-22,US1NHST0040,,,,US1NHST0040,Spring,,,5.3,,
2025-04-23,US1NHST0040,,,,US1NHST0040,Spring,,,0.0,0.0,
2025-04-24,US1NHST0040,,,,US1NHST0040,Spring,,,0.0,0.0,
2025-04-25,US1NHST0040,,,,US1NHST0040,Spring,,,0.8,,
2025-04-26,US1NHST0040,,,,US1NHST0040,Spring,,,3.3,,
2025-03-31,US1NHST0049,,,,US1NHST0049,Spring,,,,,
2025-04-03,US1NHST0049,,,,US1NHST0049,Spring,,,10.9,,
2025-04-04,US1NHST0049,,,,US1NHST0049,Spring,,,8.4,,
2025-04-06,US1NHST0049,,,,US1NHST0049,Spring,,,9.4,,
2025-04-07,US1NHST0049,,,,US1NHST0049,Spring,,,2.3,,
2025-04-08,US1NHST0049,,,,US1NHST0049,Spring,,,0.3,,
2025-04-09,US1NHST0049,,,,US1NHST0049,Spring,,,0.5,,
2025-04-10,US1NHST0049,,,,US1NHST0049,Spring,,,0.0,0.0,
2025-04-11,US1NHST0049,,,,US1NHST0049,Spring,,,0.0,0.0,
2025-04-13,US1NHST0049,,,,US1NHST0049,Spring,,,,,
2025-04-14,US1NHST0049,,,,US1NHST0049,Spring,,,4.6,,
2025-04-15,US1NHST0049,,,,US1NHST0049,Spring,,,6.4,,
2025-04-16,US1NHST0049,,,,US1NHST0049,Spring,,,9.9,,
2025-04-20,US1NHST0049,,,,US1NHST0049,Spring,,,1.8,,
2025-04-22,US1NHST0049,,,,US1NHST0049,Spring,,,4.3,,
2025-03-30,US1NHST0050,,,,US1NHST0050,Spring,,,25.1,,
2025-03-31,US1NHST0050,,,,US1NHST0050,Spring,,,6.4,,
2025-04-01,US1NHST0050,,,,US1NHST0050,Spring,,,7.1,,
2025-04-02,US1NHST0050,,,,US1NHST0050,Spring,,,0.0,0.0,
2025-04-03,US1NHST0050,,,,US1NHST0050,Spring,,,13.2,,
2025-04-04,US1NHST0050,,,,US1NHST0050,Spring,,,8.1,,
2025-04-05,US1NHST0050,,,,US1NHST0050,Spring,,,0.0,0.0,
2025-04-06,US1NHST0050,,,,US1NHST0050,Spring,,,10.2,,
2025-04-07,US1NHST0050,,,,US1NHST0050,Spring,,,0.0,,
2025-04-08,US1NHST0050,,,,US1NHST0050,Spring,,,3.0,,
2025-04-09,US1NHST0050,,,,US1NHST0050,Spring,,,0.0,,
2025-04-10,US1NHST0050,,,,US1NHST0050,Spring,,,0.0,0.0,
2025-04-11,US1NHST0050,,,,US1NHST0050,Spring,,,0.0,,
2025-04-12,US1NHST0050,,,,US1NHST0050,Spring,,,4.8,25.0,
2025-04-13,US1NHST0050,,,,US1NHST0050,Spring,,,7.6,,
2025-04-14,US1NHST0050,,,,US1NHST0050,Spring,,,2.5,,
2025-04-15,US1NHST0050,,,,US1NHST0050,Spring,,,7.9,,
2025-04-16,US1NHST0050,,,,US1NHST0050,Spring,,,1.5,,
2025-04-17,US1NHST0050,,,,US1NHST0050,Spring,,,0.0,0.0,
2025-04-18,US1NHST0050,,,,US1NHST0050,Spring,,,0.0,0.0,
2025-04-19,US1NHST0050,,,,US1NHST0050,Spring,,,0.5,,
2025-04-20,US1NHST0050,,,,US1NHST0050,Spring,,,0.5,,
2025-04-21,US1NHST0050,,,,US1NHST0050,Spring,,,0.0,0.0,
2025-04-22,US1NHST0050,,,,US1NHST0050,Spring,,,2.8,,
2025-04-23,US1NHST0050,,,,US1NHST0050,Spring,,,0.0,,
2025-04-24,US1NHST0050,,,,US1NHST0050,Spring,,,0.0,0.0,
2025-04-25,US1NHST0050,,,,US1NHST0050,Spring,,,2.0,,
2025-04-26,US1NHST0050,,,,US1NHST0050,Spring,,,9.9,,
2025-03-30,US1NHST0055,,,,US1NHST0055,Spring,,,7.1,,
2025-03-31,US1NHST0055,,,,US1NHST0055,Spring,,,4.3,,
2025-04-01,US1NHST0055,,,,US1NHST0055,Spring,,,7.9,,
2025-04-02,US1NHST0055,,,,US1NHST0055,Spring,,,0.0,0.0,
2025-04-03,US1NHST0055,,,,US1NHST0055,Spring,,,11.4,,
2025-04-04,US1NHST0055,,,,US1NHST0055,Spring,,,6.1,,
2025-04-05,US1NHST0055,,,,US1NHST0055,Spring,,,0.0,0.0,
2025-04-07,US1NHST0055,,,,US1NHST0055,Spring,,,,,
2025-04-08,US1NHST0055,,,,US1NHST0055,Spring,,,0.0,,
2025-04-09,US1NHST0055,,,,US1NHST0055,Spring,,,1.0,,
2025-04-10,US1NHST0055,,,,US1NHST0055,Spring,,,0.0,0.0,
2025-04-11,US1NHST0055,,,,US1NHST0055,Spring,,,1.5,,
2025-04-12,US1NHST0055,,,,US1NHST0055,Spring,,,12.4,51.0,
2025-04-13,US1NHST0055,,,,US1NHST0055,Spring,,,2.3,,
2025-04-14,US1NHST0055,,,,US1NHST0055,Spring,,,2.8,,
2025-04-15,US1NHST0055,,,,US1NHST0055,Spring,,,5.3,,
2025-04-16,US1NHST0055,,,,US1NHST0055,Spring,,,6.4,,
2025-04-17,US1NHST0055,,,,US1NHST0055,Spring,,,0.0,0.0,
2025-04-18,US1NHST0055,,,,US1NHST0055,Spring,,,0.0,0.0,
2025-04-19,US1NHST0055,,,,US1NHST0055,Spring,,,0.0,,
2025-04-20,US1NHST0055,,,,US1NHST0055,Spring,,,2.5,,
2025-04-21,US1NHST0055,,,,US1NHST0055,Spring,,,0.0,0.0,
2025-04-22,US1NHST0055,,,,US1NHST0055,Spring,,,3.6,,
2025-04-23,US1NHST0055,,,,US1NHST0055,Spring,,,0.0,,
2025-04-24,US1NHST0055,,,,US1NHST0055,Spring,,,0.0,0.0,
2025-04-25,US1NHST0055,,,,US1NHST0055,Spring,,,0.5,,
2025-03-30,USC00270690,,,,USC00270690,Spring,-2.8,1.1,1.5,13.0,76.0
2025-03-31,USC00270690,,,,USC00270690,Spring,-1.7,0.6,10.4,0.0,76.0
2025-04-01,USC00270690,,,,USC00270690,Spring,0.0,10.0,8.4,0.0,25.0
2025-04-02,USC00270690,,,,USC00270690,Spring,-8.9,2.8,0.0,0.0,0.0
2025-04-03,USC00270690,,,,USC00270690,Spring,-8.9,5.0,5.8,3.0,0.0
2025-04-04,USC00270690,,,,USC00270690,Spring,0.6,16.1,9.4,0.0,0.0
2025-04-05,USC00270690,,,,USC00270690,Spring,-1.1,8.9,0.0,0.0,0.0
2025-04-06,USC00270690,,,,USC00270690,Spring,0.6,4.4,5.6,0.0,0.0
2025-04-07,USC00270690,,,,USC00270690,Spring,-0.6,8.9,0.5,0.0,0.0
2025-04-08,USC00270690,,,,USC00270690,Spring,-0.6,6.1,0.0,0.0,0.0
2025-04-09,USC00270690,,,,USC00270690,Spring,-7.2,1.7,3.6,3.0,25.0
2025-04-10,USC00270690,,,,USC00270690,Spring,-7.8,1.7,0.0,0.0,0.0
2025-04-11,USC00270690,,,,USC00270690,Spring,-7.8,9.4,0.3,0.0,0.0
2025-04-12,USC00270690,,,,USC00270690,Spring,0.0,6.1,0.0,0.0,0.0
2025-04-13,USC00270690,,,,USC00270690,Spring,0.6,3.3,5.3,0.0,0.0
2025-04-14,USC00270690,,,,USC00270690,Spring,-0.6,4.4,1.5,0.0,0.0
2025-04-15,USC00270690,,,,USC00270690,Spring,1.1,15.6,0.8,0.0,0.0
2025-04-16,USC00270690,,,,USC00270690,Spring,1.7,18.9,1.8,0.0,0.0
2025-04-17,USC00270690,,,,USC00270690,Spring,-0.6,4.4,0.0,0.0,0.0
2025-04-18,USC00270690,,,,USC00270690,Spring,-2.8,8.3,0.0,0.0,0.0
2025-04-19,USC00270690,,,,USC00270690,Spring,-2.2,18.3,1.0,0.0,0.0
2025-04-20,USC00270690,,,,USC00270690,Spring,3.3,20.6,4.6,0.0,0.0
2025-04-21,USC00270690,,,,USC00270690,Spring,-2.2,8.3,0.0,0.0,0.0
2025-04-22,USC00270690,,,,USC00270690,Spring,-1.1,18.3,1.0,0.0,0.0
2025-04-23,USC00270690,,,,USC00270690,Spring,4.4,18.3,0.0,0.0,0.0
2025-04-24,USC00270690,,,,USC00270690,Spring,-0.6,15.6,0.0,0.0,0.0
2025-04-25,USC00270690,,,,USC00270690,Spring,0.6,20.0,1.5,0.0,0.0
2025-03-30,USC00270913,,,,USC00270913,Spring,-2.2,8.3,,,
2025-03-31,USC00270913,,,,USC00270913,Spring,-1.1,2.2,21.6,0.0,0.0
2025-04-01,USC00270913,,,,USC00270913,Spring,0.0,10.0,0.0,,
2025-04-02,USC00270913,,,,USC00270913,Spring,-5.0,6.1,0.0,,
2025-04-03,USC00270913,,,,USC00270913,Spring,-1.7,6.1,6.4,,
2025-03-30,USC00271190,,,,USC00271190,Spring,-6.7,-1.1,4.1,38.0,889.0
2025-03-31,USC00271190,,,,USC00271190,Spring,-6.1,5.6,3.6,0.0,838.0
2025-04-03,USC00271190,,,,USC00271190,Spring,-3.3,7.8,0.0,0.0,787.0
2025-04-04,USC00271190,,,,USC00271190,Spring,-5.0,10.0,0.0,0.0,660.0
2025-04-05,USC00271190,,,,USC00271190,Spring,-1.7,3.9,0.0,0.0,635.0
2025-04-06,USC00271190,,,,USC00271190,Spring,-3.9,1.7,9.1,25.0,635.0
2025-04-07,USC00271190,,,,USC00271190,Spring,-5.0,2.8,0.0,0.0,635.0
2025-04-08,USC00271190,,,,USC00271190,Spring,-5.6,0.6,0.0,0.0,635.0
2025-04-09,USC00271190,,,,USC00271190,Spring,-12.2,-1.1,5.3,178.0,762.0
2025-04-10,USC00271190,,,,USC00271190,Spring,-12.2,-3.3,0.0,0.0,711.0
2025-04-11,USC00271190,,,,USC00271190,Spring,-10.0,3.3,4.1,3.0,635.0
2025-04-14,USC00271190,,,,USC00271190,Spring,-3.9,1.1,7.9,51.0,813.0
2025-04-15,USC00271190,,,,USC00271190,Spring,-3.9,6.7,0.0,0.0,787.0
2025-04-16,USC00271190,,,,USC00271190,Spring,-3.9,11.1,0.0,0.0,711.0
2025-04-17,USC00271190,,,,USC00271190,Spring,-6.1,0.6,0.0,0.0,610.0
2025-04-18,USC00271190,,,,USC00271190,Spring,-5.0,1.1,0.0,0.0,610.0
2025-04-19,USC00271190,,,,USC00271190,Spring,-4.4,10.0,0.0,0.0,610.0
2025-04-20,USC00271190,,,,USC00271190,Spring,-4.4,12.2,0.0,0.0,0.0
2025-04-21,USC00271190,,,,USC00271190,Spring,-3.9,1.7,0.0,0.0,0.0
2025-04-26,USC00271190,,,,USC00271190,Spring,3.3,11.1,4.3,0.0,0.0
2025-03-30,USC00271647,,,,USC00271647,Spring,-5.6,1.7,2.0,51.0,76.0
2025-03-31,USC00271647,,,,USC00271647,Spring,-3.9,0.6,16.0,0.0,25.0
2025-04-01,USC00271647,,,,USC00271647,Spring,-0.6,11.7,5.8,,0.0
2025-04-02,USC00271647,,,,USC00271647,Spring,-9.4,1.1,0.3,,
2025-04-03,USC00271647,,,,USC00271647,Spring,-7.8,3.3,6.4,15.0,25.0
2025-04-04,USC00271647,,,,USC00271647,Spring,-0.6,8.9,15.7,,0.0
2025-04-05,USC00271647,,,,USC00271647,Spring,-3.3,8.9,0.3,,0.0
2025-04-06,USC00271647,,,,USC00271647,Spring,-2.8,6.1,10.7,,
2025-04-07,USC00271647,,,,USC00271647,Spring,-2.2,7.8,0.0,,
2025-04-11,USC00271647,,,,USC00271647,Spring,-10.6,7.8,0.5,8.0,0.0
2025-04-12,USC00271647,,,,USC00271647,Spring,-0.6,5.0,0.8,,0.0
2025-04-13,USC00271647,,,,USC00271647,Spring,0.0,3.9,4.3,,
2025-04-14,USC00271647,,,,USC00271647,Spring,-3.3,5.0,0.3,,
2025-04-15,USC00271647,,,,USC00271647,Spring,-3.3,14.4,0.0,,
2025-04-16,USC00271647,,,,USC00271647,Spring,-3.3,17.8,0.5,,
2025-04-17,USC00271647,,,,USC00271647,Spring,-1.7,1.7,2.0,30.0,25.0
2025-04-18,USC00271647,,,,USC00271647,Spring,-5.6,6.7,0.0,,0.0
2025-04-19,USC00271647,,,,USC00271647,Spring,-5.6,13.9,4.8,,
2025-03-30,USC00271800,,,,USC00271800,Spring,-4.4,-1.7,2.8,15.0,483.0
2025-03-31,USC00271800,,,,USC00271800,Spring,-3.3,2.8,7.9,10.0,406.0
2025-04-01,USC00271800,,,,USC00271800,Spring,-2.2,11.7,6.1,0.0,279.0
2025-04-02,USC00271800,,,,USC00271800,Spring,-10.6,0.6,0.0,0.0,279.0
2025-04-03,USC00271800,,,,USC00271800,Spring,-10.6,3.9,5.1,18.0,279.0
2025-04-04,USC00271800,,,,USC00271800,Spring,-1.7,15.0,5.8,0.0,229.0
2025-04-05,USC00271800,,,,USC00271800,Spring,-1.1,6.7,0.0,0.0,203.0
2025-04-06,USC00271800,,,,USC00271800,Spring,-1.1,1.7,6.6,0.0,203.0
2025-04-07,USC00271800,,,,USC00271800,Spring,-1.7,5.6,0.0,0.0,203.0
2025-04-08,USC00271800,,,,USC00271800,Spring,-2.2,3.3,0.0,0.0,203.0
2025-04-09,USC00271800,,,,USC00271800,Spring,-10.0,-1.7,6.1,91.0,330.0
2025-04-10,USC00271800,,,,USC00271800,Spring,-11.7,-0.6,0.0,0.0,305.0
2025-04-11,USC00271800,,,,USC00271800,Spring,-11.1,6.7,0.8,3.0,229.0
2025-04-12,USC00271800,,,,USC00271800,Spring,-11.1,6.7,0.8,3.0,229.0
2025-04-13,USC00271800,,,,USC00271800,Spring,-0.6,1.1,1.3,0.0,203.0
2025-04-14,USC00271800,,,,USC00271800,Spring,-1.1,2.2,1.0,0.0,178.0
2025-04-15,USC00271800,,,,USC00271800,Spring,-1.1,14.4,0.5,0.0,152.0
2025-04-16,USC00271800,,,,USC00271800,Spring,0.6,17.2,1.8,0.0,203.0
2025-04-17,USC00271800,,,,USC00271800,Spring,-2.8,0.6,6.4,5.0,152.0
2025-04-18,USC00271800,,,,USC00271800,Spring,-4.4,7.2,0.0,0.0,51.0
2025-04-19,USC00271800,,,,USC00271800,Spring,-3.9,15.6,2.0,0.0,0.0
2025-04-20,USC00271800,,,,USC00271800,Spring,2.2,20.0,1.5,0.0,0.0
2025-04-21,USC00271800,,,,USC00271800,Spring,-3.3,7.8,0.0,0.0,0.0
2025-04-22,USC00271800,,,,USC00271800,Spring,-3.3,15.6,1.0,0.0,0.0
2025-04-23,USC00271800,,,,USC00271800,Spring,2.2,18.3,0.0,0.0,0.0
2025-04-24,USC00271800,,,,USC00271800,Spring,-1.7,14.4,0.0,0.0,0.0
2025-04-25,USC00271800,,,,USC00271800,Spring,-0.6,19.4,0.8,0.0,0.0
2025-04-26,USC00271800,,,,USC00271800,Spring,4.4,19.4,4.6,0.0,0.0
2025-03-30,USC00272302,,,,USC00272302,Spring,-0.6,0.6,8.9,0.0,0.0
2025-03-31,USC00272302,,,,USC00272302,Spring,0.0,2.8,3.3,0.0,0.0
2025-04-01,USC00272302,,,,USC00272302,Spring,1.7,15.6,0.0,0.0,0.0
2025-04-02,USC00272302,,,,USC00272302,Spring,-2.2,10.0,0.0,0.0,0.0
2025-04-03,USC00272302,,,,USC00272302,Spring,-1.7,7.8,22.9,0.0,0.0
2025-04-04,USC00272302,,,,USC00272302,Spring,1.7,12.2,7.4,0.0,0.0
2025-04-05,USC00272302,,,,USC00272302,Spring,2.2,18.9,0.0,0.0,
2025-04-06,USC00272302,,,,USC00272302,Spring,2.8,6.7,12.7,0.0,0.0
2025-04-07,USC00272302,,,,USC00272302,Spring,0.6,12.8,6.9,,
2025-04-08,USC00272302,,,,USC00272302,Spring,0.6,3.3,3.8,,0.0
2025-04-09,USC00272302,,,,USC00272302,Spring,-3.9,4.4,0.0,0.0,0.0
2025-04-10,USC00272302,,,,USC00272302,Spring,-4.4,7.8,1.5,0.0,0.0
2025-04-11,USC00272302,,,,USC00272302,Spring,-2.8,10.6,2.5,0.0,0.0
2025-04-12,USC00272302,,,,USC00272302,Spring,-2.8,10.6,14.7,64.0,76.0
2025-04-13,USC00272302,,,,USC00272302,Spring,0.0,2.2,3.6,0.0,0.0
2025-04-14,USC00272302,,,,USC00272302,Spring,2.2,8.9,0.0,0.0,0.0
2025-04-15,USC00272302,,,,USC00272302,Spring,5.6,20.0,0.5,0.0,0.0
2025-04-16,USC00272302,,,,USC00272302,Spring,-1.1,21.1,0.0,0.0,0.0
2025-04-17,USC00272302,,,,USC00272302,Spring,3.3,10.0,4.6,0.0,0.0
2025-04-18,USC00272302,,,,USC00272302,Spring,-2.2,15.0,0.0,0.0,0.0
2025-04-19,USC00272302,,,,USC00272302,Spring,5.6,21.1,0.0,0.0,0.0
2025-04-20,USC00272302,,,,USC00272302,Spring,11.7,26.7,1.0,0.0,0.0
2025-04-21,USC00272302,,,,USC00272302,Spring,0.0,15.6,0.0,0.0,0.0
2025-04-22,USC00272302,,,,USC00272302,Spring,3.9,17.2,3.3,0.0,0.0
2025-04-23,USC00272302,,,,USC00272302,Spring,7.2,23.9,0.0,0.0,0.0
2025-04-24,USC00272302,,,,USC00272302,Spring,3.3,21.7,0.0,0.0,0.0
2025-04-25,USC00272302,,,,USC00272302,Spring,8.3,25.0,1.5,0.0,0.0
2025-04-26,USC00272302,,,,USC00272302,Spring,10.6,21.1,7.6,0.0,0.0
2025-03-30,USC00272303,,,,USC00272303,Spring,-2.2,0.6,10.4,81.0,152.0
2025-03-31,USC00272303,,,,USC00272303,Spring,-0.6,1.1,10.9,8.0,152.0
2025-04-01,USC00272303,,,,USC00272303,Spring,0.0,5.6,2.5,0.0,127.0
2025-04-02,USC00272303,,,,USC00272303,Spring,-5.6,6.7,0.0,0.0,51.0
2025-04-03,USC00272303,,,,USC00272303,Spring,-5.6,5.0,10.2,25.0,51.0
2025-04-04,USC00272303,,,,USC00272303,Spring,-0.6,8.3,9.1,3.0,25.0
2025-04-05,USC00272303,,,,USC00272303,Spring,0.6,13.9,0.0,0.0,25.0
2025-04-06,USC00272303,,,,USC00272303,Spring,0.6,5.0,9.7,0.0,25.0
2025-04-07,USC00272303,,,,USC00272303,Spring,1.7,12.8,1.0,0.0,0.0
2025-04-08,USC00272303,,,,USC00272303,Spring,0.0,5.6,0.0,0.0,0.0
2025-04-09,USC00272303,,,,USC00272303,Spring,-4.4,2.2,2.8,13.0,0.0
2025-04-10,USC00272303,,,,USC00272303,Spring,-7.2,5.6,0.0,0.0,0.0
2025-04-11,USC00272303,,,,USC00272303,Spring,-7.8,11.1,0.3,0.0,0.0
2025-04-12,USC00272303,,,,USC00272303,Spring,0.6,3.9,0.5,3.0,0.0
2025-04-13,USC00272303,,,,USC00272303,Spring,0.6,2.8,12.7,43.0,25.0
2025-04-14,USC00272303,,,,USC00272303,Spring,1.1,8.3,0.5,0.0,0.0
2025-04-15,USC00272303,,,,USC00272303,Spring,1.1,20.6,3.0,0.0,0.0
2025-04-16,USC00272303,,,,USC00272303,Spring,3.9,20.6,0.3,0.0,0.0
2025-04-17,USC00272303,,,,USC00272303,Spring,1.1,10.0,0.3,0.0,0.0
2025-04-18,USC00272303,,,,USC00272303,Spring,-2.2,13.3,0.0,0.0,0.0
2025-04-19,USC00272303,,,,USC00272303,Spring,-2.2,19.4,0.5,0.0,0.0
2025-04-20,USC00272303,,,,USC00272303,Spring,8.9,23.9,0.0,0.0,0.0
2025-04-21,USC00272303,,,,USC00272303,Spring,-1.7,13.9,0.0,0.0,0.0
2025-04-22,USC00272303,,,,USC00272303,Spring,-2.2,18.9,1.3,0.0,0.0
2025-04-23,USC00272303,,,,USC00272303,Spring,5.0,22.8,0.3,0.0,0.0
2025-04-24,USC00272303,,,,USC00272303,Spring,1.7,20.6,0.0,0.0,0.0
2025-04-25,USC00272303,,,,USC00272303,Spring,2.2,23.3,0.5,0.0,0.0
2025-04-26,USC00272303,,,,USC00272303,Spring,9.4,22.2,0.8,0.0,0.0
2025-03-30,USC00272800,,,,USC00272800,Spring,-0.6,0.6,6.6,0.0,0.0
2025-03-31,USC00272800,,,,USC00272800,Spring,0.0,3.3,4.8,0.0,0.0
2025-04-01,USC00272800,,,,USC00272800,Spring,2.2,15.6,7.9,0.0,0.0
2025-04-02,USC00272800,,,,USC00272800,Spring,-2.2,8.3,0.0,0.0,0.0
2025-04-03,USC00272800,,,,USC00272800,Spring,-1.1,7.2,14.7,0.0,0.0
2025-04-04,USC00272800,,,,USC00272800,Spring,2.2,10.6,6.9,0.0,0.0
2025-04-06,USC00272800,,,,USC00272800,Spring,2.8,6.1,9.4,0.0,0.0
2025-04-07,USC00272800,,,,USC00272800,Spring,1.7,11.7,4.1,0.0,0.0
2025-04-08,USC00272800,,,,USC00272800,Spring,0.6,3.3,1.0,0.0,0.0
2025-04-09,USC00272800,,,,USC00272800,Spring,-3.3,4.4,1.3,0.0,0.0
2025-04-10,USC00272800,,,,USC00272800,Spring,-6.7,7.2,0.0,0.0,0.0
2025-04-11,USC00272800,,,,USC00272800,Spring,-5.6,10.0,2.8,0.0,0.0
2025-04-12,USC00272800,,,,USC00272800,Spring,0.0,7.2,9.9,38.0,51.0
2025-04-13,USC00272800,,,,USC00272800,Spring,0.6,3.9,2.5,0.0,0.0
2025-04-14,USC00272800,,,,USC00272800,Spring,-0.6,8.3,3.0,,
2025-04-15,USC00272800,,,,USC00272800,Spring,5.6,19.4,2.5,0.0,0.0
2025-04-16,USC00272800,,,,USC00272800,Spring,3.9,20.0,2.3,0.0,0.0
2025-04-17,USC00272800,,,,USC00272800,Spring,3.3,10.0,0.0,0.0,0.0
2025-04-18,USC00272800,,,,USC00272800,Spring,-1.7,14.4,0.0,0.0,0.0
2025-04-19,USC00272800,,,,USC00272800,Spring,5.6,20.6,0.0,0.0,0.0
2025-04-20,USC00272800,,,,USC00272800,Spring,12.2,27.2,0.0,0.0,0.0
2025-04-21,USC00272800,,,,USC00272800,Spring,-0.6,15.0,0.0,0.0,0.0
2025-04-22,USC00272800,,,,USC00272800,Spring,-0.6,15.0,3.0,0.0,0.0
2025-04-23,USC00272800,,,,USC00272800,Spring,4.4,21.1,0.0,0.0,0.0
2025-04-24,USC00272800,,,,USC00272800,Spring,2.2,20.6,0.0,0.0,0.0
2025-04-25,USC00272800,,,,USC00272800,Spring,8.9,22.8,1.0,0.0,0.0
2025-04-26,USC00272800,,,,USC00272800,Spring,9.4,21.1,8.1,0.0,0.0
2025-03-30,USC00272846,,,,USC00272846,Spring,-7.8,0.6,1.8,,
2025-03-31,USC00272846,,,,USC00272846,Spring,-2.8,0.0,8.6,,
2025-04-01,USC00272846,,,,USC00272846,Spring,-1.7,6.1,10.9,,
2025-04-02,USC00272846,,,,USC00272846,Spring,-9.4,1.1,0.0,,
2025-04-03,USC00272846,,,,USC00272846,Spring,-8.9,3.9,11.9,,
2025-04-04,USC00272846,,,,USC00272846,Spring,-0.6,12.2,11.2,,
2025-04-05,USC00272846,,,,USC00272846,Spring,-2.8,6.7,0.0,,
2025-04-06,USC00272846,,,,USC00272846,Spring,-1.1,3.3,10.7,,
2025-04-07,USC00272846,,,,USC00272846,Spring,-1.7,7.2,0.3,,
2025-04-08,USC00272846,,,,USC00272846,Spring,-1.1,6.7,0.0,,
2025-04-09,USC00272846,,,,USC00272846,Spring,-8.3,0.6,6.1,,
2025-04-10,USC00272846,,,,USC00272846,Spring,-12.2,0.0,0.0,,
2025-04-11,USC00272846,,,,USC00272846,Spring,-8.9,7.2,1.0,,
2025-04-12,USC00272846,,,,USC00272846,Spring,-0.6,3.9,0.5,,
2025-04-13,USC00272846,,,,USC00272846,Spring,0.0,2.2,4.8,,
2025-04-14,USC00272846,,,,USC00272846,Spring,0.0,4.4,0.5,,
2025-04-15,USC00272846,,,,USC00272846,Spring,-1.1,14.4,0.0,,
2025-04-16,USC00272846,,,,USC00272846,Spring,0.0,18.3,6.9,,
2025-04-17,USC00272846,,,,USC00272846,Spring,-1.7,2.2,1.0,,
2025-04-18,USC00272846,,,,USC00272846,Spring,-4.4,6.1,0.0,,
2025-04-19,USC00272846,,,,USC00272846,Spring,1.1,15.6,3.0,,
2025-04-20,USC00272846,,,,USC00272846,Spring,1.7,18.9,8.6,,
2025-04-21,USC00272846,,,,USC00272846,Spring,-3.3,7.2,0.0,,
2025-04-22,USC00272846,,,,USC00272846,Spring,0.0,17.8,1.5,,
2025-04-23,USC00272846,,,,USC00272846,Spring,4.4,17.2,,,
2025-04-24,USC00272846,,,,USC00272846,Spring,-2.8,13.3,0.0,,
2025-04-25,USC00272846,,,,USC00272846,Spring,3.3,18.9,,,
2025-04-26,USC00272846,,,,USC00272846,Spring,5.6,19.4,0.5,,
2025-03-30,USC00273182,,,,USC00273182,Spring,-1.7,-0.6,,,
2025-03-31,USC00273182,,,,USC00273182,Spring,-0.6,0.6,,0.0,0.0
2025-04-01,USC00273182,,,,USC00273182,Spring,0.0,6.7,0.5,0.0,0.0
2025-04-02,USC00273182,,,,USC00273182,Spring,-4.4,5.6,0.0,0.0,0.0
2025-04-03,USC00273182,,,,USC00273182,Spring,-4.4,5.6,10.9,3.0,0.0
2025-04-04,USC00273182,,,,USC00273182,Spring,0.0,3.9,4.3,0.0,0.0
2025-04-05,USC00273182,,,,USC00273182,Spring,0.6,14.4,,0.0,0.0
2025-04-06,USC00273182,,,,USC00273182,Spring,1.7,4.4,,0.0,0.0
2025-04-07,USC00273182,,,,USC00273182,Spring,1.1,12.2,,,0.0
2025-04-08,USC00273182,,,,USC00273182,Spring,-0.6,4.4,0.0,0.0,0.0
2025-04-09,USC00273182,,,,USC00273182,Spring,-5.0,3.3,1.5,0.0,0.0
2025-04-10,USC00273182,,,,USC00273182,Spring,-7.8,5.0,0.0,0.0,0.0
2025-04-11,USC00273182,,,,USC00273182,Spring,-2.8,11.1,0.8,0.0,0.0
2025-04-12,USC00273182,,,,USC00273182,Spring,-0.6,5.0,,,
2025-04-13,USC00273182,,,,USC00273182,Spring,-0.6,2.2,,,
2025-04-14,USC00273182,,,,USC00273182,Spring,-0.6,8.9,,,0.0
2025-04-15,USC00273182,,,,USC00273182,Spring,4.4,19.4,3.8,0.0,0.0
2025-04-16,USC00273182,,,,USC00273182,Spring,3.9,18.9,0.0,0.0,0.0
2025-04-17,USC00273182,,,,USC00273182,Spring,1.7,8.9,0.0,0.0,0.0
2025-04-18,USC00273182,,,,USC00273182,Spring,-4.4,12.8,0.0,0.0,0.0
2025-04-19,USC00273182,,,,USC00273182,Spring,-2.8,20.0,0.0,0.0,0.0
2025-04-20,USC00273182,,,,USC00273182,Spring,8.3,23.9,0.0,0.0,0.0
2025-04-21,USC00273182,,,,USC00273182,Spring,-2.2,12.8,0.0,0.0,0.0
2025-04-22,USC00273182,,,,USC00273182,Spring,0.0,17.8,3.8,0.0,0.0
2025-04-23,USC00273182,,,,USC00273182,Spring,1.7,22.2,0.0,0.0,0.0
2025-04-24,USC00273182,,,,USC00273182,Spring,0.6,19.4,0.0,0.0,0.0
2025-04-25,USC00273182,,,,USC00273182,Spring,2.8,23.9,1.5,0.0,0.0
2025-03-30,USC00273488,,,,USC00273488,Spring,-2.8,1.7,0.8,,
2025-03-31,USC00273488,,,,USC00273488,Spring,-1.7,1.1,12.2,,
2025-04-01,USC00273488,,,,USC00273488,Spring,0.6,8.3,6.6,,
2025-04-02,USC00273488,,,,USC00273488,Spring,-8.3,3.9,0.0,,
2025-04-03,USC00273488,,,,USC00273488,Spring,-5.6,5.6,6.4,,
2025-04-04,USC00273488,,,,USC00273488,Spring,0.0,13.3,9.7,,
2025-04-05,USC00273488,,,,USC00273488,Spring,-1.1,10.6,0.0,,
2025-04-06,USC00273488,,,,USC00273488,Spring,1.1,5.0,4.8,,
2025-04-07,USC00273488,,,,USC00273488,Spring,-0.6,10.0,0.0,,
2025-04-08,USC00273488,,,,USC00273488,Spring,0.6,6.1,0.0,,
2025-04-09,USC00273488,,,,USC00273488,Spring,-6.1,1.7,3.6,,
2025-04-10,USC00273488,,,,USC00273488,Spring,-8.3,2.8,0.0,,
2025-04-11,USC00273488,,,,USC00273488,Spring,-5.0,10.6,0.8,,
2025-04-12,USC00273488,,,,USC00273488,Spring,,5.0,0.3,,
2025-04-13,USC00273488,,,,USC00273488,Spring,1.1,3.9,3.8,,
2025-04-14,USC00273488,,,,USC00273488,Spring,-2.2,5.6,0.3,,
2025-04-15,USC00273488,,,,USC00273488,Spring,3.3,17.2,0.0,,
2025-04-16,USC00273488,,,,USC00273488,Spring,2.2,19.4,4.6,,
2025-04-17,USC00273488,,,,USC00273488,Spring,0.0,5.0,0.0,,
2025-04-18,USC00273488,,,,USC00273488,Spring,-2.2,10.0,0.0,,
2025-04-19,USC00273488,,,,USC00273488,Spring,1.7,18.9,1.5,,
2025-04-20,USC00273488,,,,USC00273488,Spring,4.4,21.7,3.3,,
2025-04-21,USC00273488,,,,USC00273488,Spring,-2.8,10.6,0.0,,
2025-04-22,USC00273488,,,,USC00273488,Spring,2.2,18.3,0.8,,
2025-04-23,USC00273488,,,,USC00273488,Spring,5.0,19.4,,,
2025-04-24,USC00273488,,,,USC00273488,Spring,-1.7,16.7,0.0,,
2025-04-25,USC00273488,,,,USC00273488,Spring,3.9,21.1,,,
2025-04-26,USC00273488,,,,USC00273488,Spring,8.3,20.0,2.0,,
2025-03-30,USC00273535,,,,USC00273535,Spring,-8.9,0.0,5.3,46.0,635.0
2025-04-01,USC00273535,,,,USC00273535,Spring,-8.3,5.6,2.5,3.0,152.0
2025-04-02,USC00273535,,,,USC00273535,Spring,-15.6,-9.4,0.0,,127.0
2025-04-03,USC00273535,,,,USC00273535,Spring,-13.3,0.6,7.6,8.0,127.0
2025-04-04,USC00273535,,,,USC00273535,Spring,-4.4,5.6,7.6,0.0,0.0
2025-04-07,USC00273535,,,,USC00273535,Spring,-7.8,-0.6,0.0,,
2025-04-08,USC00273535,,,,USC00273535,Spring,-6.7,-4.4,25.4,,25.0
2025-04-09,USC00273535,,,,USC00273535,Spring,-15.6,-5.6,,559.0,559.0
2025-04-10,USC00273535,,,,USC00273535,Spring,-14.4,-6.7,0.0,,559.0
2025-04-11,USC00273535,,,,USC00273535,Spring,-7.8,-1.1,12.7,13.0,356.0
2025-04-12,USC00273535,,,,USC00273535,Spring,-1.7,-0.6,50.8,51.0,381.0
2025-04-13,USC00273535,,,,USC00273535,Spring,-3.9,0.0,0.0,0.0,356.0
2025-04-14,USC00273535,,,,USC00273535,Spring,-6.1,-3.9,50.8,51.0,330.0
2025-04-15,USC00273535,,,,USC00273535,Spring,-5.6,3.3,0.0,0.0,178.0
2025-04-16,USC00273535,,,,USC00273535,Spring,-5.6,8.3,0.0,0.0,178.0
2025-04-17,USC00273535,,,,USC00273535,Spring,-9.4,-5.6,9.7,13.0,203.0
2025-04-18,USC00273535,,,,USC00273535,Spring,-8.3,-3.3,0.0,0.0,203.0
2025-04-19,USC00273535,,,,USC00273535,Spring,-5.6,7.8,2.5,0.0,127.0
2025-04-20,USC00273535,,,,USC00273535,Spring,-6.1,10.0,0.0,0.0,0.0
2025-04-22,USC00273535,,,,USC00273535,Spring,2.2,5.6,7.6,,0.0
2025-04-23,USC00273535,,,,USC00273535,Spring,-1.1,6.1,0.0,,0.0
2025-04-24,USC00273535,,,,USC00273535,Spring,-1.7,6.7,0.0,,0.0
2025-04-25,USC00273535,,,,USC00273535,Spring,3.3,10.0,3.3,,0.0
2025-03-30,USC00273626,,,,USC00273626,Spring,-1.1,0.6,8.6,0.0,0.0
2025-03-31,USC00273626,,,,USC00273626,Spring,0.0,3.9,6.1,0.0,0.0
2025-04-02,USC00273626,,,,USC00273626,Spring,-2.2,8.9,0.0,0.0,0.0
2025-04-03,USC00273626,,,,USC00273626,Spring,-0.6,5.0,16.3,0.0,0.0
2025-04-04,USC00273626,,,,USC00273626,Spring,3.3,10.6,9.7,0.0,0.0
2025-04-05,USC00273626,,,,USC00273626,Spring,0.0,17.8,0.0,0.0,0.0
2025-04-06,USC00273626,,,,USC00273626,Spring,-0.6,17.8,12.7,0.0,0.0
2025-04-07,USC00273626,,,,USC00273626,Spring,1.7,11.1,6.6,0.0,0.0
2025-03-30,USC00273658,,,,USC00273658,Spring,-2.2,-1.1,10.2,0.0,0.0
2025-03-31,USC00273658,,,,USC00273658,Spring,-1.1,0.0,2.5,0.0,0.0
2025-04-01,USC00273658,,,,USC00273658,Spring,0.0,15.0,10.7,,
2025-03-30,USC00273860,,,,USC00273860,Spring,-6.1,-1.1,8.9,71.0,1092.0
2025-03-31,USC00273860,,,,USC00273860,Spring,-7.2,8.9,12.7,0.0,914.0
2025-04-03,USC00273860,,,,USC00273860,Spring,-12.8,-1.1,3.0,10.0,787.0
2025-04-04,USC00273860,,,,USC00273860,Spring,-5.0,10.0,17.8,0.0,711.0
2025-04-05,USC00273860,,,,USC00273860,Spring,-1.7,2.2,0.0,0.0,711.0
2025-04-07,USC00273860,,,,USC00273860,Spring,-6.1,1.7,0.0,0.0,711.0
2025-04-08,USC00273860,,,,USC00273860,Spring,-5.6,-1.1,0.0,0.0,711.0
2025-04-09,USC00273860,,,,USC00273860,Spring,-15.0,-2.8,8.9,109.0,838.0
2025-04-10,USC00273860,,,,USC00273860,Spring,-15.0,-2.8,0.0,0.0,889.0
2025-04-11,USC00273860,,,,USC00273860,Spring,-12.2,6.1,0.0,0.0,838.0
2025-04-14,USC00273860,,,,USC00273860,Spring,-2.8,2.2,0.0,20.0,889.0
2025-04-15,USC00273860,,,,USC00273860,Spring,-0.6,12.8,0.0,0.0,813.0
2025-04-16,USC00273860,,,,USC00273860,Spring,-4.4,8.9,4.1,20.0,787.0
2025-04-17,USC00273860,,,,USC00273860,Spring,-7.2,-2.8,5.1,30.0,813.0
2025-04-18,USC00273860,,,,USC00273860,Spring,-8.9,0.0,0.0,0.0,787.0
2025-04-19,USC00273860,,,,USC00273860,Spring,0.0,15.0,0.0,0.0,711.0
2025-04-20,USC00273860,,,,USC00273860,Spring,-5.0,16.1,0.0,0.0,610.0
2025-04-21,USC00273860,,,,USC00273860,Spring,-5.0,0.6,0.0,0.0,0.0
2025-04-26,USC00273860,,,,USC00273860,Spring,3.9,13.9,1.3,0.0,406.0
2025-03-30,USC00274176,,,,USC00274176,Spring,,,5.1,0.0,76.0
2025-03-31,USC00274176,,,,USC00274176,Spring,,,18.3,0.0,76.0
2025-04-02,USC00274176,,,,USC00274176,Spring,,,0.0,0.0,0.0
2025-04-08,USC00274176,,,,USC00274176,Spring,,,0.0,0.0,0.0
2025-04-12,USC00274176,,,,USC00274176,Spring,,,2.3,5.0,0.0
2025-04-18,USC00274176,,,,USC00274176,Spring,,,0.0,0.0,0.0
2025-04-19,USC00274176,,,,USC00274176,Spring,,,0.3,0.0,0.0
2025-04-20,USC00274176,,,,USC00274176,Spring,,,0.0,0.0,0.0
2025-04-21,USC00274176,,,,USC00274176,Spring,,,0.0,0.0,0.0
2025-04-22,USC00274176,,,,USC00274176,Spring,,,2.3,0.0,0.0
2025-04-23,USC00274176,,,,USC00274176,Spring,,,0.0,0.0,0.0
2025-03-30,USC00274218,,,,USC00274218,Spring,-1.1,0.0,,0.0,0.0
2025-03-31,USC00274218,,,,USC00274218,Spring,-0.6,1.1,,0.0,0.0
2025-04-01,USC00274218,,,,USC00274218,Spring,0.6,8.9,3.8,0.0,0.0
2025-04-02,USC00274218,,,,USC00274218,Spring,-2.8,7.8,0.0,0.0,0.0
2025-04-03,USC00274218,,,,USC00274218,Spring,-4.4,6.7,10.9,,
2025-04-04,USC00274218,,,,USC00274218,Spring,0.6,5.6,7.6,,
2025-04-05,USC00274218,,,,USC00274218,Spring,1.7,16.7,0.0,0.0,0.0
2025-04-06,USC00274218,,,,USC00274218,Spring,1.7,5.6,,0.0,0.0
2025-04-07,USC00274218,,,,USC00274218,Spring,1.7,13.3,,,0.0
2025-04-08,USC00274218,,,,USC00274218,Spring,0.6,3.9,0.5,0.0,0.0
2025-04-09,USC00274218,,,,USC00274218,Spring,-3.9,3.3,1.3,0.0,0.0
2025-04-11,USC00274218,,,,USC00274218,Spring,-5.0,10.0,2.5,,
2025-04-12,USC00274218,,,,USC00274218,Spring,0.0,2.2,3.0,51.0,
2025-04-13,USC00274218,,,,USC00274218,Spring,0.0,5.6,13.5,,
2025-04-14,USC00274218,,,,USC00274218,Spring,0.0,6.1,0.0,,
2025-04-15,USC00274218,,,,USC00274218,Spring,4.4,19.4,6.6,0.0,0.0
2025-04-16,USC00274218,,,,USC00274218,Spring,3.9,19.4,0.0,0.0,0.0
2025-04-17,USC00274218,,,,USC00274218,Spring,3.9,8.9,0.0,0.0,0.0
2025-04-18,USC00274218,,,,USC00274218,Spring,-2.8,13.9,0.0,0.0,0.0
2025-04-19,USC00274218,,,,USC00274218,Spring,-2.2,18.9,0.0,0.0,0.0
2025-04-20,USC00274218,,,,USC00274218,Spring,9.4,26.1,0.5,0.0,0.0
2025-04-21,USC00274218,,,,USC00274218,Spring,0.0,14.4,0.0,0.0,0.0
2025-04-22,USC00274218,,,,USC00274218,Spring,1.7,17.2,4.1,0.0,0.0
2025-04-23,USC00274218,,,,USC00274218,Spring,6.1,21.7,0.0,0.0,0.0
2025-04-24,USC00274218,,,,USC00274218,Spring,2.8,21.1,0.0,0.0,0.0
2025-04-25,USC00274218,,,,USC00274218,Spring,3.3,23.9,0.5,0.0,0.0
2025-03-30,USC00274234,,,,USC00274234,Spring,0.0,1.7,8.1,0.0,0.0
2025-03-31,USC00274234,,,,USC00274234,Spring,0.6,4.4,2.3,0.0,0.0
2025-04-01,USC00274234,,,,USC00274234,Spring,3.3,16.7,11.7,0.0,0.0
2025-04-02,USC00274234,,,,USC00274234,Spring,-2.8,10.0,0.0,0.0,0.0
2025-04-03,USC00274234,,,,USC00274234,Spring,-1.1,8.3,10.9,0.0,0.0
2025-04-04,USC00274234,,,,USC00274234,Spring,2.8,12.2,6.4,0.0,0.0
2025-04-05,USC00274234,,,,USC00274234,Spring,1.7,20.0,0.0,0.0,0.0
2025-04-06,USC00274234,,,,USC00274234,Spring,3.3,7.2,12.4,0.0,0.0
2025-04-07,USC00274234,,,,USC00274234,Spring,1.1,11.7,6.4,0.0,0.0
2025-04-08,USC00274234,,,,USC00274234,Spring,1.1,3.3,3.3,0.0,0.0
2025-04-09,USC00274234,,,,USC00274234,Spring,-3.3,4.4,3.6,0.0,0.0
2025-04-10,USC00274234,,,,USC00274234,Spring,-5.0,7.8,0.0,0.0,0.0
2025-04-11,USC00274234,,,,USC00274234,Spring,-1.7,11.7,3.0,0.0,0.0
2025-04-12,USC00274234,,,,USC00274234,Spring,0.0,8.9,9.7,38.0,51.0
2025-04-13,USC00274234,,,,USC00274234,Spring,0.0,3.3,3.8,5.0,0.0
2025-04-14,USC00274234,,,,USC00274234,Spring,-1.7,9.4,0.0,0.0,0.0
2025-04-15,USC00274234,,,,USC00274234,Spring,2.2,20.0,1.5,0.0,0.0
2025-04-16,USC00274234,,,,USC00274234,Spring,3.3,20.6,0.0,0.0,0.0
2025-04-17,USC00274234,,,,USC00274234,Spring,2.8,11.1,0.0,0.0,0.0
2025-04-18,USC00274234,,,,USC00274234,Spring,-3.3,15.6,0.0,0.0,0.0
2025-04-19,USC00274234,,,,USC00274234,Spring,3.3,20.6,0.0,0.0,0.0
2025-04-20,USC00274234,,,,USC00274234,Spring,11.7,27.2,0.8,0.0,0.0
2025-04-21,USC00274234,,,,USC00274234,Spring,-1.1,16.7,0.0,0.0,0.0
2025-04-22,USC00274234,,,,USC00274234,Spring,6.1,17.8,4.8,0.0,0.0
2025-04-23,USC00274234,,,,USC00274234,Spring,5.0,23.9,0.0,0.0,0.0
2025-04-24,USC00274234,,,,USC00274234,Spring,3.3,22.2,0.0,0.0,0.0
2025-04-25,USC00274234,,,,USC00274234,Spring,7.8,23.9,2.0,0.0,0.0
2025-04-26,USC00274234,,,,USC00274234,Spring,11.1,21.1,9.4,0.0,0.0
2025-03-30,USC00274304,,,,USC00274304,Spring,0.6,6.7,9.9,0.0,0.0
2025-03-31,USC00274304,,,,USC00274304,Spring,1.7,2.8,3.0,0.0,0.0
2025-04-01,USC00274304,,,,USC00274304,Spring,2.8,15.0,9.9,,
2025-04-02,USC00274304,,,,USC00274304,Spring,-2.8,13.9,0.0,,
2025-04-03,USC00274304,,,,USC00274304,Spring,-1.7,8.9,15.2,,
2025-04-04,USC00274304,,,,USC00274304,Spring,2.2,15.6,,,
2025-04-05,USC00274304,,,,USC00274304,Spring,2.8,16.7,0.0,,
2025-04-06,USC00274304,,,,USC00274304,Spring,3.3,6.7,15.2,,
2025-04-07,USC00274304,,,,USC00274304,Spring,1.7,12.2,,25.0,25.0
2025-04-08,USC00274304,,,,USC00274304,Spring,1.1,6.7,,0.0,0.0
2025-04-09,USC00274304,,,,USC00274304,Spring,-6.1,3.9,2.0,0.0,0.0
2025-04-10,USC00274304,,,,USC00274304,Spring,-5.0,6.1,0.0,,
2025-04-11,USC00274304,,,,USC00274304,Spring,0.0,11.7,3.8,30.0,25.0
2025-04-12,USC00274304,,,,USC00274304,Spring,0.0,8.9,14.0,140.0,127.0
2025-04-13,USC00274304,,,,USC00274304,Spring,1.1,3.3,0.8,,51.0
2025-04-14,USC00274304,,,,USC00274304,Spring,1.1,8.9,0.0,,0.0
2025-04-15,USC00274304,,,,USC00274304,Spring,4.4,18.9,0.0,,
2025-04-16,USC00274304,,,,USC00274304,Spring,2.2,20.6,1.3,,
2025-04-17,USC00274304,,,,USC00274304,Spring,1.7,8.9,0.0,0.0,0.0
2025-04-18,USC00274304,,,,USC00274304,Spring,-2.2,12.8,0.0,,
2025-04-19,USC00274304,,,,USC00274304,Spring,2.2,18.9,0.0,,
2025-04-20,USC00274304,,,,USC00274304,Spring,8.9,25.6,1.3,,
2025-04-21,USC00274304,,,,USC00274304,Spring,-0.6,17.2,0.0,,
2025-04-22,USC00274304,,,,USC00274304,Spring,6.7,18.3,3.3,,
2025-04-23,USC00274304,,,,USC00274304,Spring,4.4,21.7,0.0,,
2025-04-24,USC00274304,,,,USC00274304,Spring,3.3,18.9,0.0,,
2025-04-25,USC00274304,,,,USC00274304,Spring,8.9,23.3,1.8,,
2025-04-26,USC00274304,,,,USC00274304,Spring,13.3,21.7,18.5,,
2025-03-30,USC00274329,,,,USC00274329,Spring,-3.3,4.4,0.3,3.0,127.0
2025-03-31,USC00274329,,,,USC00274329,Spring,-1.1,1.1,20.6,0.0,102.0
2025-04-01,USC00274329,,,,USC00274329,Spring,-1.1,12.2,4.1,0.0,0.0
2025-04-02,USC00274329,,,,USC00274329,Spring,-8.9,1.1,0.0,0.0,0.0
2025-04-03,USC00274329,,,,USC00274329,Spring,-8.9,3.3,7.9,0.0,0.0
2025-04-04,USC00274329,,,,USC00274329,Spring,0.6,10.0,0.3,0.0,0.0
2025-04-05,USC00274329,,,,USC00274329,Spring,-1.1,8.9,0.0,,0.0
2025-04-06,USC00274329,,,,USC00274329,Spring,0.0,6.7,16.8,0.0,
2025-04-07,USC00274329,,,,USC00274329,Spring,-1.1,8.9,0.0,,
2025-04-08,USC00274329,,,,USC00274329,Spring,-1.1,6.7,0.0,,
2025-04-09,USC00274329,,,,USC00274329,Spring,-7.8,2.2,6.1,94.0,102.0
2025-04-10,USC00274329,,,,USC00274329,Spring,-7.8,2.2,0.0,,0.0
2025-04-11,USC00274329,,,,USC00274329,Spring,-7.8,7.8,1.8,3.0,0.0
2025-04-12,USC00274329,,,,USC00274329,Spring,0.0,6.7,0.0,,
2025-04-13,USC00274329,,,,USC00274329,Spring,0.0,6.7,0.5,0.0,0.0
2025-04-14,USC00274329,,,,USC00274329,Spring,-1.1,5.6,0.0,,
2025-04-15,USC00274329,,,,USC00274329,Spring,-1.1,15.6,0.0,,
2025-04-16,USC00274329,,,,USC00274329,Spring,1.1,18.9,3.3,0.0,0.0
2025-04-17,USC00274329,,,,USC00274329,Spring,-1.1,2.2,0.5,5.0,0.0
2025-04-18,USC00274329,,,,USC00274329,Spring,-3.3,8.3,0.0,,0.0
2025-04-19,USC00274329,,,,USC00274329,Spring,-2.8,17.8,1.8,,
2025-04-20,USC00274329,,,,USC00274329,Spring,3.3,18.9,0.0,,
2025-04-21,USC00274329,,,,USC00274329,Spring,-2.2,8.9,0.0,0.0,0.0
2025-04-22,USC00274329,,,,USC00274329,Spring,-2.2,17.8,3.3,,
2025-04-23,USC00274329,,,,USC00274329,Spring,3.3,18.9,0.0,,
2025-04-24,USC00274329,,,,USC00274329,Spring,0.0,15.6,0.0,,
2025-04-25,USC00274329,,,,USC00274329,Spring,0.6,20.6,0.0,,
2025-04-26,USC00274329,,,,USC00274329,Spring,10.0,18.9,0.5,,
2025-03-30,USC00274399,,,,USC00274399,Spring,0.0,1.1,12.7,0.0,0.0
2025-03-31,USC00274399,,,,USC00274399,Spring,0.0,2.2,2.8,0.0,0.0
2025-04-01,USC00274399,,,,USC00274399,Spring,1.1,16.1,4.6,0.0,0.0
2025-04-02,USC00274399,,,,USC00274399,Spring,-3.3,13.3,0.0,0.0,0.0
2025-04-03,USC00274399,,,,USC00274399,Spring,-2.8,8.3,19.3,0.0,0.0
2025-04-04,USC00274399,,,,USC00274399,Spring,1.7,13.3,7.6,0.0,0.0
2025-04-05,USC00274399,,,,USC00274399,Spring,0.6,17.8,0.0,0.0,0.0
2025-04-06,USC00274399,,,,USC00274399,Spring,2.8,6.7,10.4,0.0,0.0
2025-04-07,USC00274399,,,,USC00274399,Spring,0.0,13.3,5.3,0.0,0.0
2025-04-08,USC00274399,,,,USC00274399,Spring,0.0,2.8,3.0,0.0,0.0
2025-04-09,USC00274399,,,,USC00274399,Spring,-5.6,2.8,0.5,0.0,0.0
2025-04-10,USC00274399,,,,USC00274399,Spring,-7.2,6.7,0.0,0.0,0.0
2025-04-11,USC00274399,,,,USC00274399,Spring,-6.7,10.6,4.8,10.0,0.0
2025-04-12,USC00274399,,,,USC00274399,Spring,0.0,6.7,3.8,33.0,25.0
2025-04-13,USC00274399,,,,USC00274399,Spring,0.0,3.3,5.6,43.0,0.0
2025-04-14,USC00274399,,,,USC00274399,Spring,-2.8,8.9,0.0,0.0,0.0
2025-04-15,USC00274399,,,,USC00274399,Spring,-2.2,19.4,3.8,0.0,0.0
2025-04-16,USC00274399,,,,USC00274399,Spring,2.2,19.4,1.3,0.0,0.0
2025-04-17,USC00274399,,,,USC00274399,Spring,-1.1,8.3,0.0,0.0,0.0
2025-04-18,USC00274399,,,,USC00274399,Spring,-5.0,14.4,0.0,0.0,0.0
2025-04-19,USC00274399,,,,USC00274399,Spring,-3.3,19.4,0.0,0.0,0.0
2025-04-20,USC00274399,,,,USC00274399,Spring,8.3,26.1,4.1,0.0,0.0
2025-04-21,USC00274399,,,,USC00274399,Spring,-2.8,15.6,0.0,0.0,0.0
2025-04-22,USC00274399,,,,USC00274399,Spring,-0.6,16.7,3.0,0.0,0.0
2025-04-23,USC00274399,,,,USC00274399,Spring,1.7,22.2,0.0,0.0,0.0
2025-04-24,USC00274399,,,,USC00274399,Spring,0.6,20.6,0.0,0.0,0.0
2025-04-25,USC00274399,,,,USC00274399,Spring,3.3,24.4,2.5,0.0,0.0
2025-04-26,USC00274399,,,,USC00274399,Spring,10.0,22.2,11.4,0.0,0.0
2025-03-30,USC00274480,,,,USC00274480,Spring,-1.1,8.9,23.9,0.0,0.0
2025-03-31,USC00274480,,,,USC00274480,Spring,-1.1,4.4,3.0,0.0,0.0
2025-04-01,USC00274480,,,,USC00274480,Spring,0.0,5.6,2.5,0.0,0.0
2025-04-02,USC00274480,,,,USC00274480,Spring,-6.1,5.6,0.0,0.0,0.0
2025-04-03,USC00274480,,,,USC00274480,Spring,-5.0,6.1,4.1,0.0,0.0
2025-04-04,USC00274480,,,,USC00274480,Spring,0.6,5.6,13.0,0.0,0.0
2025-04-05,USC00274480,,,,USC00274480,Spring,1.7,13.3,0.0,0.0,0.0
2025-04-06,USC00274480,,,,USC00274480,Spring,2.2,4.4,9.9,0.0,0.0
2025-04-07,USC00274480,,,,USC00274480,Spring,2.8,4.4,0.0,0.0,0.0
2025-04-08,USC00274480,,,,USC00274480,Spring,0.0,5.6,0.0,0.0,0.0
2025-04-09,USC00274480,,,,USC00274480,Spring,-4.4,3.3,3.3,0.0,0.0
2025-04-10,USC00274480,,,,USC00274480,Spring,-5.6,6.7,0.0,0.0,0.0
2025-04-11,USC00274480,,,,USC00274480,Spring,-4.4,8.3,2.0,0.0,0.0
2025-04-12,USC00274480,,,,USC00274480,Spring,1.7,4.4,0.5,0.0,0.0
2025-04-13,USC00274480,,,,USC00274480,Spring,2.2,5.0,12.4,0.0,0.0
2025-04-14,USC00274480,,,,USC00274480,Spring,1.1,6.1,0.0,0.0,0.0
2025-04-15,USC00274480,,,,USC00274480,Spring,2.8,15.0,4.6,0.0,0.0
2025-04-16,USC00274480,,,,USC00274480,Spring,4.4,17.8,3.8,0.0,0.0
2025-04-17,USC00274480,,,,USC00274480,Spring,1.7,6.1,0.0,0.0,0.0
2025-04-18,USC00274480,,,,USC00274480,Spring,-1.1,11.7,0.0,0.0,0.0
2025-04-19,USC00274480,,,,USC00274480,Spring,0.6,16.7,0.0,0.0,0.0
2025-04-20,USC00274480,,,,USC00274480,Spring,8.9,22.8,0.0,0.0,0.0
2025-04-21,USC00274480,,,,USC00274480,Spring,0.0,12.8,0.0,0.0,0.0
2025-04-22,USC00274480,,,,USC00274480,Spring,0.0,16.7,3.0,0.0,0.0
2025-04-23,USC00274480,,,,USC00274480,Spring,3.9,21.1,0.0,0.0,0.0
2025-04-24,USC00274480,,,,USC00274480,Spring,2.8,20.0,0.0,0.0,0.0
2025-04-25,USC00274480,,,,USC00274480,Spring,3.3,20.6,0.5,0.0,0.0
2025-03-30,USC00274734,,,,USC00274734,Spring,-1.7,1.7,7.6,,
2025-03-31,USC00274734,,,,USC00274734,Spring,-0.6,0.6,16.0,,
2025-04-01,USC00274734,,,,USC00274734,Spring,0.0,6.1,9.1,,
2025-04-02,USC00274734,,,,USC00274734,Spring,-6.7,3.9,0.0,,
2025-04-03,USC00274734,,,,USC00274734,Spring,-5.6,5.0,9.1,,
2025-04-04,USC00274734,,,,USC00274734,Spring,0.0,7.8,13.2,,
2025-04-05,USC00274734,,,,USC00274734,Spring,1.1,11.1,0.0,,
2025-04-06,USC00274734,,,,USC00274734,Spring,1.1,4.4,8.6,,
2025-04-07,USC00274734,,,,USC00274734,Spring,1.1,10.6,0.0,,
2025-04-08,USC00274734,,,,USC00274734,Spring,-0.6,5.6,0.0,,
2025-04-09,USC00274734,,,,USC00274734,Spring,-6.1,2.2,5.3,,
2025-04-10,USC00274734,,,,USC00274734,Spring,-7.2,4.4,0.0,,
2025-04-11,USC00274734,,,,USC00274734,Spring,-4.4,10.0,0.8,,
2025-04-12,USC00274734,,,,USC00274734,Spring,,4.4,1.5,,
2025-04-13,USC00274734,,,,USC00274734,Spring,0.0,5.0,2.0,,
2025-04-14,USC00274734,,,,USC00274734,Spring,2.2,7.2,0.0,,
2025-04-15,USC00274734,,,,USC00274734,Spring,4.4,18.3,2.3,,
2025-04-16,USC00274734,,,,USC00274734,Spring,3.9,17.8,1.3,,
2025-04-17,USC00274734,,,,USC00274734,Spring,1.1,5.0,0.0,,
2025-04-18,USC00274734,,,,USC00274734,Spring,-2.8,11.1,0.0,,
2025-04-19,USC00274734,,,,USC00274734,Spring,0.0,18.3,1.0,,
2025-04-20,USC00274734,,,,USC00274734,Spring,4.4,22.2,5.6,,
2025-04-21,USC00274734,,,,USC00274734,Spring,-1.7,10.6,0.0,,
2025-04-22,USC00274734,,,,USC00274734,Spring,3.3,17.8,3.8,,
2025-04-23,USC00274734,,,,USC00274734,Spring,5.0,20.6,,,
2025-04-24,USC00274734,,,,USC00274734,Spring,0.0,17.2,0.0,,
2025-04-25,USC00274734,,,,USC00274734,Spring,5.6,22.2,,,
2025-04-26,USC00274734,,,,USC00274734,Spring,8.9,21.1,8.1,,
2025-03-30,USC00274810,,,,USC00274810,Spring,-2.8,1.7,7.9,38.0,813.0
2025-03-31,USC00274810,,,,USC00274810,Spring,-2.2,0.0,12.7,3.0,787.0
2025-04-03,USC00274810,,,,USC00274810,Spring,-3.3,11.7,0.0,0.0,584.0
2025-04-04,USC00274810,,,,USC00274810,Spring,-3.3,7.8,12.7,0.0,660.0
2025-04-05,USC00274810,,,,USC00274810,Spring,0.0,8.9,0.0,0.0,660.0
2025-04-06,USC00274810,,,,USC00274810,Spring,-1.7,,6.9,0.0,660.0
2025-04-07,USC00274810,,,,USC00274810,Spring,-2.8,8.9,0.0,0.0,635.0
2025-04-08,USC00274810,,,,USC00274810,Spring,,,0.0,0.0,635.0
2025-04-09,USC00274810,,,,USC00274810,Spring,-10.0,2.8,7.9,127.0,787.0
2025-04-10,USC00274810,,,,USC00274810,Spring,-10.0,4.4,0.0,0.0,889.0
2025-04-11,USC00274810,,,,USC00274810,Spring,-7.2,7.2,1.5,10.0,737.0
2025-04-14,USC00274810,,,,USC00274810,Spring,-1.7,0.6,1.0,0.0,737.0
2025-04-15,USC00274810,,,,USC00274810,Spring,-0.6,12.2,1.0,0.0,660.0
2025-04-17,USC00274810,,,,USC00274810,Spring,-3.9,1.7,1.5,0.0,635.0
2025-04-18,USC00274810,,,,USC00274810,Spring,-3.9,7.2,0.0,0.0,584.0
2025-04-19,USC00274810,,,,USC00274810,Spring,-1.7,12.2,1.3,0.0,533.0
2025-04-20,USC00274810,,,,USC00274810,Spring,0.6,11.1,7.1,0.0,432.0
2025-04-21,USC00274810,,,,USC00274810,Spring,-6.1,1.7,0.0,0.0,0.0
2025-04-26,USC00274810,,,,USC00274810,Spring,5.6,13.9,7.1,0.0,203.0
2025-03-31,USC00275013,,,,USC00275013,Spring,,,,0.0,0.0
2025-04-01,USC00275013,,,,USC00275013,Spring,0.0,13.9,7.1,0.0,0.0
2025-04-02,USC00275013,,,,USC00275013,Spring,-3.9,7.8,0.0,0.0,0.0
2025-04-03,USC00275013,,,,USC00275013,Spring,-3.9,7.8,14.2,0.0,0.0
2025-04-04,USC00275013,,,,USC00275013,Spring,0.0,16.7,5.6,0.0,0.0
2025-04-07,USC00275013,,,,USC00275013,Spring,,,,,0.0
2025-04-08,USC00275013,,,,USC00275013,Spring,-0.6,2.2,3.0,0.0,0.0
2025-04-09,USC00275013,,,,USC00275013,Spring,-5.6,2.2,1.0,0.0,0.0
2025-04-10,USC00275013,,,,USC00275013,Spring,-5.6,5.6,0.0,0.0,0.0
2025-04-11,USC00275013,,,,USC00275013,Spring,-5.6,10.0,4.3,13.0,0.0
2025-04-14,USC00275013,,,,USC00275013,Spring,,,,,0.0
2025-04-15,USC00275013,,,,USC00275013,Spring,2.2,18.9,0.5,0.0,0.0
2025-04-16,USC00275013,,,,USC00275013,Spring,1.7,19.4,0.3,0.0,0.0
2025-04-17,USC00275013,,,,USC00275013,Spring,1.1,8.9,0.0,0.0,0.0
2025-04-18,USC00275013,,,,USC00275013,Spring,-2.8,13.3,0.0,0.0,0.0
2025-04-21,USC00275013,,,,USC00275013,Spring,,,,,0.0
2025-04-22,USC00275013,,,,USC00275013,Spring,4.4,16.7,3.8,0.0,0.0
2025-04-23,USC00275013,,,,USC00275013,Spring,5.0,21.1,0.0,0.0,0.0
2025-04-24,USC00275013,,,,USC00275013,Spring,2.2,19.4,0.0,0.0,0.0
2025-04-25,USC00275013,,,,USC00275013,Spring,2.2,23.3,3.6,0.0,0.0
2025-03-30,USC00275211,,,,USC00275211,Spring,-0.6,0.6,10.9,0.0,0.0
2025-03-31,USC00275211,,,,USC00275211,Spring,0.0,1.7,3.0,0.0,0.0
2025-04-01,USC00275211,,,,USC00275211,Spring,-1.7,8.3,0.0,0.0,0.0
2025-04-02,USC00275211,,,,USC00275211,Spring,-1.7,,,0.0,0.0
2025-04-03,USC00275211,,,,USC00275211,Spring,-1.7,7.2,16.0,0.0,0.0
2025-04-05,USC00275211,,,,USC00275211,Spring,1.7,17.2,0.0,0.0,0.0
2025-04-06,USC00275211,,,,USC00275211,Spring,2.8,5.6,10.9,0.0,0.0
2025-04-07,USC00275211,,,,USC00275211,Spring,1.7,10.6,0.0,0.0,0.0
2025-04-08,USC00275211,,,,USC00275211,Spring,0.6,2.8,8.6,0.0,0.0
2025-04-09,USC00275211,,,,USC00275211,Spring,-3.3,5.0,0.0,0.0,0.0
2025-04-10,USC00275211,,,,USC00275211,Spring,-4.4,7.2,0.0,0.0,0.0
2025-04-11,USC00275211,,,,USC00275211,Spring,-1.7,10.0,4.3,0.0,0.0
2025-04-12,USC00275211,,,,USC00275211,Spring,0.0,6.7,9.4,,0.0
2025-04-13,USC00275211,,,,USC00275211,Spring,1.1,3.9,3.0,0.0,0.0
2025-04-14,USC00275211,,,,USC00275211,Spring,-0.6,9.4,0.0,0.0,0.0
2025-04-15,USC00275211,,,,USC00275211,Spring,5.0,19.4,2.3,,
2025-04-16,USC00275211,,,,USC00275211,Spring,3.9,19.4,3.6,0.0,0.0
2025-04-17,USC00275211,,,,USC00275211,Spring,3.9,9.4,0.0,0.0,0.0
2025-04-18,USC00275211,,,,USC00275211,Spring,-2.2,13.9,0.0,0.0,0.0
2025-04-19,USC00275211,,,,USC00275211,Spring,1.1,20.6,0.0,0.0,0.0
2025-04-20,USC00275211,,,,USC00275211,Spring,11.7,26.7,1.8,0.0,0.0
2025-04-21,USC00275211,,,,USC00275211,Spring,0.6,15.0,0.0,0.0,0.0
2025-04-22,USC00275211,,,,USC00275211,Spring,5.6,16.7,3.6,0.0,0.0
2025-04-23,USC00275211,,,,USC00275211,Spring,6.1,23.3,0.0,0.0,0.0
2025-04-24,USC00275211,,,,USC00275211,Spring,3.3,21.1,0.0,0.0,0.0
2025-04-25,USC00275211,,,,USC00275211,Spring,7.8,22.8,12.7,0.0,0.0
2025-04-26,USC00275211,,,,USC00275211,Spring,10.6,21.1,7.9,0.0,0.0
2025-03-30,USC00275703,,,,USC00275703,Spring,-1.1,1.1,6.1,0.0,0.0
2025-03-31,USC00275703,,,,USC00275703,Spring,-0.6,3.3,1.3,0.0,0.0
2025-04-01,USC00275703,,,,USC00275703,Spring,2.2,16.1,11.9,0.0,0.0
2025-04-02,USC00275703,,,,USC00275703,Spring,3.3,9.4,0.0,0.0,0.0
2025-04-03,USC00275703,,,,USC00275703,Spring,-2.2,8.9,9.9,0.0,0.0
2025-04-04,USC00275703,,,,USC00275703,Spring,1.7,12.2,6.1,0.0,0.0
2025-04-05,USC00275703,,,,USC00275703,Spring,2.2,18.9,0.0,0.0,0.0
2025-04-06,USC00275703,,,,USC00275703,Spring,2.2,6.7,16.0,0.0,0.0
2025-04-07,USC00275703,,,,USC00275703,Spring,1.1,11.1,4.1,0.0,0.0
2025-04-08,USC00275703,,,,USC00275703,Spring,0.0,3.3,3.3,0.0,0.0
2025-04-09,USC00275703,,,,USC00275703,Spring,-3.9,3.3,2.5,0.0,0.0
2025-04-10,USC00275703,,,,USC00275703,Spring,-5.6,8.9,0.0,0.0,0.0
2025-04-11,USC00275703,,,,USC00275703,Spring,-1.7,5.6,3.3,0.0,0.0
2025-04-12,USC00275703,,,,USC00275703,Spring,-0.6,7.8,8.4,30.0,25.0
2025-04-13,USC00275703,,,,USC00275703,Spring,-0.6,2.2,4.3,15.0,0.0
2025-04-14,USC00275703,,,,USC00275703,Spring,-1.7,9.4,0.0,0.0,0.0
2025-04-15,USC00275703,,,,USC00275703,Spring,7.2,20.0,0.5,0.0,0.0
2025-04-16,USC00275703,,,,USC00275703,Spring,2.2,21.1,0.3,0.0,0.0
2025-04-17,USC00275703,,,,USC00275703,Spring,0.6,10.0,0.0,0.0,0.0
2025-04-18,USC00275703,,,,USC00275703,Spring,-4.4,14.4,0.0,0.0,0.0
2025-04-19,USC00275703,,,,USC00275703,Spring,0.0,20.6,0.0,0.0,0.0
2025-04-20,USC00275703,,,,USC00275703,Spring,12.2,26.7,0.3,0.0,0.0
2025-04-21,USC00275703,,,,USC00275703,Spring,-0.6,16.1,0.0,0.0,0.0
2025-04-22,USC00275703,,,,USC00275703,Spring,5.6,17.8,3.8,0.0,0.0
2025-04-23,USC00275703,,,,USC00275703,Spring,5.6,24.4,0.0,0.0,0.0
2025-04-24,USC00275703,,,,USC00275703,Spring,2.8,21.7,0.0,0.0,0.0
2025-04-25,USC00275703,,,,USC00275703,Spring,8.3,25.0,1.3,0.0,0.0
2025-04-26,USC00275703,,,,USC00275703,Spring,11.1,23.3,6.9,0.0,0.0
2025-03-30,USC00275712,,,,USC00275712,Spring,0.0,1.7,8.4,0.0,0.0
2025-03-31,USC00275712,,,,USC00275712,Spring,1.7,4.4,2.3,0.0,0.0
2025-03-30,USC00275868,,,,USC00275868,Spring,-1.1,0.0,12.7,0.0,0.0
2025-03-31,USC00275868,,,,USC00275868,Spring,0.0,2.2,6.9,0.0,0.0
2025-04-01,USC00275868,,,,USC00275868,Spring,0.0,12.8,2.5,0.0,0.0
2025-04-02,USC00275868,,,,USC00275868,Spring,-4.4,6.7,0.0,0.0,0.0
2025-04-03,USC00275868,,,,USC00275868,Spring,-5.0,7.2,12.7,0.0,0.0
2025-04-05,USC00275868,,,,USC00275868,Spring,-0.6,15.0,0.0,0.0,0.0
2025-04-06,USC00275868,,,,USC00275868,Spring,2.8,5.6,8.1,0.0,0.0
2025-04-07,USC00275868,,,,USC00275868,Spring,0.0,11.7,0.0,0.0,0.0
2025-04-15,USC00275868,,,,USC00275868,Spring,-0.6,18.3,2.5,0.0,0.0
2025-04-16,USC00275868,,,,USC00275868,Spring,2.8,18.3,0.0,0.0,0.0
2025-04-19,USC00275868,,,,USC00275868,Spring,-5.0,19.4,0.0,0.0,
2025-04-20,USC00275868,,,,USC00275868,Spring,7.2,23.9,0.0,0.0,0.0
2025-04-21,USC00275868,,,,USC00275868,Spring,-2.8,13.3,0.0,0.0,0.0
2025-04-22,USC00275868,,,,USC00275868,Spring,4.4,18.3,5.1,0.0,0.0
2025-04-23,USC00275868,,,,USC00275868,Spring,2.2,20.0,0.0,0.0,0.0
2025-04-24,USC00275868,,,,USC00275868,Spring,-1.1,18.9,0.0,0.0,0.0
2025-03-30,USC00275995,,,,USC00275995,Spring,-2.8,1.7,4.3,0.0,127.0
2025-03-31,USC00275995,,,,USC00275995,Spring,-1.1,0.6,7.9,0.0,76.0
2025-04-01,USC00275995,,,,USC00275995,Spring,0.6,7.2,3.8,0.0,0.0
2025-04-02,USC00275995,,,,USC00275995,Spring,-5.6,2.8,0.0,0.0,0.0
2025-04-03,USC00275995,,,,USC00275995,Spring,-3.3,6.1,14.5,23.0,25.0
2025-04-04,USC00275995,,,,USC00275995,Spring,0.0,7.8,4.8,0.0,0.0
2025-04-05,USC00275995,,,,USC00275995,Spring,0.0,12.8,0.0,0.0,0.0
2025-04-06,USC00275995,,,,USC00275995,Spring,1.1,5.0,6.6,0.0,0.0
2025-04-07,USC00275995,,,,USC00275995,Spring,1.1,11.7,0.0,0.0,0.0
2025-04-08,USC00275995,,,,USC00275995,Spring,0.0,6.1,0.0,0.0,0.0
2025-04-09,USC00275995,,,,USC00275995,Spring,-4.4,2.8,2.0,0.0,0.0
2025-04-10,USC00275995,,,,USC00275995,Spring,-6.7,4.4,0.0,0.0,0.0
2025-04-11,USC00275995,,,,USC00275995,Spring,-1.1,10.6,0.0,0.0,0.0
2025-04-12,USC00275995,,,,USC00275995,Spring,0.6,3.9,3.3,0.0,0.0
2025-04-13,USC00275995,,,,USC00275995,Spring,0.6,3.3,9.4,0.0,0.0
2025-04-14,USC00275995,,,,USC00275995,Spring,1.1,9.4,0.5,0.0,0.0
2025-04-15,USC00275995,,,,USC00275995,Spring,4.4,18.9,1.5,0.0,0.0
2025-04-16,USC00275995,,,,USC00275995,Spring,3.9,18.9,0.3,0.0,0.0
2025-04-17,USC00275995,,,,USC00275995,Spring,1.1,6.1,0.0,0.0,0.0
2025-04-18,USC00275995,,,,USC00275995,Spring,-3.3,11.7,0.0,0.0,0.0
2025-04-19,USC00275995,,,,USC00275995,Spring,4.4,18.3,0.3,0.0,0.0
2025-04-20,USC00275995,,,,USC00275995,Spring,6.7,24.4,0.0,0.0,0.0
2025-04-21,USC00275995,,,,USC00275995,Spring,-1.1,11.7,0.0,,
2025-04-22,USC00275995,,,,USC00275995,Spring,-1.1,17.8,1.0,,
2025-04-23,USC00275995,,,,USC00275995,Spring,4.4,21.1,0.0,0.0,0.0
2025-04-24,USC00275995,,,,USC00275995,Spring,1.7,18.3,0.0,0.0,0.0
2025-04-25,USC00275995,,,,USC00275995,Spring,7.8,22.2,0.3,0.0,0.0
2025-04-26,USC00275995,,,,USC00275995,Spring,8.3,21.7,6.4,0.0,0.0
2025-03-30,USC00276070,,,,USC00276070,Spring,,,10.4,0.0,0.0
2025-03-31,USC00276070,,,,USC00276070,Spring,,,3.6,0.0,0.0
2025-03-30,USC00276365,,,,USC00276365,Spring,-3.3,1.7,4.1,0.0,102.0
2025-03-31,USC00276365,,,,USC00276365,Spring,-1.1,0.6,12.7,0.0,76.0
2025-04-01,USC00276365,,,,USC00276365,Spring,-1.7,11.1,9.7,0.0,25.0
2025-04-02,USC00276365,,,,USC00276365,Spring,-10.6,3.3,0.0,0.0,0.0
2025-04-03,USC00276365,,,,USC00276365,Spring,-8.3,3.9,8.1,0.0,0.0
2025-04-04,USC00276365,,,,USC00276365,Spring,0.0,8.3,11.9,0.0,0.0
2025-04-05,USC00276365,,,,USC00276365,Spring,-2.8,10.0,0.0,0.0,0.0
2025-04-06,USC00276365,,,,USC00276365,Spring,-1.1,7.2,8.4,0.0,0.0
2025-04-07,USC00276365,,,,USC00276365,Spring,-2.2,10.0,0.0,0.0,0.0
2025-04-08,USC00276365,,,,USC00276365,Spring,-0.6,6.7,0.0,0.0,0.0
2025-04-09,USC00276365,,,,USC00276365,Spring,-8.3,0.6,12.7,140.0,127.0
2025-04-10,USC00276365,,,,USC00276365,Spring,-11.1,1.7,0.0,0.0,76.0
2025-04-11,USC00276365,,,,USC00276365,Spring,-11.1,7.8,0.0,0.0,0.0
2025-04-12,USC00276365,,,,USC00276365,Spring,-0.6,6.7,0.0,0.0,0.0
2025-04-13,USC00276365,,,,USC00276365,Spring,0.0,4.4,1.3,0.0,0.0
2025-04-14,USC00276365,,,,USC00276365,Spring,-4.4,6.1,0.0,0.0,0.0
2025-04-15,USC00276365,,,,USC00276365,Spring,-2.2,17.2,0.0,0.0,0.0
2025-04-16,USC00276365,,,,USC00276365,Spring,0.6,17.2,2.8,0.0,0.0
2025-04-17,USC00276365,,,,USC00276365,Spring,-1.1,2.2,0.0,0.0,0.0
2025-04-18,USC00276365,,,,USC00276365,Spring,-6.7,9.4,0.0,0.0,0.0
2025-04-19,USC00276365,,,,USC00276365,Spring,-5.6,17.2,1.8,0.0,0.0
2025-04-20,USC00276365,,,,USC00276365,Spring,2.2,17.8,13.7,0.0,0.0
2025-04-21,USC00276365,,,,USC00276365,Spring,-5.0,9.4,0.0,0.0,0.0
2025-04-22,USC00276365,,,,USC00276365,Spring,-3.9,18.3,0.8,0.0,0.0
2025-04-23,USC00276365,,,,USC00276365,Spring,0.0,19.4,0.0,0.0,0.0
2025-04-24,USC00276365,,,,USC00276365,Spring,-2.8,16.7,0.0,0.0,0.0
2025-04-25,USC00276365,,,,USC00276365,Spring,-1.1,20.6,2.3,0.0,0.0
2025-04-26,USC00276365,,,,USC00276365,Spring,6.1,18.9,1.0,0.0,0.0
2025-03-30,USC00276368,,,,USC00276368,Spring,,,7.6,0.0,0.0
2025-03-31,USC00276368,,,,USC00276368,Spring,,,6.6,0.0,0.0
2025-04-01,USC00276368,,,,USC00276368,Spring,,,14.5,0.0,0.0
2025-04-02,USC00276368,,,,USC00276368,Spring,,,0.0,0.0,0.0
2025-04-03,USC00276368,,,,USC00276368,Spring,,,11.7,0.0,0.0
2025-04-04,USC00276368,,,,USC00276368,Spring,,,7.6,0.0,0.0
2025-04-06,USC00276368,,,,USC00276368,Spring,,,7.6,0.0,0.0
2025-04-07,USC00276368,,,,USC00276368,Spring,,,3.6,,
2025-04-08,USC00276368,,,,USC00276368,Spring,,,1.3,0.0,0.0
2025-04-09,USC00276368,,,,USC00276368,Spring,,,1.0,0.0,0.0
2025-04-10,USC00276368,,,,USC00276368,Spring,,,0.0,0.0,0.0
2025-04-11,USC00276368,,,,USC00276368,Spring,,,2.3,0.0,0.0
2025-04-12,USC00276368,,,,USC00276368,Spring,,,3.8,23.0,25.0
2025-04-13,USC00276368,,,,USC00276368,Spring,,,9.9,76.0,0.0
2025-04-14,USC00276368,,,,USC00276368,Spring,,,1.3,0.0,0.0
2025-04-16,USC00276368,,,,USC00276368,Spring,,,,,0.0
2025-04-17,USC00276368,,,,USC00276368,Spring,,,0.0,0.0,0.0
2025-04-18,USC00276368,,,,USC00276368,Spring,,,0.0,0.0,0.0
2025-04-19,USC00276368,,,,USC00276368,Spring,,,0.0,0.0,0.0
2025-04-20,USC00276368,,,,USC00276368,Spring,,,2.3,0.0,0.0
2025-04-21,USC00276368,,,,USC00276368,Spring,,,0.0,0.0,0.0
2025-04-22,USC00276368,,,,USC00276368,Spring,,,3.3,0.0,0.0
2025-04-23,USC00276368,,,,USC00276368,Spring,,,0.0,0.0,0.0
2025-04-24,USC00276368,,,,USC00276368,Spring,,,0.0,0.0,0.0
2025-04-25,USC00276368,,,,USC00276368,Spring,,,1.0,0.0,0.0
2025-04-26,USC00276368,,,,USC00276368,Spring,,,10.7,0.0,0.0
2025-03-30,USC00276550,,,,USC00276550,Spring,0.0,1.1,13.0,0.0,0.0
2025-03-31,USC00276550,,,,USC00276550,Spring,,,3.0,0.0,0.0
2025-04-01,USC00276550,,,,USC00276550,Spring,1.7,13.9,3.8,,
2025-04-02,USC00276550,,,,USC00276550,Spring,-3.3,7.8,0.0,,
2025-04-03,USC00276550,,,,USC00276550,Spring,-3.3,7.8,16.0,0.0,0.0
2025-04-04,USC00276550,,,,USC00276550,Spring,1.1,12.2,7.9,,
2025-04-05,USC00276550,,,,USC00276550,Spring,1.1,16.7,,,
2025-04-06,USC00276550,,,,USC00276550,Spring,2.2,6.7,,,
2025-04-07,USC00276550,,,,USC00276550,Spring,0.0,16.7,,,
2025-04-08,USC00276550,,,,USC00276550,Spring,0.0,2.8,1.8,,
2025-04-09,USC00276550,,,,USC00276550,Spring,-5.6,2.8,1.5,,
2025-04-10,USC00276550,,,,USC00276550,Spring,-5.6,5.6,0.0,,
2025-04-11,USC00276550,,,,USC00276550,Spring,-5.6,9.4,4.8,0.0,0.0
2025-04-12,USC00276550,,,,USC00276550,Spring,0.0,6.1,,,
2025-04-13,USC00276550,,,,USC00276550,Spring,0.0,6.1,,,
2025-04-14,USC00276550,,,,USC00276550,Spring,,,0.0,,
2025-04-15,USC00276550,,,,USC00276550,Spring,-1.1,18.3,4.1,,
2025-04-16,USC00276550,,,,USC00276550,Spring,2.2,18.3,0.3,,
2025-04-17,USC00276550,,,,USC00276550,Spring,-0.6,7.2,0.0,,
2025-04-18,USC00276550,,,,USC00276550,Spring,-3.3,13.9,0.0,,
2025-04-19,USC00276550,,,,USC00276550,Spring,,,0.0,,
2025-04-20,USC00276550,,,,USC00276550,Spring,,,4.1,,
2025-04-21,USC00276550,,,,USC00276550,Spring,,,0.0,,
2025-04-22,USC00276550,,,,USC00276550,Spring,-0.6,16.1,3.0,,
2025-04-23,USC00276550,,,,USC00276550,Spring,2.8,21.1,0.0,,
2025-04-24,USC00276550,,,,USC00276550,Spring,2.2,19.4,0.0,,
2025-04-25,USC00276550,,,,USC00276550,Spring,3.3,23.3,3.6,,
2025-03-30,USC00276818,,,,USC00276818,Spring,-5.0,-1.7,0.3,76.0,127.0
2025-03-31,USC00276818,,,,USC00276818,Spring,-4.4,-0.6,5.1,0.0,102.0
2025-04-01,USC00276818,,,,USC00276818,Spring,-1.7,10.6,2.0,0.0,76.0
2025-04-03,USC00276818,,,,USC00276818,Spring,-10.0,3.3,4.6,51.0,76.0
2025-04-04,USC00276818,,,,USC00276818,Spring,-3.9,15.0,0.3,0.0,25.0
2025-04-05,USC00276818,,,,USC00276818,Spring,-0.6,8.9,0.0,0.0,0.0
2025-04-06,USC00276818,,,,USC00276818,Spring,-1.7,2.2,7.1,25.0,25.0
2025-04-07,USC00276818,,,,USC00276818,Spring,-2.2,7.8,0.0,0.0,0.0
2025-04-08,USC00276818,,,,USC00276818,Spring,-2.2,2.8,0.0,0.0,0.0
2025-04-09,USC00276818,,,,USC00276818,Spring,-8.3,1.1,4.6,51.0,51.0
2025-04-10,USC00276818,,,,USC00276818,Spring,-8.9,0.0,0.0,0.0,0.0
2025-04-11,USC00276818,,,,USC00276818,Spring,-10.0,6.7,0.3,3.0,0.0
2025-04-12,USC00276818,,,,USC00276818,Spring,-1.1,1.1,0.3,0.0,0.0
2025-04-13,USC00276818,,,,USC00276818,Spring,-1.1,1.7,0.3,3.0,0.0
2025-04-14,USC00276818,,,,USC00276818,Spring,-1.1,2.2,0.0,0.0,0.0
2025-04-15,USC00276818,,,,USC00276818,Spring,0.6,14.4,0.0,0.0,0.0
2025-04-16,USC00276818,,,,USC00276818,Spring,1.1,16.1,3.0,0.0,0.0
2025-04-17,USC00276818,,,,USC00276818,Spring,-5.0,3.9,2.0,0.0,0.0
2025-04-18,USC00276818,,,,USC00276818,Spring,-2.8,6.1,2.0,0.0,0.0
2025-04-19,USC00276818,,,,USC00276818,Spring,-2.8,16.1,2.8,0.0,0.0
2025-04-20,USC00276818,,,,USC00276818,Spring,6.1,20.6,1.3,0.0,0.0
2025-04-21,USC00276818,,,,USC00276818,Spring,-2.2,7.2,0.0,0.0,0.0
2025-04-22,USC00276818,,,,USC00276818,Spring,-1.7,15.0,2.5,0.0,0.0
2025-04-23,USC00276818,,,,USC00276818,Spring,2.2,17.8,0.0,0.0,0.0
2025-04-24,USC00276818,,,,USC00276818,Spring,0.6,15.0,0.0,0.0,0.0
2025-04-25,USC00276818,,,,USC00276818,Spring,0.6,19.4,0.0,0.0,0.0
2025-04-26,USC00276818,,,,USC00276818,Spring,6.1,18.9,0.0,0.0,0.0
2025-03-30,USC00276856,,,,USC00276856,Spring,-7.8,2.2,1.0,0.0,51.0
2025-03-31,USC00276856,,,,USC00276856,Spring,-2.8,0.6,9.1,0.0,25.0
2025-04-01,USC00276856,,,,USC00276856,Spring,-2.8,11.7,15.0,0.0,0.0
2025-04-04,USC00276856,,,,USC00276856,Spring,0.6,10.6,1.3,0.0,0.0
2025-04-05,USC00276856,,,,USC00276856,Spring,-3.3,6.7,0.0,0.0,0.0
2025-04-06,USC00276856,,,,USC00276856,Spring,0.0,3.9,8.4,0.0,0.0
2025-04-07,USC00276856,,,,USC00276856,Spring,-2.8,6.1,0.0,0.0,0.0
2025-04-08,USC00276856,,,,USC00276856,Spring,-2.8,6.1,0.0,0.0,0.0
2025-04-09,USC00276856,,,,USC00276856,Spring,-8.9,0.6,6.4,102.0,102.0
2025-04-10,USC00276856,,,,USC00276856,Spring,-13.3,-0.6,0.0,0.0,51.0
2025-04-11,USC00276856,,,,USC00276856,Spring,-12.2,7.2,0.0,0.0,0.0
2025-04-12,USC00276856,,,,USC00276856,Spring,0.0,4.4,0.3,0.0,0.0
2025-04-13,USC00276856,,,,USC00276856,Spring,0.6,3.3,3.8,0.0,0.0
2025-04-14,USC00276856,,,,USC00276856,Spring,-3.3,5.0,0.0,0.0,0.0
2025-04-15,USC00276856,,,,USC00276856,Spring,0.0,13.9,0.3,0.0,0.0
2025-04-16,USC00276856,,,,USC00276856,Spring,0.6,16.7,1.3,0.0,0.0
2025-04-17,USC00276856,,,,USC00276856,Spring,-2.2,0.6,2.0,,0.0
2025-04-18,USC00276856,,,,USC00276856,Spring,-6.1,5.6,0.3,0.0,0.0
2025-04-19,USC00276856,,,,USC00276856,Spring,-3.9,13.9,7.1,0.0,0.0
2025-04-20,USC00276856,,,,USC00276856,Spring,-0.6,17.2,7.4,0.0,0.0
2025-04-21,USC00276856,,,,USC00276856,Spring,-4.4,6.1,0.0,0.0,0.0
2025-04-22,USC00276856,,,,USC00276856,Spring,-2.2,15.6,1.8,0.0,0.0
2025-04-23,USC00276856,,,,USC00276856,Spring,3.9,13.3,0.0,0.0,0.0
2025-04-24,USC00276856,,,,USC00276856,Spring,-2.8,10.6,0.0,0.0,0.0
2025-04-26,USC00276856,,,,USC00276856,Spring,0.0,17.2,2.3,0.0,0.0
2025-03-30,USC00277833,,,,USC00277833,Spring,-1.1,-0.6,7.6,,
2025-03-31,USC00277833,,,,USC00277833,Spring,-0.6,0.6,9.1,,
2025-04-01,USC00277833,,,,USC00277833,Spring,0.0,9.4,2.5,,
2025-04-02,USC00277833,,,,USC00277833,Spring,-3.9,6.1,0.0,,
2025-04-03,USC00277833,,,,USC00277833,Spring,-3.9,5.6,12.7,,
2025-04-04,USC00277833,,,,USC00277833,Spring,0.0,7.8,6.9,,
2025-04-05,USC00277833,,,,USC00277833,Spring,1.7,15.0,0.0,,
2025-04-06,USC00277833,,,,USC00277833,Spring,1.7,4.4,9.9,,
2025-04-07,USC00277833,,,,USC00277833,Spring,0.6,11.7,,,
2025-04-08,USC00277833,,,,USC00277833,Spring,-0.6,3.9,,,
2025-04-09,USC00277833,,,,USC00277833,Spring,-5.0,2.8,2.5,,
2025-04-10,USC00277833,,,,USC00277833,Spring,-6.1,5.0,0.0,,
2025-04-11,USC00277833,,,,USC00277833,Spring,-2.2,10.0,1.5,,
2025-04-12,USC00277833,,,,USC00277833,Spring,0.0,5.0,2.8,,
2025-04-13,USC00277833,,,,USC00277833,Spring,0.0,2.8,5.6,,
2025-04-14,USC00277833,,,,USC00277833,Spring,0.6,8.3,0.0,,
2025-04-15,USC00277833,,,,USC00277833,Spring,5.6,18.3,6.6,,
2025-04-16,USC00277833,,,,USC00277833,Spring,3.3,18.3,6.4,,
2025-04-17,USC00277833,,,,USC00277833,Spring,1.7,8.9,,,
2025-04-18,USC00277833,,,,USC00277833,Spring,-3.3,12.2,0.0,,
2025-04-19,USC00277833,,,,USC00277833,Spring,0.6,19.4,0.0,,
2025-04-20,USC00277833,,,,USC00277833,Spring,8.3,24.4,0.0,,
2025-04-21,USC00277833,,,,USC00277833,Spring,1.1,12.8,0.0,,
2025-04-22,USC00277833,,,,USC00277833,Spring,5.0,16.7,5.6,,
2025-04-23,USC00277833,,,,USC00277833,Spring,4.4,21.1,,,
2025-04-24,USC00277833,,,,USC00277833,Spring,2.2,19.4,0.0,,
2025-04-25,USC00277833,,,,USC00277833,Spring,8.3,22.8,,,
2025-04-26,USC00277833,,,,USC00277833,Spring,9.4,21.7,11.9,,
2025-03-30,USC00278539,,,,USC00278539,Spring,,,,0.0,0.0
2025-03-31,USC00278539,,,,USC00278539,Spring,,,,0.0,0.0
2025-04-01,USC00278539,,,,USC00278539,Spring,1.1,13.3,4.3,0.0,0.0
2025-04-02,USC00278539,,,,USC00278539,Spring,-3.3,8.9,0.0,0.0,0.0
2025-04-03,USC00278539,,,,USC00278539,Spring,-2.8,8.9,0.0,0.0,0.0
2025-04-04,USC00278539,,,,USC00278539,Spring,1.1,10.6,6.1,0.0,0.0
2025-04-05,USC00278539,,,,USC00278539,Spring,,,,0.0,0.0
2025-04-06,USC00278539,,,,USC00278539,Spring,,,,0.0,0.0
2025-04-07,USC00278539,,,,USC00278539,Spring,,,14.5,0.0,0.0
2025-04-08,USC00278539,,,,USC00278539,Spring,0.0,3.3,1.3,0.0,0.0
2025-04-09,USC00278539,,,,USC00278539,Spring,-5.0,2.8,0.0,0.0,0.0
2025-04-10,USC00278539,,,,USC00278539,Spring,-5.6,6.1,0.0,0.0,0.0
2025-04-11,USC00278539,,,,USC00278539,Spring,-4.4,10.0,5.1,,
2025-04-12,USC00278539,,,,USC00278539,Spring,,,0.0,0.0,0.0
2025-04-13,USC00278539,,,,USC00278539,Spring,,,0.0,0.0,0.0
2025-04-14,USC00278539,,,,USC00278539,Spring,,,9.9,0.0,0.0
2025-04-15,USC00278539,,,,USC00278539,Spring,-0.6,19.4,5.6,0.0,0.0
2025-04-16,USC00278539,,,,USC00278539,Spring,2.2,16.7,0.8,0.0,0.0
2025-04-17,USC00278539,,,,USC00278539,Spring,1.7,8.3,0.0,0.0,0.0
2025-04-18,USC00278539,,,,USC00278539,Spring,-3.3,13.9,0.0,0.0,0.0
2025-04-19,USC00278539,,,,USC00278539,Spring,,,0.0,0.0,0.0
2025-04-20,USC00278539,,,,USC00278539,Spring,,,0.0,0.0,0.0
2025-04-21,USC00278539,,,,USC00278539,Spring,,,3.0,0.0,0.0
2025-04-22,USC00278539,,,,USC00278539,Spring,0.6,16.1,2.8,0.0,0.0
2025-04-23,USC00278539,,,,USC00278539,Spring,1.1,20.6,0.0,0.0,0.0
2025-04-24,USC00278539,,,,USC00278539,Spring,2.2,20.6,0.0,0.0,0.0
2025-04-25,USC00278539,,,,USC00278539,Spring,4.4,23.3,5.3,0.0,0.0
2025-03-30,USC00278614,,,,USC00278614,Spring,-2.8,0.6,8.1,51.0,152.0
2025-03-31,USC00278614,,,,USC00278614,Spring,-1.1,1.1,9.1,0.0,102.0
2025-04-01,USC00278614,,,,USC00278614,Spring,0.0,6.1,4.6,0.0,38.0
2025-04-02,USC00278614,,,,USC00278614,Spring,-5.6,5.6,0.0,0.0,0.0
2025-04-03,USC00278614,,,,USC00278614,Spring,-5.6,5.6,10.2,20.0,25.0
2025-04-04,USC00278614,,,,USC00278614,Spring,-0.6,7.2,8.9,0.0,13.0
2025-04-05,USC00278614,,,,USC00278614,Spring,0.6,14.4,0.0,0.0,0.0
2025-04-06,USC00278614,,,,USC00278614,Spring,0.6,5.0,9.9,0.0,0.0
2025-04-07,USC00278614,,,,USC00278614,Spring,0.6,12.8,0.5,0.0,0.0
2025-04-08,USC00278614,,,,USC00278614,Spring,0.0,5.6,0.0,0.0,0.0
2025-04-09,USC00278614,,,,USC00278614,Spring,,,2.5,0.0,0.0
2025-04-10,USC00278614,,,,USC00278614,Spring,-7.8,4.4,0.0,0.0,0.0
2025-04-11,USC00278614,,,,USC00278614,Spring,-7.2,10.0,1.5,0.0,0.0
2025-04-12,USC00278614,,,,USC00278614,Spring,0.0,3.9,3.6,3.0,0.0
2025-04-13,USC00278614,,,,USC00278614,Spring,0.0,3.3,7.6,25.0,0.0
2025-04-14,USC00278614,,,,USC00278614,Spring,1.1,8.3,0.5,0.0,0.0
2025-04-15,USC00278614,,,,USC00278614,Spring,1.1,18.9,2.8,0.0,0.0
2025-04-16,USC00278614,,,,USC00278614,Spring,3.3,19.4,0.0,0.0,0.0
2025-04-17,USC00278614,,,,USC00278614,Spring,1.1,8.9,0.0,0.0,0.0
2025-04-18,USC00278614,,,,USC00278614,Spring,-3.9,12.2,0.0,0.0,0.0
2025-04-19,USC00278614,,,,USC00278614,Spring,-2.2,19.4,0.3,0.0,0.0
2025-04-20,USC00278614,,,,USC00278614,Spring,7.8,23.3,0.0,0.0,0.0
2025-04-21,USC00278614,,,,USC00278614,Spring,-2.8,12.8,0.0,0.0,0.0
2025-04-22,USC00278614,,,,USC00278614,Spring,-1.1,17.2,1.0,0.0,0.0
2025-04-23,USC00278614,,,,USC00278614,Spring,1.7,21.1,0.0,0.0,0.0
2025-04-24,USC00278614,,,,USC00278614,Spring,0.0,18.9,0.0,0.0,0.0
2025-04-25,USC00278614,,,,USC00278614,Spring,2.2,22.2,0.5,0.0,0.0
2025-03-30,USC00278856,,,,USC00278856,Spring,0.0,1.7,17.0,,
2025-03-31,USC00278856,,,,USC00278856,Spring,0.0,2.2,2.0,,
2025-04-01,USC00278856,,,,USC00278856,Spring,2.2,15.0,5.3,,
2025-04-02,USC00278856,,,,USC00278856,Spring,-3.3,8.3,0.0,,
2025-04-03,USC00278856,,,,USC00278856,Spring,-2.8,6.7,19.8,,
2025-04-04,USC00278856,,,,USC00278856,Spring,1.7,16.7,5.3,,
2025-04-05,USC00278856,,,,USC00278856,Spring,2.2,16.7,0.0,,
2025-04-06,USC00278856,,,,USC00278856,Spring,2.8,7.2,,,
2025-04-07,USC00278856,,,,USC00278856,Spring,0.0,13.3,3.3,,
2025-04-08,USC00278856,,,,USC00278856,Spring,0.6,3.9,0.3,,
2025-04-09,USC00278856,,,,USC00278856,Spring,-5.0,2.2,0.5,,
2025-04-10,USC00278856,,,,USC00278856,Spring,-5.6,5.6,0.0,,
2025-04-11,USC00278856,,,,USC00278856,Spring,-3.9,10.0,4.1,,
2025-04-12,USC00278856,,,,USC00278856,Spring,0.0,5.6,3.3,,
2025-04-13,USC00278856,,,,USC00278856,Spring,0.0,2.8,5.3,,
2025-04-14,USC00278856,,,,USC00278856,Spring,-2.2,8.3,0.0,,
2025-04-15,USC00278856,,,,USC00278856,Spring,0.0,18.9,3.8,,
2025-04-16,USC00278856,,,,USC00278856,Spring,2.8,18.9,1.0,,
2025-04-17,USC00278856,,,,USC00278856,Spring,2.2,7.8,0.3,,
2025-04-18,USC00278856,,,,USC00278856,Spring,-2.8,13.9,0.0,,
2025-04-19,USC00278856,,,,USC00278856,Spring,-1.7,20.0,0.0,,
2025-04-20,USC00278856,,,,USC00278856,Spring,8.9,26.7,2.5,,
2025-04-21,USC00278856,,,,USC00278856,Spring,-1.1,14.4,0.0,,
2025-04-22,USC00278856,,,,USC00278856,Spring,1.1,16.7,3.6,,
2025-04-23,USC00278856,,,,USC00278856,Spring,6.1,21.1,,,
2025-04-24,USC00278856,,,,USC00278856,Spring,2.8,20.0,0.0,,
2025-04-25,USC00278856,,,,USC00278856,Spring,6.1,23.3,,,
2025-04-26,USC00278856,,,,USC00278856,Spring,9.4,21.7,11.9,,
2025-03-30,USC00278961,,,,USC00278961,Spring,-2.8,0.6,9.4,,
2025-03-31,USC00278961,,,,USC00278961,Spring,-1.1,0.0,14.7,,
2025-04-01,USC00278961,,,,USC00278961,Spring,,,,,
2025-04-02,USC00278961,,,,USC00278961,Spring,-7.2,2.2,0.0,,
2025-04-03,USC00278961,,,,USC00278961,Spring,-6.1,3.9,7.4,,
2025-04-04,USC00278961,,,,USC00278961,Spring,-0.6,12.8,10.4,,
2025-04-05,USC00278961,,,,USC00278961,Spring,-0.6,10.0,0.0,,
2025-04-06,USC00278961,,,,USC00278961,Spring,0.0,2.8,7.4,,
2025-04-07,USC00278961,,,,USC00278961,Spring,-0.6,9.4,,,
2025-04-08,USC00278961,,,,USC00278961,Spring,-1.1,4.4,0.0,,
2025-04-09,USC00278961,,,,USC00278961,Spring,-7.2,0.6,4.1,,
2025-04-10,USC00278961,,,,USC00278961,Spring,-9.4,2.2,0.0,,
2025-04-11,USC00278961,,,,USC00278961,Spring,-5.6,8.3,1.0,,
2025-04-12,USC00278961,,,,USC00278961,Spring,0.0,3.3,1.5,,
2025-04-13,USC00278961,,,,USC00278961,Spring,0.0,2.8,4.1,,
2025-04-14,USC00278961,,,,USC00278961,Spring,-2.2,6.7,0.0,,
2025-04-15,USC00278961,,,,USC00278961,Spring,3.3,16.1,,,
2025-04-16,USC00278961,,,,USC00278961,Spring,1.7,16.1,0.5,,
2025-04-17,USC00278961,,,,USC00278961,Spring,-0.6,4.4,0.3,,
2025-04-18,USC00278961,,,,USC00278961,Spring,-3.3,8.9,0.0,,
2025-04-19,USC00278961,,,,USC00278961,Spring,0.0,16.7,0.8,,
2025-04-20,USC00278961,,,,USC00278961,Spring,3.3,20.0,0.8,,
2025-04-21,USC00278961,,,,USC00278961,Spring,-2.8,8.3,0.0,,
2025-04-22,USC00278961,,,,USC00278961,Spring,1.7,15.6,1.8,,
2025-04-23,USC00278961,,,,USC00278961,Spring,1.1,18.9,,,
2025-04-24,USC00278961,,,,USC00278961,Spring,-1.7,15.6,0.0,,
2025-04-25,USC00278961,,,,USC00278961,Spring,5.6,19.4,,,
2025-04-26,USC00278961,,,,USC00278961,Spring,8.3,19.4,8.6,,
2025-04-11,USC00279091,,,,USC00279091,Spring,-7.8,11.1,0.8,,
2025-03-30,USC00279278,,,,USC00279278,Spring,0.0,1.1,9.9,5.0,0.0
2025-03-31,USC00279278,,,,USC00279278,Spring,0.6,3.3,2.0,0.0,0.0
2025-04-01,USC00279278,,,,USC00279278,Spring,2.2,16.1,9.9,0.0,0.0
2025-04-02,USC00279278,,,,USC00279278,Spring,-2.2,9.4,0.0,0.0,0.0
2025-04-03,USC00279278,,,,USC00279278,Spring,-2.2,7.8,16.8,3.0,0.0
2025-04-04,USC00279278,,,,USC00279278,Spring,2.2,13.3,8.6,0.0,0.0
2025-04-05,USC00279278,,,,USC00279278,Spring,1.7,18.9,0.0,0.0,0.0
2025-04-06,USC00279278,,,,USC00279278,Spring,2.8,6.1,10.4,0.0,0.0
2025-04-07,USC00279278,,,,USC00279278,Spring,2.2,11.1,5.8,0.0,0.0
2025-04-08,USC00279278,,,,USC00279278,Spring,1.1,3.3,3.8,0.0,0.0
2025-04-09,USC00279278,,,,USC00279278,Spring,-3.9,4.4,2.5,0.0,0.0
2025-04-10,USC00279278,,,,USC00279278,Spring,-3.9,7.2,0.0,0.0,0.0
2025-04-11,USC00279278,,,,USC00279278,Spring,-3.9,11.1,1.5,3.0,0.0
2025-04-12,USC00279278,,,,USC00279278,Spring,0.0,7.8,6.9,33.0,25.0
2025-04-13,USC00279278,,,,USC00279278,Spring,0.0,2.8,3.8,23.0,0.0
2025-04-14,USC00279278,,,,USC00279278,Spring,1.7,8.3,1.3,0.0,0.0
2025-04-15,USC00279278,,,,USC00279278,Spring,2.2,19.4,0.8,0.0,0.0
2025-04-16,USC00279278,,,,USC00279278,Spring,3.3,20.6,2.0,0.0,0.0
2025-04-17,USC00279278,,,,USC00279278,Spring,2.8,11.7,0.0,0.0,0.0
2025-04-18,USC00279278,,,,USC00279278,Spring,-0.6,14.4,0.0,0.0,0.0
2025-04-19,USC00279278,,,,USC00279278,Spring,3.9,21.1,0.0,0.0,0.0
2025-04-20,USC00279278,,,,USC00279278,Spring,11.7,27.8,1.3,0.0,0.0
2025-04-21,USC00279278,,,,USC00279278,Spring,0.6,16.1,0.0,0.0,0.0
2025-04-22,USC00279278,,,,USC00279278,Spring,1.1,16.7,4.3,0.0,0.0
2025-04-23,USC00279278,,,,USC00279278,Spring,4.4,22.8,0.0,0.0,0.0
2025-04-24,USC00279278,,,,USC00279278,Spring,3.3,21.1,0.0,0.0,0.0
2025-04-25,USC00279278,,,,USC00279278,Spring,3.9,22.8,1.3,0.0,0.0
2025-04-26,USC00279278,,,,USC00279278,Spring,8.9,22.2,6.9,0.0,0.0
2025-03-30,USC00279966,,,,USC00279966,Spring,-4.4,0.0,0.8,0.0,152.0
2025-03-31,USC00279966,,,,USC00279966,Spring,-2.8,0.0,15.2,0.0,127.0
2025-03-30,USC00279970,,,,USC00279970,Spring,-4.4,3.9,3.8,8.0,711.0
2025-03-31,USC00279970,,,,USC00279970,Spring,-3.9,4.4,8.9,13.0,711.0
2025-04-03,USC00279970,,,,USC00279970,Spring,-1.1,11.7,0.0,0.0,584.0
2025-04-04,USC00279970,,,,USC00279970,Spring,0.0,12.2,2.5,0.0,559.0
2025-04-05,USC00279970,,,,USC00279970,Spring,-1.1,8.9,0.0,0.0,559.0
2025-04-06,USC00279970,,,,USC00279970,Spring,-1.1,2.8,9.7,13.0,559.0
2025-04-07,USC00279970,,,,USC00279970,Spring,-3.3,4.4,0.0,0.0,533.0
2025-04-08,USC00279970,,,,USC00279970,Spring,-3.9,4.4,0.0,0.0,533.0
2025-04-09,USC00279970,,,,USC00279970,Spring,-11.1,1.7,6.6,178.0,686.0
2025-04-10,USC00279970,,,,USC00279970,Spring,-12.8,0.0,0.0,3.0,
2025-04-11,USC00279970,,,,USC00279970,Spring,-9.4,8.3,0.0,0.0,635.0
2025-04-14,USC00279970,,,,USC00279970,Spring,-3.3,3.3,1.3,13.0,635.0
2025-04-15,USC00279970,,,,USC00279970,Spring,0.6,15.6,0.0,0.0,610.0
2025-04-16,USC00279970,,,,USC00279970,Spring,-1.7,15.6,3.3,13.0,533.0
2025-04-17,USC00279970,,,,USC00279970,Spring,-4.4,1.7,1.8,13.0,533.0
2025-04-18,USC00279970,,,,USC00279970,Spring,-4.4,8.3,0.0,0.0,533.0
2025-04-19,USC00279970,,,,USC00279970,Spring,0.0,15.6,2.5,0.0,483.0
2025-04-20,USC00279970,,,,USC00279970,Spring,-0.6,13.9,4.8,0.0,330.0
2025-04-21,USC00279970,,,,USC00279970,Spring,-6.1,1.7,0.0,0.0,0.0
2025-04-26,USC00279970,,,,USC00279970,Spring,5.6,19.4,8.4,0.0,0.0
2025-03-30,USR0000NWMT,,,,USR0000NWMT,Spring,-2.2,2.8,,,
2025-03-31,USR0000NWMT,,,,USR0000NWMT,Spring,0.0,7.8,,,
2025-04-01,USR0000NWMT,,,,USR0000NWMT,Spring,-1.7,6.7,,,
2025-04-02,USR0000NWMT,,,,USR0000NWMT,Spring,-5.0,6.7,,,
2025-04-03,USR0000NWMT,,,,USR0000NWMT,Spring,-1.7,6.1,,,
2025-04-04,USR0000NWMT,,,,USR0000NWMT,Spring,0.0,15.0,,,
2025-04-05,USR0000NWMT,,,,USR0000NWMT,Spring,-0.6,5.6,,,
2025-04-06,USR0000NWMT,,,,USR0000NWMT,Spring,1.7,12.8,,,
2025-04-07,USR0000NWMT,,,,USR0000NWMT,Spring,1.1,6.7,,,
2025-04-08,USR0000NWMT,,,,USR0000NWMT,Spring,-3.3,3.3,,,
2025-04-09,USR0000NWMT,,,,USR0000NWMT,Spring,-4.4,6.7,,,
2025-04-10,USR0000NWMT,,,,USR0000NWMT,Spring,-7.2,11.1,,,
2025-04-11,USR0000NWMT,,,,USR0000NWMT,Spring,1.7,4.4,,,
2025-04-12,USR0000NWMT,,,,USR0000NWMT,Spring,0.6,3.9,,,
2025-04-13,USR0000NWMT,,,,USR0000NWMT,Spring,2.2,8.9,,,
2025-04-14,USR0000NWMT,,,,USR0000NWMT,Spring,-1.7,20.6,,,
2025-04-15,USR0000NWMT,,,,USR0000NWMT,Spring,3.9,20.0,,,
2025-04-16,USR0000NWMT,,,,USR0000NWMT,Spring,3.9,9.4,,,
2025-04-17,USR0000NWMT,,,,USR0000NWMT,Spring,1.1,13.3,,,
2025-04-18,USR0000NWMT,,,,USR0000NWMT,Spring,-3.3,19.4,,,
2025-04-19,USR0000NWMT,,,,USR0000NWMT,Spring,7.2,25.0,,,
2025-04-20,USR0000NWMT,,,,USR0000NWMT,Spring,1.7,16.7,,,
2025-04-21,USR0000NWMT,,,,USR0000NWMT,Spring,-1.1,18.9,,,
2025-04-22,USR0000NWMT,,,,USR0000NWMT,Spring,5.6,20.6,,,
2025-04-23,USR0000NWMT,,,,USR0000NWMT,Spring,2.8,21.1,,,
2025-04-24,USR0000NWMT,,,,USR0000NWMT,Spring,1.7,23.3,,,
2025-04-25,USR0000NWMT,,,,USR0000NWMT,Spring,6.7,22.2,,,
2025-03-30,USW00014710,,,,USW00014710,Spring,0.6,3.9,3.8,0.0,0.0
2025-03-31,USW00014710,,,,USW00014710,Spring,2.8,17.2,6.9,0.0,0.0
2025-04-01,USW00014710,,,,USW00014710,Spring,0.6,17.2,5.6,0.0,0.0
2025-04-02,USW00014710,,,,USW00014710,Spring,-0.5,8.9,3.0,0.0,0.0
2025-04-03,USW00014710,,,,USW00014710,Spring,1.7,11.7,20.1,0.0,0.0
2025-04-04,USW00014710,,,,USW00014710,Spring,4.4,20.0,0.0,0.0,0.0
2025-04-05,USW00014710,,,,USW00014710,Spring,2.8,7.8,8.1,0.0,0.0
2025-04-06,USW00014710,,,,USW00014710,Spring,3.9,12.8,7.1,0.0,0.0
2025-04-07,USW00014710,,,,USW00014710,Spring,1.7,7.8,2.5,0.0,0.0
2025-04-08,USW00014710,,,,USW00014710,Spring,-2.1,6.1,2.3,0.0,0.0
2025-04-09,USW00014710,,,,USW00014710,Spring,-2.1,8.3,0.0,0.0,0.0
2025-04-10,USW00014710,,,,USW00014710,Spring,-3.8,11.7,0.0,0.0,0.0
2025-04-11,USW00014710,,,,USW00014710,Spring,1.1,8.9,2.5,0.0,0.0
2025-04-12,USW00014710,,,,USW00014710,Spring,1.1,4.4,12.2,66.0,30.0
2025-04-13,USW00014710,,,,USW00014710,Spring,1.7,10.6,0.0,0.0,0.0
2025-04-14,USW00014710,,,,USW00014710,Spring,-0.5,21.7,0.0,0.0,0.0
2025-04-15,USW00014710,,,,USW00014710,Spring,8.3,21.7,8.6,0.0,0.0
2025-04-16,USW00014710,,,,USW00014710,Spring,5.0,12.2,0.0,0.0,0.0
2025-04-17,USW00014710,,,,USW00014710,Spring,2.8,16.1,0.0,0.0,0.0
2025-04-18,USW00014710,,,,USW00014710,Spring,-1.6,22.8,0.0,0.0,0.0
2025-04-19,USW00014710,,,,USW00014710,Spring,15.6,28.3,1.5,0.0,0.0
2025-04-20,USW00014710,,,,USW00014710,Spring,7.2,21.1,0.0,0.0,0.0
2025-04-21,USW00014710,,,,USW00014710,Spring,1.1,18.9,0.0,0.0,0.0
2025-04-22,USW00014710,,,,USW00014710,Spring,7.2,25.0,2.8,0.0,0.0
2025-04-23,USW00014710,,,,USW00014710,Spring,9.4,21.1,0.0,0.0,0.0
2025-04-24,USW00014710,,,,USW00014710,Spring,4.4,25.0,1.3,0.0,0.0
2025-04-25,USW00014710,,,,USW00014710,Spring,9.4,22.8,0.0,0.0,0.0
2025-03-30,USW00014745,,,,USW00014745,Spring,0.0,2.2,7.1,0.0,0.0
2025-03-31,USW00014745,,,,USW00014745,Spring,1.1,12.2,4.6,0.0,0.0
2025-04-01,USW00014745,,,,USW00014745,Spring,-1.6,9.4,4.1,0.0,0.0
2025-04-02,USW00014745,,,,USW00014745,Spring,-2.7,7.2,2.8,0.0,0.0
2025-04-03,USW00014745,,,,USW00014745,Spring,0.6,6.7,13.5,0.0,0.0
2025-04-04,USW00014745,,,,USW00014745,Spring,2.8,17.2,0.0,0.0,0.0
2025-04-05,USW00014745,,,,USW00014745,Spring,0.0,6.1,6.4,0.0,0.0
2025-04-06,USW00014745,,,,USW00014745,Spring,2.2,13.3,5.3,0.0,0.0
2025-04-07,USW00014745,,,,USW00014745,Spring,1.1,6.1,0.5,0.0,0.0
2025-04-08,USW00014745,,,,USW00014745,Spring,-3.2,3.9,2.5,0.0,0.0
2025-04-09,USW00014745,,,,USW00014745,Spring,-4.9,7.2,0.0,0.0,0.0
2025-04-10,USW00014745,,,,USW00014745,Spring,-7.1,11.7,0.0,0.0,0.0
2025-04-11,USW00014745,,,,USW00014745,Spring,0.6,6.1,1.5,0.0,0.0
2025-04-12,USW00014745,,,,USW00014745,Spring,0.6,3.3,16.0,53.0,30.0
2025-04-13,USW00014745,,,,USW00014745,Spring,0.0,9.4,0.3,0.0,0.0
2025-04-14,USW00014745,,,,USW00014745,Spring,-2.7,20.0,0.0,0.0,0.0
2025-04-15,USW00014745,,,,USW00014745,Spring,6.1,21.1,7.9,0.0,0.0
2025-04-16,USW00014745,,,,USW00014745,Spring,3.9,8.9,0.0,0.0,0.0
2025-04-17,USW00014745,,,,USW00014745,Spring,-1.0,14.4,0.0,0.0,0.0
2025-04-18,USW00014745,,,,USW00014745,Spring,-3.2,21.1,0.0,0.0,0.0
2025-04-19,USW00014745,,,,USW00014745,Spring,11.7,26.7,1.5,0.0,0.0
2025-04-20,USW00014745,,,,USW00014745,Spring,4.4,19.4,0.0,0.0,0.0
2025-04-21,USW00014745,,,,USW00014745,Spring,-1.6,17.2,0.5,0.0,0.0
2025-04-22,USW00014745,,,,USW00014745,Spring,6.1,22.8,2.3,0.0,0.0
2025-04-23,USW00014745,,,,USW00014745,Spring,3.9,21.1,0.0,0.0,0.0
2025-04-24,USW00014745,,,,USW00014745,Spring,1.1,23.9,0.0,0.0,0.0
2025-04-25,USW00014745,,,,USW00014745,Spring,7.8,23.9,0.0,0.0,0.0
2025-04-26,USW00014745,,,,USW00014745,Spring,,,,,
2025-03-30,USW00014755,,,,USW00014755,Spring,-6.7,-1.1,3.6,13.0,178.0
2025-03-31,USW00014755,,,,USW00014755,Spring,-1.1,6.1,14.2,0.0,102.0
2025-04-01,USW00014755,,,,USW00014755,Spring,-11.1,6.1,6.9,8.0,25.0
2025-04-02,USW00014755,,,,USW00014755,Spring,,,,,
2025-04-03,USW00014755,,,,USW00014755,Spring,-8.9,-5.0,7.4,33.0,25.0
2025-04-04,USW00014755,,,,USW00014755,Spring,-6.1,5.6,12.2,0.0,25.0
2025-04-05,USW00014755,,,,USW00014755,Spring,-5.6,0.0,0.0,0.0,25.0
2025-04-06,USW00014755,,,,USW00014755,Spring,-2.8,2.2,16.0,10.0,25.0
2025-04-07,USW00014755,,,,USW00014755,Spring,-12.8,1.1,1.0,3.0,25.0
2025-04-08,USW00014755,,,,USW00014755,Spring,-12.2,-7.8,0.3,3.0,25.0
2025-04-09,USW00014755,,,,USW00014755,Spring,-20.0,-7.2,13.2,201.0,152.0
2025-04-10,USW00014755,,,,USW00014755,Spring,-20.0,-12.2,0.5,13.0,152.0
2025-04-11,USW00014755,,,,USW00014755,Spring,-13.9,-6.1,1.0,13.0,152.0
2025-04-12,USW00014755,,,,USW00014755,Spring,,,,,
2025-04-13,USW00014755,,,,USW00014755,Spring,,,,,
2025-04-14,USW00014755,,,,USW00014755,Spring,-7.2,-2.2,2.3,20.0,152.0
2025-04-15,USW00014755,,,,USW00014755,Spring,-1.7,2.2,1.5,8.0,152.0
2025-04-16,USW00014755,,,,USW00014755,Spring,,,,,
2025-04-17,USW00014755,,,,USW00014755,Spring,-12.8,-10.0,3.6,38.0,178.0
2025-04-18,USW00014755,,,,USW00014755,Spring,-12.8,-2.8,0.0,0.0,0.0
2025-04-19,USW00014755,,,,USW00014755,Spring,-10.0,6.1,5.6,0.0,0.0
2025-04-20,USW00014755,,,,USW00014755,Spring,-7.8,8.3,8.6,0.0,25.0
2025-04-21,USW00014755,,,,USW00014755,Spring,-10.6,0.0,0.0,0.0,0.0
2025-04-22,USW00014755,,,,USW00014755,Spring,0.0,4.4,7.9,0.0,0.0
2025-04-26,USW00014755,,,,USW00014755,Spring,2.2,6.1,4.1,0.0,0.0
2025-03-30,USW00054728,,,,USW00054728,Spring,-1.6,1.7,11.9,,
2025-03-31,USW00054728,,,,USW00054728,Spring,0.0,11.7,10.9,,
2025-04-01,USW00054728,,,,USW00054728,Spring,-4.3,6.7,2.0,,
2025-04-02,USW00054728,,,,USW00054728,Spring,-8.2,4.4,0.0,,
2025-04-03,USW00054728,,,,USW00054728,Spring,-0.5,8.9,16.0,,
2025-04-04,USW00054728,,,,USW00054728,Spring,-2.7,8.9,0.0,,
2025-04-05,USW00054728,,,,USW00054728,Spring,-2.7,8.3,2.8,,
2025-04-06,USW00054728,,,,USW00054728,Spring,-0.5,9.4,3.3,,
2025-04-07,USW00054728,,,,USW00054728,Spring,-1.0,6.1,0.0,,
2025-04-08,USW00054728,,,,USW00054728,Spring,-6.0,2.8,5.8,,
2025-04-09,USW00054728,,,,USW00054728,Spring,-7.1,1.7,0.0,,
2025-04-10,USW00054728,,,,USW00054728,Spring,-9.3,8.3,,,
2025-04-11,USW00054728,,,,USW00054728,Spring,0.6,6.7,0.3,,
2025-04-12,USW00054728,,,,USW00054728,Spring,1.7,5.6,1.8,,
2025-04-13,USW00054728,,,,USW00054728,Spring,-2.1,6.1,0.3,,
2025-04-14,USW00054728,,,,USW00054728,Spring,-6.0,16.1,0.5,,
2025-04-15,USW00054728,,,,USW00054728,Spring,1.1,18.3,2.0,,
2025-04-16,USW00054728,,,,USW00054728,Spring,0.6,4.4,0.3,,
2025-04-17,USW00054728,,,,USW00054728,Spring,-4.3,8.9,0.0,,
2025-04-18,USW00054728,,,,USW00054728,Spring,-7.1,17.8,0.0,,
2025-04-19,USW00054728,,,,USW00054728,Spring,8.3,20.0,7.4,,
2025-04-20,USW00054728,,,,USW00054728,Spring,-3.8,15.0,0.0,,
2025-04-21,USW00054728,,,,USW00054728,Spring,-4.9,17.8,1.0,,
2025-04-22,USW00054728,,,,USW00054728,Spring,1.1,18.9,0.3,,
2025-04-23,USW00054728,,,,USW00054728,Spring,-1.0,15.6,0.0,,
2025-04-24,USW00054728,,,,USW00054728,Spring,-2.7,20.6,1.3,,
2025-04-25,USW00054728,,,,USW00054728,Spring,8.3,18.9,1.8,,
2025-03-30,USW00054770,,,,USW00054770,Spring,-0.5,1.1,3.3,,
2025-03-31,USW00054770,,,,USW00054770,Spring,0.0,15.0,7.6,,
2025-04-01,USW00054770,,,,USW00054770,Spring,-1.6,12.8,3.6,,
2025-04-02,USW00054770,,,,USW00054770,Spring,-3.2,6.7,4.1,,
2025-04-03,USW00054770,,,,USW00054770,Spring,0.6,16.1,13.2,,
2025-04-04,USW00054770,,,,USW00054770,Spring,2.8,17.2,0.0,,
2025-04-05,USW00054770,,,,USW00054770,Spring,0.6,5.6,11.4,,
2025-04-06,USW00054770,,,,USW00054770,Spring,2.2,11.7,5.6,,
2025-04-07,USW00054770,,,,USW00054770,Spring,0.0,5.0,2.8,,
2025-04-08,USW00054770,,,,USW00054770,Spring,-4.9,1.7,1.0,,
2025-04-09,USW00054770,,,,USW00054770,Spring,-5.5,5.6,0.0,,
2025-04-10,USW00054770,,,,USW00054770,Spring,-6.0,8.9,0.0,,
2025-04-11,USW00054770,,,,USW00054770,Spring,0.0,5.0,3.0,,
2025-04-12,USW00054770,,,,USW00054770,Spring,-0.5,1.7,11.7,,
2025-04-17,USW00054770,,,,USW00054770,Spring,-1.0,12.8,,,
2025-04-18,USW00054770,,,,USW00054770,Spring,-3.8,17.8,0.0,,
2025-04-19,USW00054770,,,,USW00054770,Spring,11.7,25.0,1.0,,
2025-04-20,USW00054770,,,,USW00054770,Spring,3.3,17.8,0.0,,
2025-04-21,USW00054770,,,,USW00054770,Spring,-2.1,15.6,1.0,,
2025-04-22,USW00054770,,,,USW00054770,Spring,5.0,21.1,1.8,,
2025-04-23,USW00054770,,,,USW00054770,Spring,2.8,19.4,0.0,,
2025-04-24,USW00054770,,,,USW00054770,Spring,1.1,22.8,1.3,,
2025-04-25,USW00054770,,,,USW00054770,Spring,7.8,20.6,1.3,,
2025-03-30,USW00054791,,,,USW00054791,Spring,-0.5,2.2,4.6,,
2025-03-31,USW00054791,,,,USW00054791,Spring,1.1,13.3,3.0,,
2025-04-01,USW00054791,,,,USW00054791,Spring,-1.0,13.9,5.8,,
2025-04-02,USW00054791,,,,USW00054791,Spring,-2.7,7.2,2.5,,
2025-04-03,USW00054791,,,,USW00054791,Spring,0.0,10.0,15.5,,
2025-04-04,USW00054791,,,,USW00054791,Spring,3.9,16.7,0.0,,
2025-04-05,USW00054791,,,,USW00054791,Spring,0.6,5.0,6.4,,
2025-04-06,USW00054791,,,,USW00054791,Spring,2.8,12.8,4.6,,
2025-04-07,USW00054791,,,,USW00054791,Spring,1.7,6.1,0.5,,
2025-04-08,USW00054791,,,,USW00054791,Spring,-3.2,5.0,2.0,,
2025-04-09,USW00054791,,,,USW00054791,Spring,-3.2,7.2,0.0,,
2025-04-10,USW00054791,,,,USW00054791,Spring,-5.5,10.0,0.0,,
2025-04-11,USW00054791,,,,USW00054791,Spring,0.6,7.2,2.0,,
2025-04-12,USW00054791,,,,USW00054791,Spring,0.6,3.3,12.4,,
2025-04-13,USW00054791,,,,USW00054791,Spring,2.2,7.2,3.6,,
2025-04-14,USW00054791,,,,USW00054791,Spring,1.1,20.0,0.0,,
2025-04-15,USW00054791,,,,USW00054791,Spring,4.4,18.9,11.9,,
2025-04-16,USW00054791,,,,USW00054791,Spring,3.9,10.6,0.0,,
2025-04-17,USW00054791,,,,USW00054791,Spring,3.3,13.9,0.0,,
2025-04-18,USW00054791,,,,USW00054791,Spring,-0.5,20.0,0.0,,
2025-04-19,USW00054791,,,,USW00054791,Spring,10.6,27.2,2.8,,
2025-04-20,USW00054791,,,,USW00054791,Spring,3.9,18.3,0.0,,
2025-04-21,USW00054791,,,,USW00054791,Spring,-1.6,14.4,0.0,,
2025-04-22,USW00054791,,,,USW00054791,Spring,5.6,20.0,4.1,,
2025-04-23,USW00054791,,,,USW00054791,Spring,3.3,20.6,0.0,,
2025-04-24,USW00054791,,,,USW00054791,Spring,2.2,22.2,0.5,,
2025-04-25,USW00054791,,,,USW00054791,Spring,8.9,21.7,0.0,,
2025-03-30,USW00054794,,,,USW00054794,Spring,-0.3,3.1,6.8,,
2025-03-31,USW00054794,,,,USW00054794,Spring,1.4,13.5,5.4,,
2025-04-01,USW00054794,,,,USW00054794,Spring,-0.7,14.0,0.3,,
2025-04-02,USW00054794,,,,USW00054794,Spring,-1.8,5.5,2.9,,
2025-04-03,USW00054794,,,,USW00054794,Spring,0.4,9.4,19.2,,
2025-04-04,USW00054794,,,,USW00054794,Spring,3.7,16.5,0.0,,
2025-04-05,USW00054794,,,,USW00054794,Spring,0.3,5.0,7.5,,
2025-04-06,USW00054794,,,,USW00054794,Spring,2.9,11.3,5.2,,
2025-04-07,USW00054794,,,,USW00054794,Spring,1.9,6.4,1.1,,
2025-04-08,USW00054794,,,,USW00054794,Spring,-2.6,4.4,2.6,,
2025-04-09,USW00054794,,,,USW00054794,Spring,-3.0,6.3,0.0,,
2025-04-10,USW00054794,,,,USW00054794,Spring,-5.3,7.8,0.0,,
2025-04-11,USW00054794,,,,USW00054794,Spring,0.3,6.3,2.6,,
2025-04-12,USW00054794,,,,USW00054794,Spring,0.2,3.6,13.8,,
2025-04-13,USW00054794,,,,USW00054794,Spring,2.5,7.0,5.1,,
2025-04-14,USW00054794,,,,USW00054794,Spring,-0.2,19.0,0.0,,
2025-04-15,USW00054794,,,,USW00054794,Spring,4.7,17.1,5.2,,
2025-04-16,USW00054794,,,,USW00054794,Spring,3.6,11.0,0.0,,
2025-04-17,USW00054794,,,,USW00054794,Spring,1.1,13.5,0.0,,
2025-04-18,USW00054794,,,,USW00054794,Spring,-1.8,18.4,0.0,,
2025-04-19,USW00054794,,,,USW00054794,Spring,9.9,26.5,0.6,,
2025-04-20,USW00054794,,,,USW00054794,Spring,4.3,19.7,0.0,,
2025-04-21,USW00054794,,,,USW00054794,Spring,-1.5,11.9,0.0,,
2025-04-22,USW00054794,,,,USW00054794,Spring,5.8,17.4,5.9,,
2025-04-23,USW00054794,,,,USW00054794,Spring,4.5,20.5,0.0,,
2025-04-24,USW00054794,,,,USW00054794,Spring,2.6,18.8,0.5,,
2025-04-25,USW00054794,,,,USW00054794,Spring,7.1,19.9,0.0,,
2025-03-30,USW00054795,,,,USW00054795,Spring,-0.3,3.4,7.0,,
2025-03-31,USW00054795,,,,USW00054795,Spring,1.6,13.1,4.8,,
2025-04-01,USW00054795,,,,USW00054795,Spring,-0.3,13.8,6.5,,
2025-04-02,USW00054795,,,,USW00054795,Spring,-2.5,5.6,3.7,,
2025-04-03,USW00054795,,,,USW00054795,Spring,0.4,9.8,22.4,,
2025-04-04,USW00054795,,,,USW00054795,Spring,4.2,17.0,0.0,,
2025-04-05,USW00054795,,,,USW00054795,Spring,-0.4,5.3,8.0,,
2025-04-06,USW00054795,,,,USW00054795,Spring,3.0,11.3,5.7,,
2025-04-07,USW00054795,,,,USW00054795,Spring,1.7,6.4,1.8,,
2025-04-08,USW00054795,,,,USW00054795,Spring,-2.8,4.3,3.0,,
2025-04-09,USW00054795,,,,USW00054795,Spring,-3.3,6.5,0.0,,
2025-04-10,USW00054795,,,,USW00054795,Spring,-6.0,9.0,0.0,,
2025-04-11,USW00054795,,,,USW00054795,Spring,0.5,6.9,2.5,,
2025-04-12,USW00054795,,,,USW00054795,Spring,0.2,3.8,14.7,,
2025-04-13,USW00054795,,,,USW00054795,Spring,2.6,7.2,4.1,,
2025-04-14,USW00054795,,,,USW00054795,Spring,-1.0,19.0,0.0,,
2025-04-15,USW00054795,,,,USW00054795,Spring,4.9,18.3,6.5,,
2025-04-16,USW00054795,,,,USW00054795,Spring,3.8,10.5,0.0,,
2025-04-17,USW00054795,,,,USW00054795,Spring,1.1,13.7,0.0,,
2025-04-18,USW00054795,,,,USW00054795,Spring,-1.7,19.5,0.0,,
2025-04-19,USW00054795,,,,USW00054795,Spring,10.2,27.1,0.0,,
2025-04-20,USW00054795,,,,USW00054795,Spring,4.0,19.6,0.0,,
2025-04-21,USW00054795,,,,USW00054795,Spring,-1.5,12.6,0.0,,
2025-04-22,USW00054795,,,,USW00054795,Spring,6.0,18.0,5.3,,
2025-04-23,USW00054795,,,,USW00054795,Spring,4.8,20.4,0.0,,
2025-04-24,USW00054795,,,,USW00054795,Spring,2.1,19.4,0.4,,
2025-04-25,USW00054795,,,,USW00054795,Spring,7.3,20.0,0.0,,
2025-03-30,USW00094700,,,,USW00094700,Spring,-4.3,0.6,6.9,,
2025-03-31,USW00094700,,,,USW00094700,Spring,0.6,8.9,9.9,,
2025-04-01,USW00094700,,,,USW00094700,Spring,-4.3,7.2,0.0,,
2025-04-02,USW00094700,,,,USW00094700,Spring,-9.9,5.0,0.3,,
2025-04-03,USW00094700,,,,USW00094700,Spring,-1.6,8.3,12.7,,
2025-04-04,USW00094700,,,,USW00094700,Spring,-1.6,9.4,0.0,,
2025-04-05,USW00094700,,,,USW00094700,Spring,-2.7,4.4,1.5,,
2025-04-06,USW00094700,,,,USW00094700,Spring,-1.0,10.0,2.0,,
2025-04-07,USW00094700,,,,USW00094700,Spring,-1.0,6.1,0.0,,
2025-04-08,USW00094700,,,,USW00094700,Spring,-5.5,1.7,2.8,,
2025-04-09,USW00094700,,,,USW00094700,Spring,-6.6,1.7,0.0,,
2025-04-10,USW00094700,,,,USW00094700,Spring,-10.5,8.9,0.0,,
2025-04-11,USW00094700,,,,USW00094700,Spring,0.0,5.6,0.3,,
2025-04-12,USW00094700,,,,USW00094700,Spring,0.6,3.9,4.1,,
2025-04-13,USW00094700,,,,USW00094700,Spring,1.1,5.0,0.5,,
2025-04-14,USW00094700,,,,USW00094700,Spring,-3.2,16.7,0.0,,
2025-04-15,USW00094700,,,,USW00094700,Spring,0.0,20.0,0.3,,
2025-04-16,USW00094700,,,,USW00094700,Spring,0.6,4.4,0.0,,
2025-04-17,USW00094700,,,,USW00094700,Spring,-0.5,8.9,0.0,,
2025-04-18,USW00094700,,,,USW00094700,Spring,-5.5,18.3,0.0,,
2025-04-19,USW00094700,,,,USW00094700,Spring,6.7,20.0,6.9,,
2025-04-20,USW00094700,,,,USW00094700,Spring,-2.7,13.9,0.3,,
2025-04-21,USW00094700,,,,USW00094700,Spring,-5.5,18.3,0.8,,
2025-04-22,USW00094700,,,,USW00094700,Spring,3.3,20.0,0.0,,
2025-04-23,USW00094700,,,,USW00094700,Spring,-1.7,16.1,0.0,,
2025-04-24,USW00094700,,,,USW00094700,Spring,-3.8,20.0,2.5,,
2025-04-25,USW00094700,,,,USW00094700,Spring,6.1,20.6,0.3,,
2025-03-30,USW00094765,,,,USW00094765,Spring,1.1,2.8,8.9,,
2025-03-31,USW00094765,,,,USW00094765,Spring,1.7,15.0,4.1,,
2025-04-01,USW00094765,,,,USW00094765,Spring,-1.0,11.1,0.8,,
2025-04-02,USW00094765,,,,USW00094765,Spring,-3.8,7.2,0.8,,
2025-04-03,USW00094765,,,,USW00094765,Spring,1.7,10.0,12.2,,
2025-04-04,USW00094765,,,,USW00094765,Spring,1.1,16.1,0.0,,
2025-04-05,USW00094765,,,,USW00094765,Spring,0.6,7.2,7.1,,
2025-04-06,USW00094765,,,,USW00094765,Spring,4.4,13.9,0.8,,
2025-04-07,USW00094765,,,,USW00094765,Spring,2.8,7.8,0.0,,
2025-04-08,USW00094765,,,,USW00094765,Spring,-3.2,4.4,0.8,,
2025-04-09,USW00094765,,,,USW00094765,Spring,-3.8,7.2,0.0,,
2025-04-10,USW00094765,,,,USW00094765,Spring,-7.1,10.0,0.0,,
2025-04-11,USW00094765,,,,USW00094765,Spring,2.8,8.3,0.3,,
2025-04-12,USW00094765,,,,USW00094765,Spring,1.7,5.6,9.1,,
2025-04-13,USW00094765,,,,USW00094765,Spring,0.0,10.0,0.0,,
2025-04-14,USW00094765,,,,USW00094765,Spring,-1.6,21.1,0.0,,
2025-04-15,USW00094765,,,,USW00094765,Spring,6.7,20.6,1.0,,
2025-04-16,USW00094765,,,,USW00094765,Spring,2.2,8.3,0.0,,
2025-04-17,USW00094765,,,,USW00094765,Spring,-2.1,13.9,0.0,,
2025-04-18,USW00094765,,,,USW00094765,Spring,-4.3,20.6,0.0,,
2025-04-19,USW00094765,,,,USW00094765,Spring,10.0,25.6,0.3,,
2025-04-20,USW00094765,,,,USW00094765,Spring,-0.5,18.3,0.0,,
2025-04-21,USW00094765,,,,USW00094765,Spring,-2.1,18.3,0.8,,
2025-04-22,USW00094765,,,,USW00094765,Spring,6.7,21.7,0.0,,
2025-04-23,USW00094765,,,,USW00094765,Spring,1.1,21.1,0.0,,
2025-04-24,USW00094765,,,,USW00094765,Spring,0.6,23.9,1.0,,
2025-04-25,USW00094765,,,,USW00094765,Spring,7.2,22.2,0.0,,
